SET CHAR SET 'utf8';

create table IF NOT EXISTS `SYS_MAJOR`
(
  `MAJOR_NUM`      INT AUTO_INCREMENT
    COMMENT '专业编号',
  `MAJOR_LEVEL`    VARCHAR(100) NOT NULL
    COMMENT '专业分级',
  `MAJOR_CODE`     VARCHAR(10)  NOT NULL
    COMMENT '专业代码',
  `MAJOR_ABBRE`    VARCHAR(100)
    COMMENT '专业简称',
  `MAJOR_CHN`      VARCHAR(100) NOT NULL
    COMMENT '专业中文全称',
  `MAJOR_ENG`      VARCHAR(100) NOT NULL
    COMMENT '专业英文全称',
  `START_DATE`     TIMESTAMP    NOT NULL
    COMMENT '启用时间',
  `IS_DELETE`      INTEGER           DEFAULT '0'
    COMMENT '是否删除',
  `IS_DELETE_TIME` TIMESTAMP    NULL DEFAULT NULL
    COMMENT '删除时间',
  PRIMARY KEY (`MAJOR_NUM`)
)
  COMMENT = '专业分类表';


create table IF NOT EXISTS `SYS_DEGREE`
(
  `DEGREE_NUM` INT AUTO_INCREMENT
    COMMENT '学位编号',
  `DEGREE_CHN` VARCHAR(100) NOT NULL
    COMMENT '中文描述',
  `DEGREE_ENG` VARCHAR(100) NOT NULL
    COMMENT '英文描述',
  `START_DATE` TIMESTAMP    NOT NULL
    COMMENT '启用时间',
  PRIMARY KEY (`DEGREE_NUM`)
)
  COMMENT = '学历表';

create table IF NOT EXISTS SYS_DIPLOMA
(
  DIPLOMA_NUM       INT AUTO_INCREMENT
    COMMENT '学位编号',
  DIPLOMA_CHN       VARCHAR(100) NOT NULL
    COMMENT '中文描述',
  DIPLOMA_ENG       VARCHAR(100) NOT NULL
    COMMENT '英文描述',
  DIPLOMA_ENG_ABBRE VARCHAR(100) NOT NULL
    COMMENT '英文简称',
  START_DATE        TIMESTAMP    NOT NULL
    COMMENT '启用时间',
  PRIMARY KEY (DIPLOMA_NUM)
)
  COMMENT = '学位表';



create table IF NOT EXISTS `SYS_ADVAN_LABEL_CLASS`
(
  `LABEL_ID`          INT AUTO_INCREMENT
    COMMENT '标签编号',
  `LABEL_LEVEL`       INTEGER      NOT NULL
    COMMENT '标签分级',
  `LABEL_CODE`        VARCHAR(20)  NOT NULL
    COMMENT '标签代码',
  `LABEL_PARENT_CODE` VARCHAR(20)  NOT NULL
    COMMENT '上级标签代码',
  `LABEL_CHN`         VARCHAR(100) NOT NULL
    COMMENT '中文描述',
  `LABEL_ENG`         VARCHAR(100) NOT NULL
    COMMENT '英文描述',
  `START_TIME`        TIMESTAMP    NOT NULL
    COMMENT '启用时间',
  `IS_DELETE`         VARCHAR(100) NOT NULL
    COMMENT '是否删除',
  `IS_DELETE_TIME`    TIMESTAMP    NULL DEFAULT NULL
    COMMENT '删除时间',
  PRIMARY KEY (`LABEL_ID`)
)
  COMMENT = '优势标签表';


create table IF NOT EXISTS `SYS_PROF_CLASS`
(
  `PROF_NUM`         INT AUTO_INCREMENT
    COMMENT '职业编号',
  `PROF_LEVEL`       INTEGER      NOT NULL
    COMMENT '职业分级',
  `PROF_CODE`        VARCHAR(20)  NOT NULL
    COMMENT '职业代码',
  `PROF_PARENT_CODE` VARCHAR(20)  NOT NULL
    COMMENT '上级职业代码',
  `PROF_CHN`         VARCHAR(100) NOT NULL
    COMMENT '中文描述',
  `PROF_ENG`         VARCHAR(100)
    COMMENT '英文描述',
  `START_TIME`       TIMESTAMP    NOT NULL
    COMMENT '启用时间',
  `IS_DELETE`        INTEGER           DEFAULT '0'
    COMMENT '是否删除',
  `IS_DELETE_TIME`   TIMESTAMP    NULL DEFAULT NULL
    COMMENT '删除时间',
  PRIMARY KEY (`PROF_NUM`)
)
  COMMENT = '职业信息分类表';


create table IF NOT EXISTS `SYS_IND_CLASS`
(
  `IND_NUM`         INT AUTO_INCREMENT
    COMMENT '行业编号',
  `IND_CODE`        VARCHAR(10)  NOT NULL
    COMMENT '行业代码',
  `IND_CHN`         VARCHAR(100) NOT NULL
    COMMENT '行业中文名称',
  `IND_ENG`         VARCHAR(100) NOT NULL
    COMMENT '行业英文名称',
  `IND_LEVEL`       INTEGER      NOT NULL
    COMMENT '行业分类级别',
  `IND_PARENT_CODE` VARCHAR(10)  NOT NULL
    COMMENT '上级行业代码',
  `START_TIME`      TIMESTAMP    NOT NULL
    COMMENT '启用时间',
  `IS_DELETE`       INTEGER           DEFAULT '0'
    COMMENT '是否删除',
  `IS_DELETE_TIME`  TIMESTAMP    NULL DEFAULT NULL
    COMMENT '删除时间',
  PRIMARY KEY (`IND_NUM`)
)
  COMMENT = '行业信息分类表';


create table IF NOT EXISTS `SYS_COMPANY_SCALE`
(
  `SCALE_NUM`  INT AUTO_INCREMENT
    COMMENT '规模编号',
  `SCALE_CHN`  VARCHAR(100) NOT NULL
    COMMENT '中文描述',
  `SCALE_ENG`  VARCHAR(100) NOT NULL
    COMMENT '英文描述',
  `START_TIME` TIMESTAMP    NOT NULL
    COMMENT '启用时间',
  PRIMARY KEY (`SCALE_NUM`)
)
  COMMENT = '企业规模表';


create table IF NOT EXISTS `SYS_COMPANY_NATURE`
(
  `NATURE_NUM`    INT AUTO_INCREMENT
    COMMENT '性质编号',
  `NATURE_CHN`    VARCHAR(100) NOT NULL
    COMMENT '中文描述',
  `NATURE_ENG`    VARCHAR(100) NOT NULL
    COMMENT '英文描述',
  `NATURE_DETAIL` VARCHAR(100) DEFAULT NULL
    COMMENT '性质细化',
  `START_TIME`    TIMESTAMP    NOT NULL
    COMMENT '启用时间',
  PRIMARY KEY (`NATURE_NUM`)
)
  COMMENT = '企业性质表';


create table IF NOT EXISTS `SYS_COUNTRY`
(
  `COUNTRY_ABBRE`  VARCHAR(10)  NOT NULL
    COMMENT '国家简称',
  `COUNTRY_CHN`    VARCHAR(100) NOT NULL
    COMMENT '中文描述',
  `COUNTRY_ENG`    VARCHAR(100) NOT NULL
    COMMENT '英文描述',
  `START_TIME`     TIMESTAMP    NOT NULL
    COMMENT '启用时间',
  `IS_DELETE`      INTEGER           DEFAULT '0'
    COMMENT '是否删除',
  `IS_DELETE_TIME` TIMESTAMP    NULL DEFAULT NULL
    COMMENT '删除时间',
  PRIMARY KEY (`COUNTRY_ABBRE`)
)
  COMMENT = '国别表';


create table IF NOT EXISTS `SYS_CHN_REGION`
(
  `REGION_ID`         INT AUTO_INCREMENT
    COMMENT '区划ID',
  `REGION_NUM`        VARCHAR(10)  NOT NULL
    COMMENT '区划编号',
  `REGION_CHN`        VARCHAR(50)  NOT NULL
    COMMENT '中文描述',
  `REGION_FULLCHN`    VARCHAR(100) NOT NULL
    COMMENT '中文全称',
  `REGION_ENG`        VARCHAR(100) NOT NULL
    COMMENT '英文描述',
  `REGION_LEVEL`      INTEGER      NOT NULL
    COMMENT '行政区划级别',
  `REGION_PARENT_NUM` INTEGER      NOT NULL
    COMMENT '上级区划代码',
  `START_TIME`        TIMESTAMP    NOT NULL
    COMMENT '启用时间',
  `IS_DELETE`         INTEGER           DEFAULT '0'
    COMMENT '是否删除',
  `IS_DELETE_TIME`    TIMESTAMP    NULL DEFAULT NULL
    COMMENT '删除时间',
  PRIMARY KEY (`REGION_ID`)
)
  COMMENT = '中国行政区划表';


create table IF NOT EXISTS `SYS_USA_STATE`
(
  `STATE_ID`       INT AUTO_INCREMENT
    COMMENT '州ID',
  `STATE_CHN`      VARCHAR(100) NOT NULL
    COMMENT '中文描述',
  `STATE_ENG`      VARCHAR(100) NOT NULL
    COMMENT '英文描述',
  `STATE_ABBRE`    VARCHAR(10)
    COMMENT '州简写',
  `START_TIME`     TIMESTAMP    NOT NULL
    COMMENT '启用时间',
  `IS_DELETE`      INTEGER           DEFAULT '0'
    COMMENT '是否删除',
  `IS_DELETE_TIME` TIMESTAMP    NULL DEFAULT NULL
    COMMENT '删除时间',
  PRIMARY KEY (`STATE_ID`)
)
  COMMENT = '美国州表';


##美国邮编表
create table IF NOT EXISTS `SYS_USA_ZIPCODE`
(
  `REGION_ID`      INT AUTO_INCREMENT COMMENT '区划ID',
  `ZIP_CODE`       VARCHAR(10)  NOT NULL COMMENT 'ZIPCODE',
  `REGION_CHN`     VARCHAR(100) COMMENT '中文描述',
  `REGION_ENG`     VARCHAR(100) NOT NULL COMMENT '英文描述',
  `REGION_CITY`    VARCHAR(100) COMMENT '所属城市',
  `STATE_ID`       INTEGER COMMENT '所属州ID',
  `START_TIME`     TIMESTAMP    NOT NULL COMMENT '启用时间',
  `IS_DELETE`      INTEGER           DEFAULT '0' COMMENT '是否删除',
  `IS_DELETE_TIME` TIMESTAMP    NULL DEFAULT NULL COMMENT '删除时间',
  PRIMARY KEY (`REGION_ID`)
) COMMENT = '美国邮编表';


create table IF NOT EXISTS `SYS_PERMISSION`
(
  `PERMI_ID`          INT AUTO_INCREMENT
    COMMENT '权限ID',
  `PERMI_FUNCTION`    VARCHAR(100) NOT NULL
    COMMENT '权限功能',
  `PERMI_DESCRPTIPON` VARCHAR(100) NOT NULL
    COMMENT '权限描述',
  `PERMI_TYPE`        INTEGER      NOT NULL
    COMMENT '权限类型',
  `IS_DELETE`         INTEGER           DEFAULT '0'
    COMMENT '是否删除',
  `IS_DELETE_TIME`    TIMESTAMP    NULL DEFAULT NULL
    COMMENT '删除时间',
  PRIMARY KEY (`PERMI_ID`)
)
  COMMENT = '系统权限表';


##角色权限表
create table IF NOT EXISTS `SYS_ROLE_PERMISSION`
(
  `ROLE_ID`        INTEGER   NOT NULL COMMENT '角色ID',
  `PERMI_ID`       INTEGER   NOT NULL COMMENT '权限ID',
  `STRAT_TIME`     TIMESTAMP NOT NULL COMMENT '启用时间',
  `IS_DELETE`      INTEGER        DEFAULT '0' COMMENT '是否删除',
  `IS_DELETE_TIME` TIMESTAMP NULL DEFAULT NULL COMMENT '删除时间',
  PRIMARY KEY (`ROLE_ID`, `PERMI_ID`)
) COMMENT = '角色权限表';


create table IF NOT EXISTS `SYS_ROLE`
(
  `ROLE_ID`          INT AUTO_INCREMENT
    COMMENT '角色ID',
  `ROLE_DESCRPTIPON` VARCHAR(100) NOT NULL
    COMMENT '角色描述',
  `IS_DELETE`        INTEGER           DEFAULT '0'
    COMMENT '是否删除',
  `IS_DELETE_TIME`   TIMESTAMP    NULL DEFAULT NULL
    COMMENT '删除时间',
  PRIMARY KEY (`ROLE_ID`)
)
  COMMENT = '系统角色表';


##用户角色表
create table IF NOT EXISTS `SYS_USER_ROLE`
(
  `USER_ID`        INTEGER   NOT NULL COMMENT '用户ID',
  `ROLE_ID`        INTEGER   NOT NULL COMMENT '角色ID',
  `STRAT_TIME`     TIMESTAMP NOT NULL COMMENT '启用时间',
  `IS_DELETE`      INTEGER        DEFAULT '0' COMMENT '是否删除',
  `IS_DELETE_TIME` TIMESTAMP NULL DEFAULT NULL COMMENT '删除时间',
  PRIMARY KEY (`USER_ID`, `ROLE_ID`)
) COMMENT = '用户角色表';


create table IF NOT EXISTS `SYS_USER`
(
  USER_ID int auto_increment comment '用户ID'
    primary key,
  USER_PASS varchar(200) not null comment '密码',
  USER_REGIST_TIME timestamp not null comment '注册时间',
  USER_FIRST_NAME varchar(200) not null comment '姓',
  USER_LAST_NAME varchar(200) not null comment '名',
  USER_GENDER varchar(10) not null comment '性别',
  USER_NATION varchar(10) not null comment '国别',
  USER_MAIL varchar(200) not null comment '邮箱',
  USER_PHONE varchar(200) not null comment '手机',
  USER_PHOTO varchar(200) null comment '照片',
  USER_LOCATION int null comment '所在地',
  USER_NICKNAME varchar(200) null comment '昵称',
  USER_ON_JOB int not null comment '是否在职',
  IS_DELETE int default 0 null comment '是否删除',
  IS_DELETE_TIME timestamp null comment '删除时间',
  MAIL_VERIFY int default 0 not null comment '邮箱是否验证',
  PHONE_VERIFY int default 0 not null comment '手机是否验证',
  USER_DATE_OF_BIRTH date default '1970-01-01' not null
)
  comment '用户注册信息表';




##用户在职信息表
create table IF NOT EXISTS `SYS_USER_ON_JOB`
(
  `USER_ID`           INTEGER   NOT NULL COMMENT '用户ID',
  `COMPANY_ID`        INTEGER   NOT NULL COMMENT '企业ID',
  `ON_JOB_START_TIME` DATE COMMENT '工作起始时间',
  `ON_JOB_VERIFY`     INTEGER   NOT NULL COMMENT '在职验证',
  `VERIFY_TIME`       TIMESTAMP NOT NULL COMMENT '验证时间',
  `IS_DELETE`         INTEGER        DEFAULT '0' COMMENT '是否删除',
  `IS_DELETE_TIME`    TIMESTAMP NULL DEFAULT NULL COMMENT '删除时间',
  PRIMARY KEY (`USER_ID`)
) COMMENT = '用户在职信息表';



create table IF NOT EXISTS `SYS_HR_CONFIGURATION`
(
  `USER_ID`                  INTEGER
    COMMENT '用户ID',
  `CONFIG_RECEIVE_APPLICANT` INTEGER NOT NULL DEFAULT '1'
    COMMENT '是否接受推荐应聘者',
  PRIMARY KEY (`USER_ID`)
)
  COMMENT = '招聘者个人设置表';


##应聘者个人设置表
create table IF NOT EXISTS `SYS_STU_CONFIGURATION`
(
  `USER_ID`                    INTEGER COMMENT '用户ID',
  `CONFIG_CV_VISIBLE`          INTEGER   NOT NULL COMMENT '简历屏蔽',
  `CONFIG_RESUME_UPDATE_NOTIF` INTEGER   NOT NULL COMMENT '简历修改提示',
  `CONFIG_RECEIVE_JOB`         INTEGER   NOT NULL COMMENT '是否接受推荐职位',
  `CONFIG_RECEIVE_EMAIL`       INTEGER   NOT NULL COMMENT '是否接受招聘邮件',
  `CONFIG_BE_SEARCHED`         INTEGER   NOT NULL COMMENT '通过搜索找到我',
  `CONFIG_BE_EMAILED`          INTEGER   NOT NULL COMMENT '通过邮件找到我',
  `CONFIG_MOMENT`              INTEGER   NOT NULL COMMENT '动态展示',
  `CONFIG_REFER`               INTEGER   NOT NULL COMMENT '能否被提及',
  `CONFIG_PERSON_PRIVACY`      INTEGER   NOT NULL COMMENT '状态隐私',
  `CONFIG_RECEIVE_FRIEND`      INTEGER   NOT NULL COMMENT '是否接受好友推荐',
  `IS_DELETE`                  INTEGER        DEFAULT '0' COMMENT '是否删除',
  `IS_DELETE_TIME`             TIMESTAMP NULL DEFAULT NULL COMMENT '删除时间',
  PRIMARY KEY (`USER_ID`)
)
  COMMENT = '应聘者个人设置表';


create table IF NOT EXISTS `SYS_NOTIFICATION`
(
  `NOTIFY_ID`      INT AUTO_INCREMENT
    COMMENT '通知ID',
  `NOTIFY_CONTENT` VARCHAR(800) NOT NULL
    COMMENT '通知信息',
  `NOTIFY_TIME`    TIMESTAMP    NOT NULL
    COMMENT '通知时间',
  `NOTIFY_READ`    INTEGER      NOT NULL
    COMMENT '是否阅读',
  `USER_ID`        INTEGER      NOT NULL
    COMMENT '用户ID',
  PRIMARY KEY (`NOTIFY_ID`)
)
  COMMENT = '用户通知表';


##中国学校表
create table IF NOT EXISTS `SYS_UNIVERSITY_CHN`
(
  `UNIVERS_ID`       INTEGER COMMENT '学校ID',
  `UNIVERS_CHN`      VARCHAR(100) NOT NULL COMMENT '中文名称',
  `UNIVERS_ENG`      VARCHAR(100) COMMENT '英文名称',
  `UNIVERS_CODE`     BIGINT COMMENT '学校标识码',
  `UNIVERS_LOCATION` INTEGER COMMENT '学校所在地',
  `UNIVERS_DEPT`     VARCHAR(40) COMMENT '主管部门',
  `UNIVERS_LEVEL`    VARCHAR(20) COMMENT '办学层次',
  `START_TIME`       TIMESTAMP    NOT NULL COMMENT '启用时间',
  `IS_DELETE`        INTEGER           DEFAULT '0' COMMENT '是否删除',
  `IS_DELETE_TIME`   TIMESTAMP    NULL DEFAULT NULL COMMENT '删除时间',
  PRIMARY KEY (`UNIVERS_ID`)
) COMMENT = '中国学校表';


##美国学校表
create table IF NOT EXISTS `SYS_UNIVERSITY_USA`
(
  `UNIVERS_ID`       INTEGER COMMENT '学校ID',
  `UNIVERS_CHN`      VARCHAR(100) COMMENT '中文名称',
  `UNIVERS_ENG`      VARCHAR(100) NOT NULL COMMENT '英文名称',
  `UNIVERS_STATE`    VARCHAR(10) COMMENT '学校所在州',
  `UNIVERS_STATE_ID` INTEGER COMMENT '学校所在州ID',
  `UNIVERS_CITY`     VARCHAR(20) COMMENT '学校所在城市',
  `UNIVERS_ZIPCODE`  INTEGER COMMENT '学校ZIPCODE',
  `START_TIME`       TIMESTAMP    NOT NULL COMMENT '启用时间',
  `IS_DELETE`        INTEGER           DEFAULT '0' COMMENT '是否删除',
  `IS_DELETE_TIME`   TIMESTAMP    NULL DEFAULT NULL COMMENT '删除时间',
  PRIMARY KEY (`UNIVERS_ID`)
) COMMENT = '美国学校表';


##英国学校表
create table IF NOT EXISTS `SYS_UNIVERSITY_GBR`
(
  `UNIVERS_ID`      INTEGER COMMENT '学校ID',
  `UNIVERS_CHN`     VARCHAR(100) COMMENT '中文名称',
  `UNIVERS_ENG`     VARCHAR(100) NOT NULL COMMENT '英文名称',
  `UNIVERS_CITY`    VARCHAR(20) COMMENT '学校所在城市',
  `UNIVERS_ZIPCODE` VARCHAR(10) COMMENT '学校ZIPCODE',
  `START_TIME`      TIMESTAMP    NOT NULL COMMENT '启用时间',
  `IS_DELETE`       INTEGER           DEFAULT '0' COMMENT '是否删除',
  `IS_DELETE_TIME`  TIMESTAMP    NULL DEFAULT NULL COMMENT '删除时间',
  PRIMARY KEY (`UNIVERS_ID`)
) COMMENT = '英国学校表';


##加拿大学校表
create table IF NOT EXISTS `SYS_UNIVERSITY_CAN`
(
  `UNIVERS_ID`      INTEGER COMMENT '学校ID',
  `UNIVERS_CHN`     VARCHAR(100) COMMENT '中文名称',
  `UNIVERS_ENG`     VARCHAR(100) NOT NULL COMMENT '英文名称',
  `UNIVERS_STATE`   VARCHAR(40) COMMENT '学校所在省',
  `UNIVERS_CITY`    VARCHAR(20) COMMENT '学校所在城市',
  `UNIVERS_ZIPCODE` VARCHAR(20) COMMENT '学校ZIPCODE',
  `START_TIME`      TIMESTAMP    NOT NULL COMMENT '启用时间',
  `IS_DELETE`       INTEGER           DEFAULT '0' COMMENT '是否删除',
  `IS_DELETE_TIME`  TIMESTAMP    NULL DEFAULT NULL COMMENT '删除时间',
  PRIMARY KEY (`UNIVERS_ID`)
) COMMENT = '加拿大学校表';


##USNEWS学校排名表
create table IF NOT EXISTS `SYS_UNIVERSITY_RANK_USNEWS`
(
  `UNIVERS_ID`      INTEGER COMMENT '学校ID',
  `UNIVERS_CHN`     VARCHAR(200) COMMENT '中文名称',
  `UNIVERS_ENG`     VARCHAR(200) NOT NULL COMMENT '英文名称',
  `UNIVERS_COUNTRY` VARCHAR(10)  NOT NULL COMMENT '学校国别',
  `UNIVERS_RANK`    INTEGER COMMENT '学校排名',
  `RANK_POINT`      FLOAT COMMENT '排名评分',
  `RANK_YEAR`       INTEGER COMMENT '排名年份',
  `RANK_LAST_YEAR`  INTEGER COMMENT '上年排名',
  PRIMARY KEY (`UNIVERS_ID`)
) COMMENT = 'USNEWS学校排名表';


##TIMES学校排名表
create table IF NOT EXISTS `SYS_UNIVERSITY_RANK_TIMES`
(
  `UNIVERS_ID`      INTEGER COMMENT '学校ID',
  `UNIVERS_CHN`     VARCHAR(200) COMMENT '中文名称',
  `UNIVERS_ENG`     VARCHAR(200) NOT NULL COMMENT '英文名称',
  `UNIVERS_COUNTRY` VARCHAR(10)  NOT NULL COMMENT '学校国别',
  `UNIVERS_RANK`    INTEGER COMMENT '学校排名',
  `RANK_POINT`      FLOAT COMMENT '排名评分',
  `RANK_YEAR`       INTEGER COMMENT '排名年份',
  `RANK_LAST_YEAR`  INTEGER COMMENT '上年排名',
  PRIMARY KEY (`UNIVERS_ID`)
) COMMENT = 'TIMES学校排名表';


##QS学校排名表
create table IF NOT EXISTS `SYS_UNIVERSITY_RANK_QS`
(
  `UNIVERS_ID`      INTEGER COMMENT '学校ID',
  `UNIVERS_CHN`     VARCHAR(200) COMMENT '中文名称',
  `UNIVERS_ENG`     VARCHAR(200) NOT NULL COMMENT '英文名称',
  `UNIVERS_COUNTRY` VARCHAR(10)  NOT NULL COMMENT '学校国别',
  `UNIVERS_RANK`    INTEGER COMMENT '学校排名',
  `RANK_POINT`      FLOAT COMMENT '排名评分',
  `RANK_YEAR`       INTEGER COMMENT '排名年份',
  `RANK_LAST_YEAR`  INTEGER COMMENT '上年排名',
  PRIMARY KEY (`UNIVERS_ID`)
) COMMENT = 'QS学校排名表';


##世界五百强
create table IF NOT EXISTS `SYS_TOP_COMPANY_WORLD`
(
  `COMPANY_ID`      INTEGER COMMENT '公司ID',
  `COMPANY_CHN`     VARCHAR(200) COMMENT '中文名称',
  `COMPANY_ENG`     VARCHAR(200) COMMENT '英文名称',
  `COMPANY_COUNTRY` VARCHAR(10) COMMENT '企业国别',
  `COMPANY_RANK`    INTEGER COMMENT '企业排名',
  `RANK_YEAR`       INTEGER COMMENT '排名年份',
  `RANK_LAST_YEAR`  INTEGER COMMENT '上年排名',
  PRIMARY KEY (`COMPANY_ID`)
) COMMENT = '世界五百强';


##媒体文件名称表
create table IF NOT EXISTS `SYS_MEDIA_DOCUMENT`
(
  `DOCU_ID`            INT AUTO_INCREMENT COMMENT '文件编号',
  `DOCU_LOCAL_ID`      VARCHAR(100) NOT NULL COMMENT '本地文件编号',
  `DOCU_LOCAL_NAME`    VARCHAR(100) NOT NULL COMMENT '文件名称',
  `DOCU_LOCAL_FORMAT`  VARCHAR(10)  NOT NULL COMMENT '文件格式',
  `DOCU_LOCAL_SIZE`    VARCHAR(100) NOT NULL COMMENT '文件大小(MB)',
  `DOCU_SERVER_ALI_ID` VARCHAR(100) COMMENT '服务器1文件编号',
  `DOCU_SERVER_AWS_ID` VARCHAR(100) COMMENT '服务器2文件编号',
  `CREATE_TIME`        TIMESTAMP    NOT NULL COMMENT '生成时间',
  `UPLOAD_USER_ID`     INTEGER      NOT NULL COMMENT '上传人ID',
  `IS_DELETE`          INTEGER           DEFAULT '0' COMMENT '是否删除',
  `IS_DELETE_TIME`     TIMESTAMP    NULL DEFAULT NULL COMMENT '删除时间',
  PRIMARY KEY (`DOCU_ID`)
) COMMENT = '媒体文件名称表';


#######################################视图###############################################
CREATE OR REPLACE VIEW `COUNTRY_LOCATION` AS
  SELECT A.`REGION_ID`      AS `REGION_ID`,
         A.`REGION_NUM`     AS `REGION_NUM`,
         A.`REGION_FULLCHN` AS `REGION_NAME`,
         'CHN'              AS `COUNTRY`,
         '中国'               AS `COUNTRY_CHN`
  FROM youthchina.`SYS_CHN_REGION` A
  UNION
  SELECT B.`REGION_ID`  AS `REGION_ID`,
         B.`ZIP_CODE`   AS `REGION_NUM`,
         B.`REGION_ENG` AS `REGION_NAME`,
         'USA'          AS `COUNTRY`,
         '美国'           AS `COUNTRY_CHN`
  FROM youthchina.`SYS_USA_ZIPCODE` B;


CREATE OR REPLACE VIEW `COUNTRY_UNIVERSITY` AS
  SELECT A.`UNIVERS_ID`  AS `UNIVERS_ID`,
         A.`UNIVERS_CHN` AS `UNIVERS_NAME`,
         'CHN'           AS `COUNTRY`
  FROM youthchina.`SYS_UNIVERSITY_CHN` A
  UNION
  SELECT A.`UNIVERS_ID`  AS `UNIVERS_ID`,
         A.`UNIVERS_ENG` AS `UNIVERS_NAME`,
         'USA'           AS `COUNTRY`
  FROM youthchina.`SYS_UNIVERSITY_USA` A;


#######################################招聘模块数据表###############################################

##应聘者教育信息表
create table IF NOT EXISTS `STU_EDU_INFO`
(
  `EDU_ID`           INT AUTO_INCREMENT
    COMMENT '教育ID',
  `EDU_DEGREE`       INTEGER     NOT NULL
    COMMENT '学历编号',
  `EDU_SCHOOL_ID`    INTEGER     NOT NULL
    COMMENT '学校ID',
  `EDU_MAJOR`        VARCHAR(10) NOT NULL
    COMMENT '专业',
  `EDU_COLLEGE`      VARCHAR(200) COMMENT '学院（选填）',
  `EDU_GPA`          FLOAT COMMENT 'GPA（选填）',
  `EDU_DIPLOMA_TYPE` INTEGER COMMENT '学位类型（选填）',
  `EDU_START`        DATE        NOT NULL
    COMMENT '入学时间',
  `EDU_END`          DATE        NOT NULL
    COMMENT '毕业时间',
  `STU_ID`           INTEGER     NOT NULL
    COMMENT '应聘者ID',
  `IS_DELETE`        INTEGER          DEFAULT '0'
    COMMENT '是否删除',
  `IS_DELETE_TIME`   TIMESTAMP   NULL DEFAULT NULL
    COMMENT '删除时间',
  PRIMARY KEY (`EDU_ID`)
)
  COMMENT = '应聘者教育信息表';


create table IF NOT EXISTS `STU_SUB_INFO`
(
  `SUB_ID`           INT AUTO_INCREMENT
    COMMENT '附加信息ID',
  `SUB_COURSE`       VARCHAR(200) COMMENT '相关课程信息',
  `SUB_HONOR`        VARCHAR(200) COMMENT '相关荣誉',
  `SUB_AWARD`        VARCHAR(200) COMMENT '相关奖项',
  `SUB_SKILL`        VARCHAR(200) COMMENT '相关技能',
  `SUB_FOREIGN`      VARCHAR(200) COMMENT '外语语言',
  `SUB_INTEREST`     VARCHAR(200) COMMENT '兴趣特长',
  `SUB_INTRODUCTION` VARCHAR(400) COMMENT '自我介绍',
  `STU_ID`           INTEGER   NOT NULL
    COMMENT '用户ID',
  `IS_DELETE`        INTEGER        DEFAULT '0'
    COMMENT '是否删除',
  `IS_DELETE_TIME`   TIMESTAMP NULL DEFAULT NULL
    COMMENT '删除时间',
  PRIMARY KEY (`SUB_ID`)
)
  COMMENT = '应聘者附加信息表';


##应聘者技能证书表
create table IF NOT EXISTS `STU_CERTIFICATE`
(
  `CERTIFICATE_ID`         INT AUTO_INCREMENT
    COMMENT '证书ID',
  `CERTIFICATE_NAME`       VARCHAR(200) NOT NULL
    COMMENT '证书名称',
  `CERTIFICATE_INSTI`      VARCHAR(200) NOT NULL
    COMMENT '证书颁发机构',
  `INSTI_COUNTRY`          VARCHAR(10)  NOT NULL
    COMMENT '机构国别',
  `CERTIFICATE_GRANT_DATE` DATE         NOT NULL
    COMMENT '获得时间',
  `CERTIFICATE_EXPIR_DATE` DATE
    COMMENT '到期时间',
  `DOCU_LOCAL_ID`          VARCHAR(100)      DEFAULT NULL
    COMMENT '本地文件编号',
  `STU_ID`                 INTEGER      NOT NULL
    COMMENT '用户ID',
  `IS_DELETE`              INTEGER           DEFAULT '0'
    COMMENT '是否删除',
  `IS_DELETE_TIME`         TIMESTAMP    NULL DEFAULT NULL
    COMMENT '删除时间',
  PRIMARY KEY (`CERTIFICATE_ID`)
)
  COMMENT = '技能证书表';


##应聘者相关项目表
create table IF NOT EXISTS `STU_PROJECT`
(
  `PROJ_ID`           INT AUTO_INCREMENT
    COMMENT '项目ID',
  `PROJ_INSTITUTE`    VARCHAR(200)
    COMMENT '项目所属机构',
  `INSTI_COUNTRY`     VARCHAR(10)
    COMMENT '机构国别',
  `PROJ_NAME`         VARCHAR(200) NOT NULL
    COMMENT '项目名称',
  `PROJ_ROLE`         VARCHAR(200) NOT NULL
    COMMENT '担任角色',
  `PROJ_START_TIME`   DATE         NOT NULL
    COMMENT '项目开始时间',
  `PROJ_END_TIME`     DATE         NOT NULL
    COMMENT '项目结束时间',
  `PROJ_DELIVER`      VARCHAR(200)
    COMMENT '项目成果',
  `DELIVER_PUBLISH`   INTEGER
    COMMENT '成果是否发表',
  `DELIVER_PUB_INSTI` VARCHAR(200)
    COMMENT '发表机构',
  `STU_ID`            INTEGER      NOT NULL
    COMMENT '应聘者ID',
  `IS_DELETE`         INTEGER           DEFAULT '0'
    COMMENT '是否删除',
  `IS_DELETE_TIME`    TIMESTAMP    NULL DEFAULT NULL
    COMMENT '删除时间',
  PRIMARY KEY (`PROJ_ID`)
)
  COMMENT = '相关项目表';


##应聘者工作经验表
create table IF NOT EXISTS `STU_WORK`
(
  `WORK_ID`         INT AUTO_INCREMENT
    COMMENT '工作ID',
  `WORK_COMPANY`    VARCHAR(200) NOT NULL
    COMMENT '工作公司名称',
  `WORK_LOCATION`   INTEGER
    COMMENT '工作所在城市',
  `WORK_POSITION`   VARCHAR(200) NOT NULL
    COMMENT '工作职位',
  `WORK_SECTOR`     VARCHAR(200)
    COMMENT '所在部门（选填）',
  `WORK_START_TIME` DATE         NOT NULL
    COMMENT '开始时间',
  `WORK_END_TIME`   DATE         NOT NULL
    COMMENT '结束时间',
  `WORK_DUTY`       VARCHAR(200) NOT NULL
    COMMENT '工作内容',
  `WORK_NATURE`     INTEGER      NOT NULL
    COMMENT '工作性质',
  `STU_ID`          INTEGER      NOT NULL
    COMMENT '应聘者ID',
  `IS_DELETE`       INTEGER           DEFAULT '0'
    COMMENT '是否删除',
  `IS_DELETE_TIME`  TIMESTAMP    NULL DEFAULT NULL
    COMMENT '删除时间',
  PRIMARY KEY (`WORK_ID`)
)
  COMMENT = '工作经验表';


##应聘者组织活动表
create table IF NOT EXISTS `STU_ACTIVITY`
(
  `ACT_ID`           INT AUTO_INCREMENT
    COMMENT '活动ID',
  `ACT_NAME`         VARCHAR(200) NOT NULL
    COMMENT '活动名称',
  `ACT_ORGANIZATION` VARCHAR(200)
    COMMENT '组织活动单位',
  `ORG_COUNTRY`      VARCHAR(10)
    COMMENT '单位国别',
  `ACT_ROLE`         VARCHAR(200) NOT NULL
    COMMENT '担任角色',
  `ACT_START_TIME`   DATE         NOT NULL
    COMMENT '开始时间',
  `ACT_END_TIME`     DATE         NOT NULL
    COMMENT '结束时间',
  `ACT_DETAIL`       VARCHAR(200) NOT NULL
    COMMENT '活动内容',
  `STU_ID`           INTEGER      NOT NULL
    COMMENT '应聘者ID',
  `IS_DELETE`        INTEGER           DEFAULT '0'
    COMMENT '是否删除',
  `IS_DELETE_TIME`   TIMESTAMP    NULL DEFAULT NULL
    COMMENT '删除时间',
  PRIMARY KEY (`ACT_ID`)
)
  COMMENT = '组织活动表';


create table IF NOT EXISTS `STU_JOB_COLLECT`
(
  `COLLECT_ID`     INT AUTO_INCREMENT
    COMMENT '收藏ID',
  `JOB_ID`         INTEGER   NOT NULL
    COMMENT '职位ID',
  `JOB_COLL_TIME`  TIMESTAMP NOT NULL
    COMMENT '职位收藏时间',
  `STU_ID`         INTEGER   NOT NULL
    COMMENT '用户ID',
  `IS_DELETE`      INTEGER        DEFAULT '0'
    COMMENT '是否删除',
  `IS_DELETE_TIME` TIMESTAMP NULL DEFAULT NULL
    COMMENT '删除时间',
  PRIMARY KEY (`COLLECT_ID`)
)
  COMMENT = '职位信息收藏表';


create table IF NOT EXISTS `STU_COMP_COLLECT`
(
  `COLLECT_ID`        INT AUTO_INCREMENT
    COMMENT '收藏ID',
  `COMPANY_ID`        INTEGER   NOT NULL
    COMMENT '企业ID',
  `COMPANY_COLL_TIME` TIMESTAMP NOT NULL
    COMMENT '企业收藏时间',
  `STU_ID`            INTEGER   NOT NULL
    COMMENT '用户ID',
  `IS_DELETE`         INTEGER        DEFAULT '0'
    COMMENT '是否删除',
  `IS_DELETE_TIME`    TIMESTAMP NULL DEFAULT NULL
    COMMENT '删除时间',
  PRIMARY KEY (`COLLECT_ID`)
)
  COMMENT = '企业信息收藏表';


create table IF NOT EXISTS `STU_ADVAN_LABEL`
(
  `LABEL_ID`       INT AUTO_INCREMENT
    COMMENT '标签ID',
  `LABEL_CODE`     VARCHAR(20) NOT NULL
    COMMENT '优势标签',
  `STU_ID`         INTEGER     NOT NULL
    COMMENT '用户ID',
  `IS_DELETE`      INTEGER          DEFAULT '0'
    COMMENT '是否删除',
  `IS_DELETE_TIME` TIMESTAMP   NULL DEFAULT NULL
    COMMENT '删除时间',
  PRIMARY KEY (`LABEL_ID`)
)
  COMMENT = '应聘者优势标签表';


##应聘者意向城市表
create table IF NOT EXISTS `STU_PREFER_CITY`
(
  `PRE_CITY_ID`    INT AUTO_INCREMENT
    COMMENT '意向ID',
  `PRE_REGION_NUM` INTEGER   NOT NULL
    COMMENT '意向城市',
  `STU_ID`         INTEGER   NOT NULL
    COMMENT '用户ID',
  `IS_DELETE`      INTEGER        DEFAULT '0'
    COMMENT '是否删除',
  `IS_DELETE_TIME` TIMESTAMP NULL DEFAULT NULL
    COMMENT '删除时间',
  PRIMARY KEY (`PRE_CITY_ID`)
)
  COMMENT = '应聘者意向城市表';


create table IF NOT EXISTS `STU_PREFER_INDUSTRY`
(
  `PRE_IND_ID`     INT AUTO_INCREMENT
    COMMENT '意向ID',
  `PRE_IND_CODE`   VARCHAR(10) NOT NULL
    COMMENT '意向行业',
  `STU_ID`         INTEGER     NOT NULL
    COMMENT '用户ID',
  `IS_DELETE`      INTEGER          DEFAULT '0'
    COMMENT '是否删除',
  `IS_DELETE_TIME` TIMESTAMP   NULL DEFAULT NULL
    COMMENT '删除时间',
  PRIMARY KEY (`PRE_IND_ID`)
)
  COMMENT = '应聘者意向行业表';


##应聘者意向职位表
create table IF NOT EXISTS `STU_PREFER_PROF`
(
  `PRE_PROF_ID`    INT AUTO_INCREMENT
    COMMENT '意向ID',
  `PRE_PROF_CODE`  VARCHAR(20) NOT NULL
    COMMENT '意向职位代码',
  `PRE_AVAIL_TIME` DATE        NOT NULL
    COMMENT '预计到岗时间',
  `STU_ID`         INTEGER     NOT NULL
    COMMENT '用户ID',
  `IS_DELETE`      INTEGER          DEFAULT '0'
    COMMENT '是否删除',
  `IS_DELETE_TIME` TIMESTAMP   NULL DEFAULT NULL
    COMMENT '删除时间',
  PRIMARY KEY (`PRE_PROF_ID`)
)
  COMMENT = '应聘者意向职位表';


##应聘者意向工作类型表
create table IF NOT EXISTS `STU_PREFER_JOB_TYPE`
(
  `PRE_TYPE_ID`    INT AUTO_INCREMENT
    COMMENT '意向ID',
  `JOB_TYPE`       INTEGER   NOT NULL
    COMMENT '职位性质',
  `PRE_PROF_ID`    INTEGER   NOT NULL
    COMMENT '意向职位ID',
  `STU_ID`         INTEGER   NOT NULL
    COMMENT '用户ID',
  `IS_DELETE`      INTEGER        DEFAULT '0'
    COMMENT '是否删除',
  `IS_DELETE_TIME` TIMESTAMP NULL DEFAULT NULL
    COMMENT '删除时间',
  PRIMARY KEY (`PRE_TYPE_ID`)
)
  COMMENT = '应聘者意向工作类型表';


##应聘者意向薪资表
create table IF NOT EXISTS `STU_PREFER_SALARY`
(
  `PRE_SALA_ID`    INT AUTO_INCREMENT
    COMMENT '薪资ID',
  `PRE_SALA_FLOOR` INTEGER
    COMMENT '意向薪资下限',
  `PRE_SALA_CAP`   INTEGER
    COMMENT '意向薪资上限',
  `PRE_PROF_ID`    INTEGER   NOT NULL
    COMMENT '意向职位ID',
  `STU_ID`         INTEGER   NOT NULL
    COMMENT '用户ID',
  `IS_DELETE`      INTEGER        DEFAULT '0'
    COMMENT '是否删除',
  `IS_DELETE_TIME` TIMESTAMP NULL DEFAULT NULL
    COMMENT '删除时间',
  PRIMARY KEY (`PRE_SALA_ID`)
)
  COMMENT = '应聘者意向薪资表';


create table IF NOT EXISTS `STU_INTRODUCTION_VIDEO`
(
  `INTRO_VIDEO_ID`   INT AUTO_INCREMENT
    COMMENT '视频ID',
  `INTRO_VIDEO_PATH` VARCHAR(400) NOT NULL
    COMMENT '视频存储路径',
  `STU_ID`           INTEGER      NOT NULL
    COMMENT '用户ID',
  `IS_DELETE`        INTEGER           DEFAULT '0'
    COMMENT '是否删除',
  `IS_DELETE_TIME`   TIMESTAMP    NULL DEFAULT NULL
    COMMENT '删除时间',
  PRIMARY KEY (`INTRO_VIDEO_ID`)
)
  COMMENT = '应聘者介绍视频表';


create table IF NOT EXISTS `STU_RESUME_TEMPLATE`
(
  `TEMPLATE_ID`    INT AUTO_INCREMENT
    COMMENT '模板ID',
  `TEMPLATE_PATH`  VARCHAR(400) NOT NULL
    COMMENT '模板存储路径',
  `STU_ID`         INTEGER      NOT NULL
    COMMENT '用户ID',
  `TEMPLATE_TIME`  TIMESTAMP    NOT NULL
    COMMENT '模板生成时间',
  `IS_DELETE`      INTEGER           DEFAULT '0'
    COMMENT '是否删除',
  `IS_DELETE_TIME` TIMESTAMP    NULL DEFAULT NULL
    COMMENT '删除时间',
  PRIMARY KEY (`TEMPLATE_ID`)
)
  COMMENT = '应聘者简历模板表';

##简历表
create table IF NOT EXISTS `STU_RESUME`
(
  `RESUME_ID`       INT AUTO_INCREMENT COMMENT '主键ID',
  `RESUME_NAME`     VARCHAR(200) NOT NULL COMMENT '简历文件名',
  `DOCU_LOCAL_ID`   VARCHAR(100) NOT NULL COMMENT '本地文件编号',
  `GENERATE_METHOD` INTEGER      NOT NULL COMMENT '简历生成方式',
  `GENERATE_TIME`   TIMESTAMP    NOT NULL COMMENT '简历生成时间',
  `STU_ID`          INTEGER      NOT NULL COMMENT '用户ID',
  `IS_DELETE`       INTEGER           DEFAULT '0' COMMENT '是否删除',
  `IS_DELETE_TIME`  TIMESTAMP    NULL DEFAULT NULL COMMENT '删除时间',
  PRIMARY KEY (`RESUME_ID`)
) COMMENT = '简历表';
/*##简历存储表
create table IF NOT EXISTS `STU_RESUME`(
`RESUME_ID` INT AUTO_INCREMENT COMMENT '简历ID',
`RESUME_URL` VARCHAR(200) NOT NULL COMMENT '简历上传地址',
`RESUME_UPLOAD_TIME` TIMESTAMP NOT NULL COMMENT '简历上传时间',
`USER_ID` INTEGER NOT NULL COMMENT '用户ID',
`IS_DELETE` INTEGER DEFAULT '0' COMMENT '是否删除',
`IS_DELETE_TIME` TIMESTAMP NULL DEFAULT NULL COMMENT '删除时间',
PRIMARY KEY (`RESUME_ID`)
)COMMENT = '简历存储表';


##应聘者简历上传表
create table IF NOT EXISTS `STU_RESUME_UPLOAD`(
`RESUME_ID` INT AUTO_INCREMENT COMMENT '简历ID',
`RESUME_URL` VARCHAR(200) NOT NULL COMMENT '简历上传地址',
`RESUME_UPLOAD_TIME` TIMESTAMP NOT NULL COMMENT '简历上传时间',
`USER_ID` INTEGER COMMENT '用户ID',
`IS_DELETE` INTEGER DEFAULT '0' COMMENT '是否删除',
`IS_DELETE_TIME` TIMESTAMP NULL DEFAULT NULL COMMENT '删除时间',
PRIMARY KEY (`RESUME_ID`)
)COMMENT = '应聘者简历上传表';


##应聘者简历生成表
create table IF NOT EXISTS `STU_RESUME_CREATE`(
`RESUME_ID` INT AUTO_INCREMENT COMMENT '简历ID',
`USER_ID` INTEGER NOT NULL COMMENT '用户ID',
`TEMPLATE_TIME` TIMESTAMP NOT NULL COMMENT '生成时间',
`IS_DELETE` INTEGER DEFAULT '0' COMMENT '是否删除',
`IS_DELETE_TIME` TIMESTAMP NULL DEFAULT NULL COMMENT '删除时间',
PRIMARY KEY (`RESUME_ID`)
)COMMENT = '应聘者简历生成表';*/


##应聘者简历JSON表
create table IF NOT EXISTS `STU_RESUME_JSON`
(
  `RESUME_ID`      INT AUTO_INCREMENT COMMENT '简历ID',
  `JSON_CONTENT`   INTEGER COMMENT '富文本ID',
  `USER_ID`        INTEGER   NOT NULL COMMENT '用户ID',
  `CREATE_TIME`    TIMESTAMP NOT NULL COMMENT '生成时间',
  `IS_DELETE`      INTEGER        DEFAULT '0' COMMENT '是否删除',
  `IS_DELETE_TIME` TIMESTAMP NULL DEFAULT NULL COMMENT '删除时间',
  PRIMARY KEY (`RESUME_ID`)
) COMMENT = '应聘者简历JSON表';


##LOGO表
create table IF NOT EXISTS `COMPANY_JOB_LOGO`
(
  `LOGO_ID`        INT AUTO_INCREMENT
    COMMENT 'LOGO-ID',
  `DOCU_LOCAL_ID`  VARCHAR(200) NOT NULL
    COMMENT '本地文件编号',
  `RELA_TYPE`      INTEGER      NOT NULL
    COMMENT '关联类型',
  `RELA_ID`        INTEGER      NOT NULL
    COMMENT '关联ID',
  `IS_DELETE`      INTEGER           DEFAULT '0'
    COMMENT '是否删除',
  `IS_DELETE_TIME` TIMESTAMP    NULL DEFAULT NULL
    COMMENT '删除时间',
  PRIMARY KEY (`LOGO_ID`)
) COMMENT = 'LOGO表';


##企业基本信息表
create table IF NOT EXISTS `COMPANY_INFO`
(
  `COMPANY_ID`         INT AUTO_INCREMENT
    COMMENT '企业ID',
  `COMPANY_NAME`       VARCHAR(200) NOT NULL
    COMMENT '企业名称',
  `COMPANY_CODE`       VARCHAR(200)
    COMMENT '企业三证号码',
  `COMPANY_COUNTRY`    VARCHAR(10)  NOT NULL
    COMMENT '企业国别',
  `COMPANY_INTRODUC`   VARCHAR(1000)
    COMMENT '企业简介',
  `COMPANY_SCALE_NUM`  INTEGER      NOT NULL
    COMMENT '企业规模',
  `COMPANY_NATURE`     INTEGER      NOT NULL
    COMMENT '企业性质',
  `COMPANY_LOCATION`   VARCHAR(10)  NOT NULL
    COMMENT '企业所在地',
  `COMPANY_MAIL`       VARCHAR(200)
    COMMENT '企业邮箱',
  `COMPANY_WEBSITE`    VARCHAR(200)
    COMMENT '企业官网',
  `COMPANY_START_DATE` DATE
    COMMENT '成立日期',
  `COMPANY_VERIFY`     INTEGER      NOT NULL
    COMMENT '企业认证',
  `USER_ID`            INTEGER      NOT NULL
    COMMENT '录入人ID',
  `ADD_TIME`           TIMESTAMP    NOT NULL
    COMMENT '录入时间',
  `IS_DELETE`          INTEGER           DEFAULT '0'
    COMMENT '是否删除',
  `IS_DELETE_TIME`     TIMESTAMP    NULL DEFAULT NULL
    COMMENT '删除时间',
  PRIMARY KEY (`COMPANY_ID`)
)
  COMMENT = '企业基本信息表';


create table IF NOT EXISTS `COMPANY_INDUSTRY`
(
  `COMPANY_INDUS_ID` INT AUTO_INCREMENT
    COMMENT '企业所属行业ID',
  `COMPANY_IND_CODE` VARCHAR(10) NOT NULL
    COMMENT '行业ID',
  `COMPANY_ID`       INTEGER     NOT NULL
    COMMENT '企业ID',
  `IS_DELETE`        INTEGER          DEFAULT '0'
    COMMENT '是否删除',
  `IS_DELETE_TIME`   TIMESTAMP   NULL DEFAULT NULL
    COMMENT '删除时间',
  PRIMARY KEY (`COMPANY_INDUS_ID`)
)
  COMMENT = '企业所属行业表';


create table IF NOT EXISTS `COMPANY_VERIFICATION`
(
  `VERIFY_ID`       INT AUTO_INCREMENT
    COMMENT '认证ID',
  `VERIFY_TIME`     DATE      NOT NULL
    COMMENT '认证时间',
  `VERIFY_END_TIME` DATE      NOT NULL
    COMMENT '到期时间',
  `OPER_USER_ID`    INTEGER   NOT NULL
    COMMENT '操作人',
  `COMPANY_ID`      INTEGER   NOT NULL
    COMMENT '企业ID',
  `IS_DELETE`       INTEGER        DEFAULT '0'
    COMMENT '是否删除',
  `IS_DELETE_TIME`  TIMESTAMP NULL DEFAULT NULL
    COMMENT '删除时间',
  PRIMARY KEY (`VERIFY_ID`)
)
  COMMENT = '企业认证表';


/*##企业评价表
create table IF NOT EXISTS `COMPANY_EVALUATE`(
`EVALU_ID` INT AUTO_INCREMENT COMMENT '评价ID',
`USER_ID` INTEGER NOT NULL COMMENT '评价用户',
`EVALU_CONTENT` VARCHAR(2000) NOT NULL COMMENT '评价内容',
`EVALU_TIME` TIMESTAMP NOT NULL COMMENT '评价时间',
`COMPANY_ID` INTEGER NOT NULL COMMENT '企业ID',
`IS_DELETE` INTEGER DEFAULT '0' COMMENT '是否删除',
`IS_DELETE_TIME` TIMESTAMP NULL DEFAULT NULL COMMENT '删除时间',
PRIMARY KEY (`EVALU_ID`)
)
COMMENT = '企业评价表';*/


##企业相册表
create table IF NOT EXISTS `COMPANY_PHOTO`
(
  `PHOTO_ID`          INT AUTO_INCREMENT COMMENT '主键ID',
  `DOCU_LOCAL_ID`     VARCHAR(200) NOT NULL COMMENT '图片文件ID',
  `PHOTO_UPLOAD_TIME` TIMESTAMP    NOT NULL COMMENT '上传时间',
  `COMPANY_ID`        INTEGER      NOT NULL COMMENT '企业ID',
  `IS_DELETE`         INTEGER           DEFAULT '0' COMMENT '是否删除',
  `IS_DELETE_TIME`    TIMESTAMP    NULL DEFAULT NULL COMMENT '删除时间',
  PRIMARY KEY (`PHOTO_ID`)
)
  COMMENT = '企业相册表';


##企业在职人员表
create table IF NOT EXISTS `COMPANY_EMPLOYEE`
(
  `EMPLOYEE_ID`     INT AUTO_INCREMENT COMMENT '雇员ID',
  `USER_ID`         INTEGER   NOT NULL COMMENT '用户ID',
  `COMPANY_ID`      INTEGER   NOT NULL COMMENT '企业ID',
  `WORK_START_TIME` DATE      NOT NULL COMMENT '开始时间',
  `WORK_END_TIME`   DATE      NOT NULL COMMENT '结束时间',
  `IS_DELETE`       INTEGER        DEFAULT '0' COMMENT '是否删除',
  `IS_DELETE_TIME`  TIMESTAMP NULL DEFAULT NULL COMMENT '删除时间',
  PRIMARY KEY (`EMPLOYEE_ID`)
)
  COMMENT = '企业在职人员表';


create table IF NOT EXISTS `JOB_INFO`
(
  `JOB_ID`           INT AUTO_INCREMENT
    COMMENT '职位ID',
  `JOB_NAME`         VARCHAR(200) NOT NULL
    COMMENT '职位名称',
  `JOB_PROF_CODE`    VARCHAR(20)  NOT NULL
    COMMENT '职位类别编号',
  `JOB_START_TIME`   DATE         NOT NULL
    COMMENT '职位起始时间',
  `JOB_END_TIME`     DATE         NOT NULL
    COMMENT '职位截止时间',
  `JOB_TYPE`         INTEGER      NOT NULL
    COMMENT '职位性质',
  `JOB_DESCRIPTION`  VARCHAR(400) NOT NULL
    COMMENT '职位描述',
  `JOB_DUTY`         VARCHAR(2000) COMMENT '职责描述',
  `JOB_HIGHLIGHT`    VARCHAR(200) COMMENT '职位亮点',
  `JOB_SALARY_FLOOR` INTEGER COMMENT '职位薪资下限',
  `JOB_SALARY_CAP`   INTEGER COMMENT '职位薪资上限',
  `JOB_LINK`         VARCHAR(500) COMMENT '职位链接',
  `CV_RECEI_MAIL`    VARCHAR(200) NOT NULL
    COMMENT '简历接收邮箱',
  `CV_NAME_RULE`     VARCHAR(200) COMMENT '简历命名规则',
  `JOB_ACTIVE`       INTEGER      NOT NULL
    COMMENT '职位状态',
  `USER_ID`          INTEGER      NOT NULL
    COMMENT '用户ID',
  `COMPANY_ID`       INTEGER      NOT NULL
    COMMENT '企业ID',
  `ADD_TIME`         TIMESTAMP    NOT NULL
    COMMENT '录入时间',
  `IS_DELETE`        INTEGER           DEFAULT '0'
    COMMENT '是否删除',
  `IS_DELETE_TIME`   TIMESTAMP    NULL DEFAULT NULL
    COMMENT '删除时间',
  PRIMARY KEY (`JOB_ID`)
)
  COMMENT = '职位基本信息表';


##职位学历要求表
create table IF NOT EXISTS `JOB_DEGREE_REQUIRE`
(
  `JOB_REQUIRE_ID` INT AUTO_INCREMENT COMMENT '主键ID',
  `JOB_DEGREE_NUM` INTEGER   NOT NULL COMMENT '学历编号',
  `JOB_ID`         INTEGER   NOT NULL COMMENT '职位ID',
  `IS_DELETE`      INTEGER        DEFAULT '0' COMMENT '是否删除',
  `IS_DELETE_TIME` TIMESTAMP NULL DEFAULT NULL COMMENT '删除时间',
  PRIMARY KEY (`JOB_REQUIRE_ID`)
) COMMENT = '职位学历要求表';


create table IF NOT EXISTS `JOB_LOCATION`
(
  `JOB_LOCATION_ID` INT AUTO_INCREMENT COMMENT '地点ID',
  `JOB_REGION_NUM`  VARCHAR(10) NOT NULL COMMENT '工作城市',
  `JOB_ID`          INTEGER     NOT NULL COMMENT '职位ID',
  `IS_DELETE`       INTEGER     NOT NULL COMMENT '是否删除',
  `IS_DELETE_TIME`  TIMESTAMP   NULL DEFAULT NULL COMMENT '删除时间',
  PRIMARY KEY (`JOB_LOCATION_ID`)
) COMMENT = '职位工作地点表';


create table IF NOT EXISTS `JOB_INDUSTRY`
(
  `JOB_IND_ID`     INT AUTO_INCREMENT
    COMMENT '行业ID',
  `JOB_IND_CODE`   VARCHAR(10) NOT NULL
    COMMENT '行业编号',
  `JOB_ID`         INTEGER     NOT NULL
    COMMENT '职位ID',
  `IS_DELETE`      INTEGER          DEFAULT '0'
    COMMENT '是否删除',
  `IS_DELETE_TIME` TIMESTAMP   NULL DEFAULT NULL
    COMMENT '删除时间',
  PRIMARY KEY (`JOB_IND_ID`)
) COMMENT = '职位行业表';


create table IF NOT EXISTS `HR_VIDEO_INVITATION`
(
  `INVITE_ID`       INT AUTO_INCREMENT
    COMMENT '邀请ID',
  `INVITE_TIME`     TIMESTAMP NOT NULL
    COMMENT '邀请时间',
  `INVITED_USER_ID` INTEGER   NOT NULL
    COMMENT '受邀人ID',
  `INVITE_USER_ID`  INTEGER   NOT NULL
    COMMENT '邀请人ID',
  PRIMARY KEY (`INVITE_ID`)
)
  COMMENT = '视频邀请表';


create table IF NOT EXISTS `STU_JOB_APPLY`
(
  `APPLY_ID`         INT AUTO_INCREMENT
    COMMENT '申请ID',
  `STU_ID`           INTEGER      NOT NULL
    COMMENT '用户ID',
  `JOB_ID`           INTEGER      NOT NULL
    COMMENT '职位ID',
  `JOB_CV_SEND`      INTEGER      NOT NULL
    COMMENT '简历是否发送',
  `JOB_APPLY_TIME`   TIMESTAMP    NOT NULL
    COMMENT '职位申请时间',
  `JOB_APPLY_STATUS` VARCHAR(200) NOT NULL
    COMMENT '职位申请状态',
  `DOCU_LOCAL_ID`    VARCHAR(200) NULL
    COMMENT '职位申请简历文件ID',
  PRIMARY KEY (`APPLY_ID`)
)
  COMMENT = '职位申请记录表';


#######################################社区数据表###############################################
##标签映射表
create table IF NOT EXISTS `COM_LABEL_MAP`
(
  `LAB_ID`      INT AUTO_INCREMENT COMMENT '主键ID',
  `LAB_NUM`     INT       NOT NULL COMMENT '标签编号',
  `TARGET_TYPE` INTEGER   NOT NULL COMMENT '目标类型',
  `TARGET_ID`   INTEGER   NOT NULL COMMENT '目标ID',
  `RELA_TIME`   TIMESTAMP NOT NULL COMMENT '关联时间',
  PRIMARY KEY (`LAB_ID`)
) COMMENT = '标签映射表';


##标签分类表
create table IF NOT EXISTS `SYS_COM_LABEL_CLASS`
(
  `LAB_NUM`      INT AUTO_INCREMENT COMMENT '标签ID',
  `LAB_CHN`      VARCHAR(20) NOT NULL COMMENT '中文描述',
  `LAB_ENG`      VARCHAR(20) NOT NULL COMMENT '英文描述',
  `START_STATUS` INTEGER     NOT NULL COMMENT '是否启用',
  `START_DATE`   TIMESTAMP   NOT NULL COMMENT '启用时间',
  PRIMARY KEY (`LAB_NUM`)
) COMMENT = '标签分类表';


##问题表
create table IF NOT EXISTS `COM_QUESTION`
(
  `QUES_ID`        INT AUTO_INCREMENT COMMENT '问题ID',
  `QUES_TITLE`     VARCHAR(200) NOT NULL COMMENT '问题题目',
  `QUES_ABBRE`     VARCHAR(200) NOT NULL COMMENT '问题简述',
  `QUES_BODY`      INTEGER      NOT NULL COMMENT '问题正文',
  `USER_ID`        INTEGER      NOT NULL COMMENT '用户ID',
  `USER_ANONY`     INTEGER      NOT NULL DEFAULT '0' COMMENT '是否匿名',
  `QUES_PUB_TIME`  TIMESTAMP    NOT NULL COMMENT '发布时间',
  `QUES_EDIT_TIME` TIMESTAMP    NOT NULL COMMENT '编辑时间',
  `IS_DELETE`      INTEGER               DEFAULT '0' COMMENT '是否删除',
  `IS_DELETE_TIME` TIMESTAMP    NULL     DEFAULT NULL COMMENT '删除时间',
  `RELA_TYPE`      INTEGER      NOT NULL COMMENT '关联类型',
  `RELA_ID`        INTEGER               DEFAULT '0' COMMENT '关联ID',
  PRIMARY KEY (`QUES_ID`)
) COMMENT = '问题表';


##文章表
create table IF NOT EXISTS `COM_ESSAY`
(
  `ESSAY_ID`        INT AUTO_INCREMENT COMMENT '文章ID',
  `ESSAY_TITLE`     VARCHAR(200) NOT NULL COMMENT '文章题目',
  `ESSAY_ABBRE`     VARCHAR(200) NOT NULL COMMENT '文章简述',
  `ESSAY_BODY`      INTEGER      NOT NULL COMMENT '文章正文',
  `USER_ID`         INTEGER      NOT NULL COMMENT '用户ID',
  `USER_ANONY`      INTEGER      NOT NULL DEFAULT '0' COMMENT '是否匿名',
  `ESSAY_PUB_TIME`  TIMESTAMP    NOT NULL COMMENT '发布时间',
  `ESSAY_EDIT_TIME` TIMESTAMP    NOT NULL COMMENT '编辑时间',
  `IS_DELETE`       INTEGER               DEFAULT '0' COMMENT '是否删除',
  `IS_DELETE_TIME`  TIMESTAMP    NULL     DEFAULT NULL COMMENT '删除时间',
  `RELA_TYPE`       INTEGER      NOT NULL COMMENT '关联类型',
  `RELA_ID`         INTEGER               DEFAULT '0' COMMENT '关联ID',
  PRIMARY KEY (`ESSAY_ID`)
) COMMENT = '文章表';


##短评表
create table IF NOT EXISTS `COM_BRIEF_REVIEW`
(
  `REVIEW_ID`      INT AUTO_INCREMENT COMMENT '短评ID',
  `REVIEW_TIME`    TIMESTAMP NOT NULL COMMENT '短评时间',
  `REVIEW_BODY`    INTEGER   NOT NULL COMMENT '短评内容',
  `IS_DELETE`      INTEGER        DEFAULT '0' COMMENT '是否删除',
  `IS_DELETE_TIME` TIMESTAMP NULL DEFAULT NULL COMMENT '删除时间',
  `USER_ID`        INTEGER   NOT NULL COMMENT '用户ID',
  `RELA_TYPE`      INTEGER   NOT NULL COMMENT '关联类型',
  `RELA_ID`        INTEGER        DEFAULT '0' COMMENT '关联ID',
  PRIMARY KEY (`REVIEW_ID`)
) COMMENT = '短评表';


##视频表
create table IF NOT EXISTS `COM_VIDEO`
(
  `VIDEO_ID`          INT AUTO_INCREMENT COMMENT '视频ID',
  `VIDEO_TITLE`       VARCHAR(200)  NOT NULL COMMENT '视频标题',
  `VIDEO_NAME`        VARCHAR(200)  NOT NULL COMMENT '视频文件名',
  `VIDEO_DESCRIPTION` VARCHAR(2000) NOT NULL COMMENT '视频描述',
  `VIDEO_VIEW_COUNT`  INTEGER       NOT NULL COMMENT '观看次数',
  `VIDEO_UPLOAD_TIME` TIMESTAMP     NOT NULL COMMENT '上传时间',
  `IS_DELETE`         INTEGER            DEFAULT '0' COMMENT '是否删除',
  `IS_DELETE_TIME`    TIMESTAMP     NULL DEFAULT NULL COMMENT '删除时间',
  `USER_ID`           INTEGER       NOT NULL COMMENT '用户ID',
  `RELA_TYPE`         INTEGER       NOT NULL COMMENT '关联类型',
  `RELA_ID`           INTEGER            DEFAULT '0' COMMENT '关联ID',
  PRIMARY KEY (`VIDEO_ID`)
) COMMENT = '视频表';


##关注表
create table IF NOT EXISTS `COM_ATTENTION`
(
  `ATTEN_ID`          INT AUTO_INCREMENT COMMENT '关注ID',
  `TARGET_TYPE`       INTEGER   NOT NULL COMMENT '目标类型',
  `TARGET_ID`         INTEGER   NOT NULL COMMENT '目标ID',
  `USER_ID`           INTEGER   NOT NULL COMMENT '关注用户',
  `ATTEN_TIME`        TIMESTAMP NOT NULL COMMENT '关注时间',
  `ATTEN_CANCEL`      INTEGER   NOT NULL COMMENT '取消关注',
  `ATTEN_CANCEL_TIME` TIMESTAMP NULL DEFAULT NULL COMMENT '取消关注时间',
  PRIMARY KEY (`ATTEN_ID`)
) COMMENT = '关注表';


##回复邀请表
create table IF NOT EXISTS `COM_REPLY_INVITATION`
(
  `INVIT_ID`        INT AUTO_INCREMENT COMMENT '邀请ID',
  `TARGET_TYPE`     INTEGER   NOT NULL COMMENT '目标类型',
  `TARGET_ID`       INTEGER   NOT NULL COMMENT '目标ID',
  `INVIT_USER_ID`   INTEGER   NOT NULL COMMENT '邀请人ID',
  `INVIT_TIME`      TIMESTAMP NOT NULL COMMENT '邀请时间',
  `INVITED_USER_ID` INTEGER   NOT NULL COMMENT '被邀请人ID',
  `INVIT_ACCEPT`    INTEGER DEFAULT '0' COMMENT '是否接受',
  PRIMARY KEY (`INVIT_ID`)
) COMMENT = '回复邀请表';


##回答表
create table IF NOT EXISTS `COM_ANSWER`
(
  `ANSWER_ID`        INT AUTO_INCREMENT COMMENT '回答ID',
  `ANSWER_BODY`      INTEGER   NOT NULL COMMENT '回答内容',
  `TARGET_TYPE`      INTEGER   NOT NULL COMMENT '目标类型',
  `TARGET_ID`        INTEGER   NOT NULL COMMENT '目标ID',
  `USER_ID`          INTEGER   NOT NULL COMMENT '回答作者',
  `USER_ANONY`       INTEGER   NOT NULL DEFAULT '0' COMMENT '是否匿名',
  `ANSWER_PUB_TIME`  TIMESTAMP NOT NULL COMMENT '发布时间',
  `ANSWER_EDIT_TIME` TIMESTAMP NOT NULL COMMENT '编辑时间',
  `IS_DELETE`        INTEGER            DEFAULT '0' COMMENT '是否删除',
  `IS_DELETE_TIME`   TIMESTAMP NULL     DEFAULT NULL COMMENT '删除时间',
  PRIMARY KEY (`ANSWER_ID`)
) COMMENT = '回答表';


##评价表
create table IF NOT EXISTS `COM_EVALUATE`
(
  `EVALUATE_ID`   INT AUTO_INCREMENT COMMENT '评价ID',
  `TARGET_TYPE`   INTEGER   NOT NULL COMMENT '目标类型',
  `TARGET_ID`     INTEGER   NOT NULL COMMENT '目标ID',
  `USER_ID`       INTEGER   NOT NULL COMMENT '评价用户',
  `EVALUATE_TYPE` INTEGER   NOT NULL COMMENT '评价类别',
  `EVALUATE_TIME` TIMESTAMP NOT NULL COMMENT '评价时间',
  PRIMARY KEY (`EVALUATE_ID`)
) COMMENT = '评价表';


##评论表
create table IF NOT EXISTS `COM_COMMENT`
(
  `COMMENT_ID`        INT AUTO_INCREMENT COMMENT '评论ID',
  `TARGET_TYPE`       INTEGER       NOT NULL COMMENT '目标类型',
  `TARGET_ID`         INTEGER       NOT NULL COMMENT '目标ID',
  `COMMENT_CONTENT`   VARCHAR(5000) NOT NULL COMMENT '评论内容',
  `USER_ID`           INTEGER       NOT NULL COMMENT '评论作者',
  `USER_ANONY`        INTEGER       NOT NULL DEFAULT '0' COMMENT '是否匿名',
  `COMMENT_PUB_TIME`  TIMESTAMP     NOT NULL COMMENT '发布时间',
  `COMMENT_EDIT_TIME` TIMESTAMP     NOT NULL COMMENT '编辑时间',
  `IS_DELETE`         INTEGER                DEFAULT '0' COMMENT '是否删除',
  `IS_DELETE_TIME`    TIMESTAMP     NULL     DEFAULT NULL COMMENT '删除时间',
  PRIMARY KEY (`COMMENT_ID`)
) COMMENT = '评论表';


##讨论表
create table IF NOT EXISTS `COM_DISCUSS`
(
  `DISCUSS_ID`       INT AUTO_INCREMENT COMMENT '讨论ID',
  `COMMENT_ID`       INTEGER      NOT NULL COMMENT '回复ID',
  `DISCUSS_CONTENT`  VARCHAR(500) NOT NULL COMMENT '讨论内容',
  `USER_ID`          INTEGER      NOT NULL COMMENT '讨论作者',
  `USER_ANONY`       INTEGER      NOT NULL DEFAULT '0' COMMENT '是否匿名',
  `DISCUSS_PUB_TIME` TIMESTAMP    NOT NULL COMMENT '发布时间',
  `IS_DELETE`        INTEGER               DEFAULT '0' COMMENT '是否删除',
  `IS_DELETE_TIME`   TIMESTAMP    NULL     DEFAULT NULL COMMENT '删除时间',
  PRIMARY KEY (`DISCUSS_ID`)
) COMMENT = '讨论表';


##富文本表
create table IF NOT EXISTS `COM_RICH_TEXT`
(
  `TEXT_ID`      INT AUTO_INCREMENT COMMENT '富文本ID',
  `COMPILE_TYPE` INTEGER     NOT NULL COMMENT '解析类型',
  `JSON_CONTENT` TEXT(15000) NOT NULL COMMENT 'JSON字符串',
  `TEXT_CONTENT` TEXT(15000) NOT NULL COMMENT '文本字符串',
  PRIMARY KEY (`TEXT_ID`)
) COMMENT = '富文本表';


##好友申请记录表
create table IF NOT EXISTS `COM_FRIEND_APPLY`
(
  `APPLY_ID`         INT AUTO_INCREMENT COMMENT '申请ID',
  `USER_ID`          INTEGER   NOT NULL COMMENT '申请用户ID',
  `FRIEND_ID`        INTEGER   NOT NULL COMMENT '目标好友ID',
  `FRI_APPLY_TIME`   TIMESTAMP NOT NULL COMMENT '好友申请时间',
  `FRI_IS_READ`      INTEGER DEFAULT '0' COMMENT '申请是否阅读',
  `FRI_APPLY_ACCEPT` INTEGER DEFAULT '0' COMMENT '申请是否通过',
  PRIMARY KEY (`APPLY_ID`)
) COMMENT = '好友申请记录表';


##好友关系表
create table IF NOT EXISTS `COM_FRIEND_RELATION`
(
  `RELA_ID`        INT AUTO_INCREMENT COMMENT '关系ID',
  `USER_ID`        INTEGER   NOT NULL COMMENT '用户ID',
  `ADD_TIME`       TIMESTAMP NOT NULL COMMENT '添加时间',
  `IS_DELETE`      INTEGER        DEFAULT '0' COMMENT '是否删除',
  `IS_DELETE_TIME` TIMESTAMP NULL DEFAULT NULL COMMENT '删除时间',
  `FRIEND_ID`      INTEGER   NOT NULL COMMENT '好友ID',
  PRIMARY KEY (`RELA_ID`)
) COMMENT = '好友关系表';


##好友分组映射表
create table IF NOT EXISTS `COM_FRIEND_GROUP_MAP`
(
  `GROUP_ID` INT AUTO_INCREMENT COMMENT '分组ID',
  `RELA_ID`  INTEGER NOT NULL COMMENT '关系ID',
  PRIMARY KEY (`GROUP_ID`)
) COMMENT = '好友分组映射表';


##好友分组表
create table IF NOT EXISTS `COM_FRIEND_GROUP`
(
  `GROUP_ID`       INT AUTO_INCREMENT COMMENT '分组ID',
  `GROUP_NUM`      INTEGER     NOT NULL COMMENT '分组编号',
  `GROUP_NAME`     VARCHAR(20) NOT NULL COMMENT '分组名称',
  `ADD_TIME`       TIMESTAMP   NOT NULL COMMENT '添加时间',
  `IS_DELETE`      INTEGER          DEFAULT '0' COMMENT '是否删除',
  `IS_DELETE_TIME` TIMESTAMP   NULL DEFAULT NULL COMMENT '删除时间',
  PRIMARY KEY (`GROUP_ID`)
) COMMENT = '好友分组表';


#############################02-26##################################
##群聊映射表
create table IF NOT EXISTS `COM_GROUP_CHAT_MAP`
(
  `CHAT_ID` INT AUTO_INCREMENT COMMENT '群聊ID',
  `USER_ID` INTEGER NOT NULL COMMENT '用户ID',
  PRIMARY KEY (`CHAT_ID`, `USER_ID`)
) COMMENT = '群聊映射表';


##群聊表
create table IF NOT EXISTS `COM_GROUP_CHAT`
(
  `CHAT_ID`        INT AUTO_INCREMENT COMMENT '群聊ID',
  `CHAT_NAME`      VARCHAR(20) NOT NULL COMMENT '群聊名称',
  `CREATE_TIME`    TIMESTAMP   NOT NULL COMMENT '创建时间',
  `IS_DELETE`      INTEGER          DEFAULT '0' COMMENT '是否删除',
  `IS_DELETE_TIME` TIMESTAMP   NULL DEFAULT NULL COMMENT '删除时间',
  PRIMARY KEY (`CHAT_ID`)
) COMMENT = '群聊表';


############################探索页推荐表###################################
##企业类推荐表
create table IF NOT EXISTS `RECOM_COMPANY`
(
  `COMPANY_ID`       INTEGER COMMENT '企业ID',
  `COMPANY_NAME`     VARCHAR(200) COMMENT '企业名称',
  `COMPANY_INTRODUC` VARCHAR(1000) COMMENT '企业简介',
  `COMPANY_WEBSITE`  VARCHAR(200) COMMENT '企业官网',
  `RECOM_TYPE`       INTEGER COMMENT '推荐类型',
  `DATA_TIME`        DATE COMMENT '数据日期'
) COMMENT = '企业类推荐表';


##职位类推荐表
create table IF NOT EXISTS `RECOM_JOB`
(
  `JOB_ID`          INTEGER COMMENT '企业ID',
  `JOB_NAME`        VARCHAR(200) COMMENT '职位名称',
  `JOB_DESCRIPTION` VARCHAR(1000) COMMENT '职位描述',
  `JOB_COUNTRY`     VARCHAR(10) COMMENT '工作国家',
  `JOB_LOCATION`    VARCHAR(10) COMMENT '工作地点',
  `JOB_HIGHLIGHT`   VARCHAR(200) COMMENT '职位亮点',
  `RECOM_TYPE`      INTEGER COMMENT '推荐类型',
  `DATA_TIME`       DATE COMMENT '数据日期'
) COMMENT = '职位类推荐表';


##文本类推荐表
create table IF NOT EXISTS `RECOM_TEXT`
(
  `TEXT_ID`    INTEGER COMMENT '企业ID',
  `TEXT_TITLE` VARCHAR(2000) COMMENT '职位名称',
  `RECOM_TYPE` INTEGER COMMENT '推荐类型',
  `DATA_TIME`  DATE COMMENT '数据日期'
) COMMENT = '文本类推荐表';


##视频推荐表
create table IF NOT EXISTS `RECOM_VIDEO`
(
  `VIDEO_ID`     INTEGER COMMENT '视频ID',
  `VIDEO_TITLE`  VARCHAR(200) COMMENT '视频标题',
  `RECOM_REASON` INTEGER COMMENT '推荐理由',
  `DATA_TIME`    DATE COMMENT '数据日期'
) COMMENT = '视频推荐表';


##人脉推荐表
create table IF NOT EXISTS `RECOM_USER`
(
  `USER_ID`         INTEGER COMMENT '用户ID',
  `USER_FIRST_NAME` VARCHAR(200) COMMENT '用户姓',
  `USER_LAST_NAME`  VARCHAR(200) COMMENT '用户名',
  `RECOM_REASON`    INTEGER COMMENT '推荐理由',
  `DATA_TIME`       DATE COMMENT '数据日期'
) COMMENT = '人脉推荐表';


##影响力分析表
create table IF NOT EXISTS `PERSON_INFLUENCE`
(
  `USER_ID`             INT AUTO_INCREMENT COMMENT '用户ID',
  `PERS_PROFILE`        FLOAT COMMENT '个人资料完善度',
  `PERS_IDENT_VERIFY`   FLOAT COMMENT '身份认证',
  `PERS_UNIVERSITY`     FLOAT COMMENT '学校排名',
  `PERS_WORK`           FLOAT COMMENT '工作实习质量',
  `PERS_FRIEND_COUNT`   FLOAT COMMENT '好友数量',
  `PERS_FRIEND_QUALITY` FLOAT COMMENT '好友质量',
  `PERS_INTERACTION`    FLOAT COMMENT '互动关系',
  `PERS_LIKE_COUNT`     FLOAT COMMENT '点赞数',
  `PERS_POSI_EVALUATE`  FLOAT COMMENT '职位评价',
  `PERS_TOTAL`          FLOAT COMMENT '总分',
  PRIMARY KEY (`USER_ID`)
) COMMENT = '影响力分析表';


##校园招聘表
create table IF NOT EXISTS `RECOM_CAMPUS_RECRUIT`
(
  `COMPANY_ID`         INT COMMENT '企业ID',
  `COMPANY_NAME`       VARCHAR(200) COMMENT '企业名称',
  `COMPANY_INTRODUC`   VARCHAR(1000) COMMENT '企业简介',
  `COMPANY_NATURE`     VARCHAR(200) COMMENT '企业性质',
  `COMPANY_LOCATION`   VARCHAR(200) COMMENT '企业所在地',
  `COMPANY_WEBSITE`    VARCHAR(200) COMMENT '企业官网',
  `COMPANY_START_DATE` DATE COMMENT '成立日期',
  `COMPANY_LOGO`       VARCHAR(200) COMMENT '企业LOGO',
  `JOB_ID`             INTEGER COMMENT '职位ID',
  `JOB_NAME`           VARCHAR(200) COMMENT '职位名称',
  `JOB_TYPE`           INTEGER COMMENT '职位性质',
  `DATA_TIME`          DATE COMMENT '数据日期'
) COMMENT = '校园招聘表';

INSERT INTO youthchina.COMPANY_EMPLOYEE (EMPLOYEE_ID, USER_ID, COMPANY_ID, WORK_START_TIME, WORK_END_TIME, IS_DELETE,
                                         IS_DELETE_TIME)
VALUES (1, 1, 1, '2010-01-01', '2019-01-01', 1, '2019-04-09 21:14:51');
INSERT INTO youthchina.COMPANY_EMPLOYEE (EMPLOYEE_ID, USER_ID, COMPANY_ID, WORK_START_TIME, WORK_END_TIME, IS_DELETE,
                                         IS_DELETE_TIME)
VALUES (2, 1, 2, '2010-01-01', '2019-01-01', 0, null);
INSERT INTO youthchina.COMPANY_EMPLOYEE (EMPLOYEE_ID, USER_ID, COMPANY_ID, WORK_START_TIME, WORK_END_TIME, IS_DELETE,
                                         IS_DELETE_TIME)
VALUES (3, 1, 2, '2010-01-01', '2019-01-01', 0, null);
INSERT INTO youthchina.COMPANY_EMPLOYEE (EMPLOYEE_ID, USER_ID, COMPANY_ID, WORK_START_TIME, WORK_END_TIME, IS_DELETE,
                                         IS_DELETE_TIME)
VALUES (12, 1, 3, '1999-01-01', '2999-01-01', 0, null);
INSERT INTO youthchina.COMPANY_EMPLOYEE (EMPLOYEE_ID, USER_ID, COMPANY_ID, WORK_START_TIME, WORK_END_TIME, IS_DELETE,
                                         IS_DELETE_TIME)
VALUES (13, 1, 3, '1999-01-01', '2999-01-01', 0, null);
INSERT INTO youthchina.COMPANY_EMPLOYEE (EMPLOYEE_ID, USER_ID, COMPANY_ID, WORK_START_TIME, WORK_END_TIME, IS_DELETE,
                                         IS_DELETE_TIME)
VALUES (14, 1, 3, '1999-01-01', '2999-01-01', 0, null);
INSERT INTO youthchina.COMPANY_EMPLOYEE (EMPLOYEE_ID, USER_ID, COMPANY_ID, WORK_START_TIME, WORK_END_TIME, IS_DELETE,
                                         IS_DELETE_TIME)
VALUES (15, 1, 3, '1999-01-01', '2999-01-01', 0, null);
INSERT INTO youthchina.COMPANY_EMPLOYEE (EMPLOYEE_ID, USER_ID, COMPANY_ID, WORK_START_TIME, WORK_END_TIME, IS_DELETE,
                                         IS_DELETE_TIME)
VALUES (16, 1, 3, '1999-01-01', '2999-01-01', 0, null);
INSERT INTO youthchina.COMPANY_INDUSTRY (COMPANY_INDUS_ID, COMPANY_IND_CODE, COMPANY_ID, IS_DELETE, IS_DELETE_TIME)
VALUES (1, 'B07', 1, 0, '2019-01-01 00:00:00');
INSERT INTO youthchina.COMPANY_INDUSTRY (COMPANY_INDUS_ID, COMPANY_IND_CODE, COMPANY_ID, IS_DELETE, IS_DELETE_TIME)
VALUES (2, 'B07', 2, 0, '2019-01-01 00:00:00');
INSERT INTO youthchina.COMPANY_INDUSTRY (COMPANY_INDUS_ID, COMPANY_IND_CODE, COMPANY_ID, IS_DELETE, IS_DELETE_TIME)
VALUES (3, 'E47', 3, 0, '2019-01-01 00:00:00');
INSERT INTO youthchina.COMPANY_INDUSTRY (COMPANY_INDUS_ID, COMPANY_IND_CODE, COMPANY_ID, IS_DELETE, IS_DELETE_TIME)
VALUES (4, 'C36', 4, 0, '2019-01-01 00:00:00');
INSERT INTO youthchina.COMPANY_INDUSTRY (COMPANY_INDUS_ID, COMPANY_IND_CODE, COMPANY_ID, IS_DELETE, IS_DELETE_TIME)
VALUES (5, 'J68', 5, 0, '2019-01-01 00:00:00');
INSERT INTO youthchina.COMPANY_INDUSTRY (COMPANY_INDUS_ID, COMPANY_IND_CODE, COMPANY_ID, IS_DELETE, IS_DELETE_TIME)
VALUES (6, 'I63', 6, 0, '2019-01-01 00:00:00');
INSERT INTO youthchina.COMPANY_INDUSTRY (COMPANY_INDUS_ID, COMPANY_IND_CODE, COMPANY_ID, IS_DELETE, IS_DELETE_TIME)
VALUES (7, 'J66', 7, 0, '2019-01-01 00:00:00');
INSERT INTO youthchina.COMPANY_INDUSTRY (COMPANY_INDUS_ID, COMPANY_IND_CODE, COMPANY_ID, IS_DELETE, IS_DELETE_TIME)
VALUES (8, 'E481', 8, 0, '2019-01-01 00:00:00');
INSERT INTO youthchina.COMPANY_INDUSTRY (COMPANY_INDUS_ID, COMPANY_IND_CODE, COMPANY_ID, IS_DELETE, IS_DELETE_TIME)
VALUES (9, 'E481', 9, 0, '2019-01-01 00:00:00');
INSERT INTO youthchina.COMPANY_INDUSTRY (COMPANY_INDUS_ID, COMPANY_IND_CODE, COMPANY_ID, IS_DELETE, IS_DELETE_TIME)
VALUES (10, 'J66', 10, 0, '2019-01-01 00:00:00');
INSERT INTO youthchina.COMPANY_INDUSTRY (COMPANY_INDUS_ID, COMPANY_IND_CODE, COMPANY_ID, IS_DELETE, IS_DELETE_TIME)
VALUES (11, 'J68', 11, 0, '2019-01-01 00:00:00');
INSERT INTO youthchina.COMPANY_INDUSTRY (COMPANY_INDUS_ID, COMPANY_IND_CODE, COMPANY_ID, IS_DELETE, IS_DELETE_TIME)
VALUES (12, 'J66', 12, 0, '2019-01-01 00:00:00');
INSERT INTO youthchina.COMPANY_INDUSTRY (COMPANY_INDUS_ID, COMPANY_IND_CODE, COMPANY_ID, IS_DELETE, IS_DELETE_TIME)
VALUES (13, 'J66', 13, 0, '2019-01-01 00:00:00');
INSERT INTO youthchina.COMPANY_INDUSTRY (COMPANY_INDUS_ID, COMPANY_IND_CODE, COMPANY_ID, IS_DELETE, IS_DELETE_TIME)
VALUES (14, 'J68', 14, 0, '2019-01-01 00:00:00');
INSERT INTO youthchina.COMPANY_INDUSTRY (COMPANY_INDUS_ID, COMPANY_IND_CODE, COMPANY_ID, IS_DELETE, IS_DELETE_TIME)
VALUES (15, 'E481', 15, 0, '2019-01-01 00:00:00');
INSERT INTO youthchina.COMPANY_INDUSTRY (COMPANY_INDUS_ID, COMPANY_IND_CODE, COMPANY_ID, IS_DELETE, IS_DELETE_TIME)
VALUES (16, 'E48', 16, 0, '2019-01-01 00:00:00');
INSERT INTO youthchina.COMPANY_INDUSTRY (COMPANY_INDUS_ID, COMPANY_IND_CODE, COMPANY_ID, IS_DELETE, IS_DELETE_TIME)
VALUES (17, 'J69', 17, 0, '2019-01-01 00:00:00');
INSERT INTO youthchina.COMPANY_INDUSTRY (COMPANY_INDUS_ID, COMPANY_IND_CODE, COMPANY_ID, IS_DELETE, IS_DELETE_TIME)
VALUES (18, 'I65', 18, 0, '2019-01-01 00:00:00');
INSERT INTO youthchina.COMPANY_INDUSTRY (COMPANY_INDUS_ID, COMPANY_IND_CODE, COMPANY_ID, IS_DELETE, IS_DELETE_TIME)
VALUES (19, 'I63', 19, 0, '2019-01-01 00:00:00');
INSERT INTO youthchina.COMPANY_INDUSTRY (COMPANY_INDUS_ID, COMPANY_IND_CODE, COMPANY_ID, IS_DELETE, IS_DELETE_TIME)
VALUES (20, 'J68', 20, 0, '2019-01-01 00:00:00');
INSERT INTO youthchina.COMPANY_INDUSTRY (COMPANY_INDUS_ID, COMPANY_IND_CODE, COMPANY_ID, IS_DELETE, IS_DELETE_TIME)
VALUES (21, 'F5294', 21, 0, '2019-01-01 00:00:00');
INSERT INTO youthchina.COMPANY_INDUSTRY (COMPANY_INDUS_ID, COMPANY_IND_CODE, COMPANY_ID, IS_DELETE, IS_DELETE_TIME)
VALUES (22, 'C27', 22, 0, '2019-01-01 00:00:00');
INSERT INTO youthchina.COMPANY_INDUSTRY (COMPANY_INDUS_ID, COMPANY_IND_CODE, COMPANY_ID, IS_DELETE, IS_DELETE_TIME)
VALUES (23, 'K70', 23, 0, '2019-01-01 00:00:00');
INSERT INTO youthchina.COMPANY_INDUSTRY (COMPANY_INDUS_ID, COMPANY_IND_CODE, COMPANY_ID, IS_DELETE, IS_DELETE_TIME)
VALUES (24, 'K70', 24, 0, '2019-01-01 00:00:00');
INSERT INTO youthchina.COMPANY_INDUSTRY (COMPANY_INDUS_ID, COMPANY_IND_CODE, COMPANY_ID, IS_DELETE, IS_DELETE_TIME)
VALUES (25, 'D44', 25, 0, '2019-01-01 00:00:00');
INSERT INTO youthchina.COMPANY_INDUSTRY (COMPANY_INDUS_ID, COMPANY_IND_CODE, COMPANY_ID, IS_DELETE, IS_DELETE_TIME)
VALUES (26, 'C37', 26, 0, '2019-01-01 00:00:00');
INSERT INTO youthchina.COMPANY_INDUSTRY (COMPANY_INDUS_ID, COMPANY_IND_CODE, COMPANY_ID, IS_DELETE, IS_DELETE_TIME)
VALUES (27, 'D44', 27, 0, '2019-01-01 00:00:00');
INSERT INTO youthchina.COMPANY_INDUSTRY (COMPANY_INDUS_ID, COMPANY_IND_CODE, COMPANY_ID, IS_DELETE, IS_DELETE_TIME)
VALUES (28, 'B ', 28, 0, '2019-01-01 00:00:00');
INSERT INTO youthchina.COMPANY_INDUSTRY (COMPANY_INDUS_ID, COMPANY_IND_CODE, COMPANY_ID, IS_DELETE, IS_DELETE_TIME)
VALUES (29, 'K70', 29, 0, '2019-01-01 00:00:00');
INSERT INTO youthchina.COMPANY_INDUSTRY (COMPANY_INDUS_ID, COMPANY_IND_CODE, COMPANY_ID, IS_DELETE, IS_DELETE_TIME)
VALUES (30, 'J66', 30, 0, '2019-01-01 00:00:00');
INSERT INTO youthchina.COMPANY_INDUSTRY (COMPANY_INDUS_ID, COMPANY_IND_CODE, COMPANY_ID, IS_DELETE, IS_DELETE_TIME)
VALUES (31, 'J674', 31, 0, '2019-01-01 00:00:00');
INSERT INTO youthchina.COMPANY_INDUSTRY (COMPANY_INDUS_ID, COMPANY_IND_CODE, COMPANY_ID, IS_DELETE, IS_DELETE_TIME)
VALUES (32, 'B09', 32, 0, '2019-01-01 00:00:00');
INSERT INTO youthchina.COMPANY_INDUSTRY (COMPANY_INDUS_ID, COMPANY_IND_CODE, COMPANY_ID, IS_DELETE, IS_DELETE_TIME)
VALUES (33, 'J66', 33, 0, '2019-01-01 00:00:00');
INSERT INTO youthchina.COMPANY_INDUSTRY (COMPANY_INDUS_ID, COMPANY_IND_CODE, COMPANY_ID, IS_DELETE, IS_DELETE_TIME)
VALUES (34, 'J66', 34, 0, '2019-01-01 00:00:00');
INSERT INTO youthchina.COMPANY_INDUSTRY (COMPANY_INDUS_ID, COMPANY_IND_CODE, COMPANY_ID, IS_DELETE, IS_DELETE_TIME)
VALUES (35, 'C3120', 35, 0, '2019-01-01 00:00:00');
INSERT INTO youthchina.COMPANY_INDUSTRY (COMPANY_INDUS_ID, COMPANY_IND_CODE, COMPANY_ID, IS_DELETE, IS_DELETE_TIME)
VALUES (36, 'I65', 36, 0, '2019-01-01 00:00:00');
INSERT INTO youthchina.COMPANY_INDUSTRY (COMPANY_INDUS_ID, COMPANY_IND_CODE, COMPANY_ID, IS_DELETE, IS_DELETE_TIME)
VALUES (37, 'I65', 37, 0, '2019-01-01 00:00:00');
INSERT INTO youthchina.COMPANY_INDUSTRY (COMPANY_INDUS_ID, COMPANY_IND_CODE, COMPANY_ID, IS_DELETE, IS_DELETE_TIME)
VALUES (38, 'I65', 38, 0, '2019-01-01 00:00:00');
INSERT INTO youthchina.COMPANY_INDUSTRY (COMPANY_INDUS_ID, COMPANY_IND_CODE, COMPANY_ID, IS_DELETE, IS_DELETE_TIME)
VALUES (39, 'F5294', 39, 0, '2019-01-01 00:00:00');
INSERT INTO youthchina.COMPANY_INDUSTRY (COMPANY_INDUS_ID, COMPANY_IND_CODE, COMPANY_ID, IS_DELETE, IS_DELETE_TIME)
VALUES (40, 'I65', 40, 0, '2019-01-01 00:00:00');
INSERT INTO youthchina.COMPANY_INDUSTRY (COMPANY_INDUS_ID, COMPANY_IND_CODE, COMPANY_ID, IS_DELETE, IS_DELETE_TIME)
VALUES (41, 'I65', 41, 0, '2019-01-01 00:00:00');
INSERT INTO youthchina.COMPANY_INDUSTRY (COMPANY_INDUS_ID, COMPANY_IND_CODE, COMPANY_ID, IS_DELETE, IS_DELETE_TIME)
VALUES (42, 'I65', 42, 0, '2019-01-01 00:00:00');
INSERT INTO youthchina.COMPANY_INDUSTRY (COMPANY_INDUS_ID, COMPANY_IND_CODE, COMPANY_ID, IS_DELETE, IS_DELETE_TIME)
VALUES (43, 'I65', 43, 0, '2019-01-01 00:00:00');
INSERT INTO youthchina.COMPANY_INDUSTRY (COMPANY_INDUS_ID, COMPANY_IND_CODE, COMPANY_ID, IS_DELETE, IS_DELETE_TIME)
VALUES (44, 'I65', 44, 0, '2019-01-01 00:00:00');
INSERT INTO youthchina.COMPANY_INDUSTRY (COMPANY_INDUS_ID, COMPANY_IND_CODE, COMPANY_ID, IS_DELETE, IS_DELETE_TIME)
VALUES (45, 'I65', 45, 0, '2019-01-01 00:00:00');
INSERT INTO youthchina.COMPANY_INDUSTRY (COMPANY_INDUS_ID, COMPANY_IND_CODE, COMPANY_ID, IS_DELETE, IS_DELETE_TIME)
VALUES (46, 'I65', 46, 0, '2019-01-01 00:00:00');
INSERT INTO youthchina.COMPANY_INDUSTRY (COMPANY_INDUS_ID, COMPANY_IND_CODE, COMPANY_ID, IS_DELETE, IS_DELETE_TIME)
VALUES (47, 'I65', 47, 0, '2019-01-01 00:00:00');
INSERT INTO youthchina.COMPANY_INDUSTRY (COMPANY_INDUS_ID, COMPANY_IND_CODE, COMPANY_ID, IS_DELETE, IS_DELETE_TIME)
VALUES (48, 'I65', 48, 0, '2019-01-01 00:00:00');
INSERT INTO youthchina.COMPANY_INDUSTRY (COMPANY_INDUS_ID, COMPANY_IND_CODE, COMPANY_ID, IS_DELETE, IS_DELETE_TIME)
VALUES (49, 'I65', 49, 0, '2019-01-01 00:00:00');
INSERT INTO youthchina.COMPANY_INDUSTRY (COMPANY_INDUS_ID, COMPANY_IND_CODE, COMPANY_ID, IS_DELETE, IS_DELETE_TIME)
VALUES (50, 'I65', 50, 0, '2019-01-01 00:00:00');
INSERT INTO youthchina.COMPANY_INDUSTRY (COMPANY_INDUS_ID, COMPANY_IND_CODE, COMPANY_ID, IS_DELETE, IS_DELETE_TIME)
VALUES (51, 'I65', 51, 0, '2019-01-01 00:00:00');
INSERT INTO youthchina.COMPANY_INDUSTRY (COMPANY_INDUS_ID, COMPANY_IND_CODE, COMPANY_ID, IS_DELETE, IS_DELETE_TIME)
VALUES (52, 'I65', 52, 0, '2019-01-01 00:00:00');
INSERT INTO youthchina.COMPANY_INDUSTRY (COMPANY_INDUS_ID, COMPANY_IND_CODE, COMPANY_ID, IS_DELETE, IS_DELETE_TIME)
VALUES (53, 'R85', 53, 0, '2019-01-01 00:00:00');
INSERT INTO youthchina.COMPANY_INDUSTRY (COMPANY_INDUS_ID, COMPANY_IND_CODE, COMPANY_ID, IS_DELETE, IS_DELETE_TIME)
VALUES (54, 'F5294', 54, 0, '2019-01-01 00:00:00');
INSERT INTO youthchina.COMPANY_INDUSTRY (COMPANY_INDUS_ID, COMPANY_IND_CODE, COMPANY_ID, IS_DELETE, IS_DELETE_TIME)
VALUES (55, 'I65', 55, 0, '2019-01-01 00:00:00');
INSERT INTO youthchina.COMPANY_INDUSTRY (COMPANY_INDUS_ID, COMPANY_IND_CODE, COMPANY_ID, IS_DELETE, IS_DELETE_TIME)
VALUES (56, 'I65', 56, 0, '2019-01-01 00:00:00');
INSERT INTO youthchina.COMPANY_INDUSTRY (COMPANY_INDUS_ID, COMPANY_IND_CODE, COMPANY_ID, IS_DELETE, IS_DELETE_TIME)
VALUES (57, 'I65', 57, 0, '2019-01-01 00:00:00');
INSERT INTO youthchina.COMPANY_INDUSTRY (COMPANY_INDUS_ID, COMPANY_IND_CODE, COMPANY_ID, IS_DELETE, IS_DELETE_TIME)
VALUES (58, 'I65', 58, 0, '2019-01-01 00:00:00');
INSERT INTO youthchina.COMPANY_INDUSTRY (COMPANY_INDUS_ID, COMPANY_IND_CODE, COMPANY_ID, IS_DELETE, IS_DELETE_TIME)
VALUES (59, 'I65', 59, 0, '2019-01-01 00:00:00');
INSERT INTO youthchina.COMPANY_INDUSTRY (COMPANY_INDUS_ID, COMPANY_IND_CODE, COMPANY_ID, IS_DELETE, IS_DELETE_TIME)
VALUES (60, 'I65', 60, 0, '2019-01-01 00:00:00');
INSERT INTO youthchina.COMPANY_INDUSTRY (COMPANY_INDUS_ID, COMPANY_IND_CODE, COMPANY_ID, IS_DELETE, IS_DELETE_TIME)
VALUES (61, 'I65', 61, 0, '2019-01-01 00:00:00');
INSERT INTO youthchina.COMPANY_INFO (COMPANY_ID, COMPANY_NAME, COMPANY_CODE, COMPANY_COUNTRY, COMPANY_INTRODUC,
                                     COMPANY_SCALE_NUM, COMPANY_NATURE, COMPANY_LOCATION, COMPANY_MAIL, COMPANY_WEBSITE,
                                     COMPANY_START_DATE, COMPANY_VERIFY, USER_ID, ADD_TIME, IS_DELETE, IS_DELETE_TIME)
VALUES (1, '中国石油化工股份有限公司', '---', 'CHN',
        '中国石油化工股份有限公司是一家上中下游一体化、石油石化主业突出、拥有比较完备销售网络、境内外上市的股份制企业。中国石化是由中国石油化工集团公司依据《中华人民共和国公司法... ', 4, 1, '110000',
        '---', 'http://www.sinopec.com', '1900-01-01', 1, 1, '2019-01-01 00:00:00', 0, '2019-01-01 00:00:00');
INSERT INTO youthchina.COMPANY_INFO (COMPANY_ID, COMPANY_NAME, COMPANY_CODE, COMPANY_COUNTRY, COMPANY_INTRODUC,
                                     COMPANY_SCALE_NUM, COMPANY_NATURE, COMPANY_LOCATION, COMPANY_MAIL, COMPANY_WEBSITE,
                                     COMPANY_START_DATE, COMPANY_VERIFY, USER_ID, ADD_TIME, IS_DELETE, IS_DELETE_TIME)
VALUES (2, '中国石油天然气股份有限公司', '---', 'CHN', '中国石油天然气股份有限公司是中国油气行业占主导地位的最大的油气生产和销售商，是国有企业，是中国销售收入最大的公司之一，也是世界最大的石油公司之一。',
        4, 1, '110000', '---', 'http://www.petrochina.com.cn', '1900-01-01', 1, 1, '2019-01-01 00:00:00', 0,
        '2019-01-01 00:00:00');
INSERT INTO youthchina.COMPANY_INFO (COMPANY_ID, COMPANY_NAME, COMPANY_CODE, COMPANY_COUNTRY, COMPANY_INTRODUC,
                                     COMPANY_SCALE_NUM, COMPANY_NATURE, COMPANY_LOCATION, COMPANY_MAIL, COMPANY_WEBSITE,
                                     COMPANY_START_DATE, COMPANY_VERIFY, USER_ID, ADD_TIME, IS_DELETE, IS_DELETE_TIME)
VALUES (3, '中国建筑股份有限公司', '---', 'CHN',
        '“中国建筑”是中国最大建筑房地产综合企业和中国最大国际承包商；2011年8月29日，中国建筑股份有限公司入选中国建筑施工企业联合会评选的中国建筑500强，排名第5位。是2007年度《财富》...', 4, 1,
        '110000', '---', 'http://www.cscec.com', '1900-01-01', 1, 1, '2019-01-01 00:00:00', 0, '2019-01-01 00:00:00');
INSERT INTO youthchina.COMPANY_INFO (COMPANY_ID, COMPANY_NAME, COMPANY_CODE, COMPANY_COUNTRY, COMPANY_INTRODUC,
                                     COMPANY_SCALE_NUM, COMPANY_NATURE, COMPANY_LOCATION, COMPANY_MAIL, COMPANY_WEBSITE,
                                     COMPANY_START_DATE, COMPANY_VERIFY, USER_ID, ADD_TIME, IS_DELETE, IS_DELETE_TIME)
VALUES (4, '上海汽车集团股份有限公司', '---', 'CHN',
        '上汽集团主要业务涵盖整车(包括乘用车、商用车)、零部件(包括发动机、变速箱、动力传动、底盘、内外饰、电子电器等)的研发、生产、销售，物流、车载信息、二手车等汽车服务贸易业务，... ', 4, 1, '310000',
        '---', 'http://www.saicmotor.com', '1900-01-01', 1, 1, '2019-01-01 00:00:00', 0, '2019-01-01 00:00:00');
INSERT INTO youthchina.COMPANY_INFO (COMPANY_ID, COMPANY_NAME, COMPANY_CODE, COMPANY_COUNTRY, COMPANY_INTRODUC,
                                     COMPANY_SCALE_NUM, COMPANY_NATURE, COMPANY_LOCATION, COMPANY_MAIL, COMPANY_WEBSITE,
                                     COMPANY_START_DATE, COMPANY_VERIFY, USER_ID, ADD_TIME, IS_DELETE, IS_DELETE_TIME)
VALUES (5, '中国平安保险(集团)股份有限公司', '---', 'CHN',
        '中国平安保险（集团）股份有限公司于1988年诞生于深圳蛇口，是中国第一家股份制保险企业，至今已经发展成为金融保险、银行、投资等金融业务为一体的整合、紧密、多元的综合金融服务集... ', 4, 1, '440300',
        '---', 'http://www.pingan.cn', '1900-01-01', 1, 1, '2019-01-01 00:00:00', 0, '2019-01-01 00:00:00');
INSERT INTO youthchina.COMPANY_INFO (COMPANY_ID, COMPANY_NAME, COMPANY_CODE, COMPANY_COUNTRY, COMPANY_INTRODUC,
                                     COMPANY_SCALE_NUM, COMPANY_NATURE, COMPANY_LOCATION, COMPANY_MAIL, COMPANY_WEBSITE,
                                     COMPANY_START_DATE, COMPANY_VERIFY, USER_ID, ADD_TIME, IS_DELETE, IS_DELETE_TIME)
VALUES (6, '中国移动有限公司', '---', 'CHN',
        '中国移动通信集团有限公司是按照国家电信体制改革的总体部署，于2000年4月20日成立的中央企业。2017年12月，中国移动通信集团公司进行公司制改制，企业类型由全民所有制企业变更为国有独...', 4, 1,
        '110000', '---', 'http://www.chinamobileltd.com', '1900-01-01', 1, 1, '2019-01-01 00:00:00', 0,
        '2019-01-01 00:00:00');
INSERT INTO youthchina.COMPANY_INFO (COMPANY_ID, COMPANY_NAME, COMPANY_CODE, COMPANY_COUNTRY, COMPANY_INTRODUC,
                                     COMPANY_SCALE_NUM, COMPANY_NATURE, COMPANY_LOCATION, COMPANY_MAIL, COMPANY_WEBSITE,
                                     COMPANY_START_DATE, COMPANY_VERIFY, USER_ID, ADD_TIME, IS_DELETE, IS_DELETE_TIME)
VALUES (7, '中国工商银行股份有限公司', '---', 'CHN',
        '中国工商银行拥有中国最大的客户群，是中国最大的商业银行之一，中国工商银行营业网点也是世界五百强企业之一，工商银行为公司客户与个人客户提供了多元、专业的各项金融服务。其范... ', 4, 1, '110000',
        '---', 'http://www.icbc.com.cn', '1900-01-01', 1, 1, '2019-01-01 00:00:00', 0, '2019-01-01 00:00:00');
INSERT INTO youthchina.COMPANY_INFO (COMPANY_ID, COMPANY_NAME, COMPANY_CODE, COMPANY_COUNTRY, COMPANY_INTRODUC,
                                     COMPANY_SCALE_NUM, COMPANY_NATURE, COMPANY_LOCATION, COMPANY_MAIL, COMPANY_WEBSITE,
                                     COMPANY_START_DATE, COMPANY_VERIFY, USER_ID, ADD_TIME, IS_DELETE, IS_DELETE_TIME)
VALUES (8, '中国中铁股份有限公司', '---', 'CHN',
        '中国铁路工程集团有限公司成立于1950年3月，总部位于北京，是一家集基建建设、勘察设计与咨询服务、工程设备和零部件制造、房地产开发、铁路和公路投资及运营、矿产资源开发、物资贸易...', 4, 1, '110000',
        '---', 'http://www.crecg.com', '1900-01-01', 1, 1, '2019-01-01 00:00:00', 0, '2019-01-01 00:00:00');
INSERT INTO youthchina.COMPANY_INFO (COMPANY_ID, COMPANY_NAME, COMPANY_CODE, COMPANY_COUNTRY, COMPANY_INTRODUC,
                                     COMPANY_SCALE_NUM, COMPANY_NATURE, COMPANY_LOCATION, COMPANY_MAIL, COMPANY_WEBSITE,
                                     COMPANY_START_DATE, COMPANY_VERIFY, USER_ID, ADD_TIME, IS_DELETE, IS_DELETE_TIME)
VALUES (9, '中国铁建股份有限公司', '---', 'CHN',
        '中国铁建业务涵盖工程承包、勘察设计咨询、工业制造、房地产开发、物流与物资贸易及资本运营，已经从以施工承包为主发展成为具有科研、规划、勘察、设计、施工、监理、维护、运营和... ', 4, 1, '110000',
        '---', 'http://www.crcc.cn', '1900-01-01', 1, 1, '2019-01-01 00:00:00', 0, '2019-01-01 00:00:00');
INSERT INTO youthchina.COMPANY_INFO (COMPANY_ID, COMPANY_NAME, COMPANY_CODE, COMPANY_COUNTRY, COMPANY_INTRODUC,
                                     COMPANY_SCALE_NUM, COMPANY_NATURE, COMPANY_LOCATION, COMPANY_MAIL, COMPANY_WEBSITE,
                                     COMPANY_START_DATE, COMPANY_VERIFY, USER_ID, ADD_TIME, IS_DELETE, IS_DELETE_TIME)
VALUES (10, '中国建设银行股份有限公司', '---', 'CHN',
        '中国建设银行成立于1954年10月1日。总行位于北京金融大街25号，是中央管理的大型国有银行，国家副部级单位。中国建设银行主要经营领域包括公司银行业务、个人银行业务和资金业务，在29个...', 4, 1,
        '110000', '---', 'http://www.ccb.com', '1900-01-01', 1, 1, '2019-01-01 00:00:00', 0, '2019-01-01 00:00:00');
INSERT INTO youthchina.COMPANY_INFO (COMPANY_ID, COMPANY_NAME, COMPANY_CODE, COMPANY_COUNTRY, COMPANY_INTRODUC,
                                     COMPANY_SCALE_NUM, COMPANY_NATURE, COMPANY_LOCATION, COMPANY_MAIL, COMPANY_WEBSITE,
                                     COMPANY_START_DATE, COMPANY_VERIFY, USER_ID, ADD_TIME, IS_DELETE, IS_DELETE_TIME)
VALUES (11, '中国人寿保险（集团）公司', '---', 'CHN',
        '中国人寿保险（集团）公司，是国有特大型金融保险企业，总部设在北京，世界500强企业、中国品牌500强，属中央金融企业。公司前身是成立于1949年的原中国人民保险公司，1996年分设为中保人... ', 4, 1,
        '110000', '---', 'http://www.e-chinalife.com', '1900-01-01', 1, 1, '2019-01-01 00:00:00', 0,
        '2019-01-01 00:00:00');
INSERT INTO youthchina.COMPANY_INFO (COMPANY_ID, COMPANY_NAME, COMPANY_CODE, COMPANY_COUNTRY, COMPANY_INTRODUC,
                                     COMPANY_SCALE_NUM, COMPANY_NATURE, COMPANY_LOCATION, COMPANY_MAIL, COMPANY_WEBSITE,
                                     COMPANY_START_DATE, COMPANY_VERIFY, USER_ID, ADD_TIME, IS_DELETE, IS_DELETE_TIME)
VALUES (12, '中国农业银行股份有限公司', '---', 'CHN',
        '中国农业银行成立于1951年。总行位于北京建国门内大街69号，是中央管理的大型国有银行，国家副部级单位。中国农业银行是中国金融体系的重要组成部分，提供各种公司银行和零售银行产品... ', 4, 1, '110000',
        '---', 'http://www.abchina.com', '1900-01-01', 1, 1, '2019-01-01 00:00:00', 0, '2019-01-01 00:00:00');
INSERT INTO youthchina.COMPANY_INFO (COMPANY_ID, COMPANY_NAME, COMPANY_CODE, COMPANY_COUNTRY, COMPANY_INTRODUC,
                                     COMPANY_SCALE_NUM, COMPANY_NATURE, COMPANY_LOCATION, COMPANY_MAIL, COMPANY_WEBSITE,
                                     COMPANY_START_DATE, COMPANY_VERIFY, USER_ID, ADD_TIME, IS_DELETE, IS_DELETE_TIME)
VALUES (13, '中国银行股份有限公司', '---', 'CHN',
        '中国银行股份有限公司，是中华人民共和国国内第四大银行，为财政部管理的中央金融企业之一。中国银行也是全球29家“系统重要性金融机构”之一，在《财富》杂志的2016年世界500强排名中...', 4, 1, '110000',
        '---', 'http://www.boc.cn', '1900-01-01', 1, 1, '2019-01-01 00:00:00', 0, '2019-01-01 00:00:00');
INSERT INTO youthchina.COMPANY_INFO (COMPANY_ID, COMPANY_NAME, COMPANY_CODE, COMPANY_COUNTRY, COMPANY_INTRODUC,
                                     COMPANY_SCALE_NUM, COMPANY_NATURE, COMPANY_LOCATION, COMPANY_MAIL, COMPANY_WEBSITE,
                                     COMPANY_START_DATE, COMPANY_VERIFY, USER_ID, ADD_TIME, IS_DELETE, IS_DELETE_TIME)
VALUES (14, '中国人民保险集团股份有限公司', '---', 'CHN',
        '中国人民保险集团股份有限公司是一家综合性保险（金融）公司，世界五百强之一，是世界上最大的保险公司之一，属中央金融企业，注册资本为306亿元人民币，在全球保险业中属于实力非常...', 4, 1, '110000',
        '---', 'http://www.picc.com.cn', '1900-01-01', 1, 1, '2019-01-01 00:00:00', 0, '2019-01-01 00:00:00');
INSERT INTO youthchina.COMPANY_INFO (COMPANY_ID, COMPANY_NAME, COMPANY_CODE, COMPANY_COUNTRY, COMPANY_INTRODUC,
                                     COMPANY_SCALE_NUM, COMPANY_NATURE, COMPANY_LOCATION, COMPANY_MAIL, COMPANY_WEBSITE,
                                     COMPANY_START_DATE, COMPANY_VERIFY, USER_ID, ADD_TIME, IS_DELETE, IS_DELETE_TIME)
VALUES (15, '中国交通建设股份有限公司', '---', 'CHN',
        '中国交通建设股份有限公司成立于2006年10月8日，经国务院批准，由中国交通建设集团有限公司整体重组改制并独家发起设立的股份有限公司，并于2006年12月15日在香港联合交易所主板挂牌上市...', 4, 1,
        '110000', '---', 'http://www.ccccltd.cn', '1900-01-01', 1, 1, '2019-01-01 00:00:00', 0, '2019-01-01 00:00:00');
INSERT INTO youthchina.COMPANY_INFO (COMPANY_ID, COMPANY_NAME, COMPANY_CODE, COMPANY_COUNTRY, COMPANY_INTRODUC,
                                     COMPANY_SCALE_NUM, COMPANY_NATURE, COMPANY_LOCATION, COMPANY_MAIL, COMPANY_WEBSITE,
                                     COMPANY_START_DATE, COMPANY_VERIFY, USER_ID, ADD_TIME, IS_DELETE, IS_DELETE_TIME)
VALUES (16, '中国电信股份有限公司', '---', 'CHN',
        '中国电信是按照中华人民共和国电信体制改革方案所组建的特大型国有通信企业和中央企业，是中国第一大固网和数据通信运营商以及第三大移动通信运营商，其在中国的固定电话和固网宽带... ', 4, 1, '110000',
        '---', 'http://www.chinatelecom.com.cn', '1900-01-01', 1, 1, '2019-01-01 00:00:00', 0, '2019-01-01 00:00:00');
INSERT INTO youthchina.COMPANY_INFO (COMPANY_ID, COMPANY_NAME, COMPANY_CODE, COMPANY_COUNTRY, COMPANY_INTRODUC,
                                     COMPANY_SCALE_NUM, COMPANY_NATURE, COMPANY_LOCATION, COMPANY_MAIL, COMPANY_WEBSITE,
                                     COMPANY_START_DATE, COMPANY_VERIFY, USER_ID, ADD_TIME, IS_DELETE, IS_DELETE_TIME)
VALUES (17, '中国中信股份有限公司', '---', 'CHN',
        '中国中信股份有限公司是在香港交易所上市的综合企业公司。中信泰富主要业务是销售及分销，汽车及有关服务、贸易、发电及基础设施、物业、工业制造、以及信息业。中信股份是一家金融... ', 4, 1, '810000',
        '---', 'http://www.citic.com', '1900-01-01', 1, 1, '2019-01-01 00:00:00', 0, '2019-01-01 00:00:00');
INSERT INTO youthchina.COMPANY_INFO (COMPANY_ID, COMPANY_NAME, COMPANY_CODE, COMPANY_COUNTRY, COMPANY_INTRODUC,
                                     COMPANY_SCALE_NUM, COMPANY_NATURE, COMPANY_LOCATION, COMPANY_MAIL, COMPANY_WEBSITE,
                                     COMPANY_START_DATE, COMPANY_VERIFY, USER_ID, ADD_TIME, IS_DELETE, IS_DELETE_TIME)
VALUES (18, '联想控股股份有限公司', '---', 'CHN',
        '联想集团有限公司是中国一家总部设在北京市和美国北卡罗莱纳州罗利市的跨国科技公司，成立于1984年，由中国科学院计算技术研究所投资20万元人民币、11名科技人员创办。联想公司主要研发... ', 4, 1,
        '110000', '---', 'http://www.lenovo.com.cn', '1900-01-01', 1, 1, '2019-01-01 00:00:00', 0,
        '2019-01-01 00:00:00');
INSERT INTO youthchina.COMPANY_INFO (COMPANY_ID, COMPANY_NAME, COMPANY_CODE, COMPANY_COUNTRY, COMPANY_INTRODUC,
                                     COMPANY_SCALE_NUM, COMPANY_NATURE, COMPANY_LOCATION, COMPANY_MAIL, COMPANY_WEBSITE,
                                     COMPANY_START_DATE, COMPANY_VERIFY, USER_ID, ADD_TIME, IS_DELETE, IS_DELETE_TIME)
VALUES (19, '中国联合网络通信股份有限公司', '---', 'CHN',
        '中国联通是指中国联合网络通信集团有限公司等子公司的简称，在中国境内31个省（自治区、直辖市）和境外多个国家和地区设有分支机构，是中国唯一一家同时在上海、纽约、香港三地上市的... ', 4, 1, '110000',
        '---', 'http://www.chinaunicom-a.com', '1900-01-01', 1, 1, '2019-01-01 00:00:00', 0, '2019-01-01 00:00:00');
INSERT INTO youthchina.COMPANY_INFO (COMPANY_ID, COMPANY_NAME, COMPANY_CODE, COMPANY_COUNTRY, COMPANY_INTRODUC,
                                     COMPANY_SCALE_NUM, COMPANY_NATURE, COMPANY_LOCATION, COMPANY_MAIL, COMPANY_WEBSITE,
                                     COMPANY_START_DATE, COMPANY_VERIFY, USER_ID, ADD_TIME, IS_DELETE, IS_DELETE_TIME)
VALUES (20, '中国太平洋保险(集团)股份有限公司', '---', 'CHN',
        '中国太平洋保险的前身中国太平洋保险公司，成立于1991年5月13日，是经中国人民银行批准设立的全国性股份制商业保险公司。2001年，根据中国国务院和中国保监会分业经营机构体制改革的批复...', 4, 1,
        '310000', '---', 'http://www.cpic.com.cn', '1900-01-01', 1, 1, '2019-01-01 00:00:00', 0, '2019-01-01 00:00:00');
INSERT INTO youthchina.COMPANY_INFO (COMPANY_ID, COMPANY_NAME, COMPANY_CODE, COMPANY_COUNTRY, COMPANY_INTRODUC,
                                     COMPANY_SCALE_NUM, COMPANY_NATURE, COMPANY_LOCATION, COMPANY_MAIL, COMPANY_WEBSITE,
                                     COMPANY_START_DATE, COMPANY_VERIFY, USER_ID, ADD_TIME, IS_DELETE, IS_DELETE_TIME)
VALUES (21, '京东商城电子商务有限公司', '---', 'CHN',
        '京东商城是中国一家自营式零售购物网站。2014年，京东集团在美国纳斯达克证券交易所上市，成为中国第一个赴美上市的大型综合型电商平台，2015年第一季度在中国自营式B2C电商市场的占有率...', 4, 1,
        '110000', '---', 'http://www.jd.com', '1900-01-01', 1, 1, '2019-01-01 00:00:00', 0, '2019-01-01 00:00:00');
INSERT INTO youthchina.COMPANY_INFO (COMPANY_ID, COMPANY_NAME, COMPANY_CODE, COMPANY_COUNTRY, COMPANY_INTRODUC,
                                     COMPANY_SCALE_NUM, COMPANY_NATURE, COMPANY_LOCATION, COMPANY_MAIL, COMPANY_WEBSITE,
                                     COMPANY_START_DATE, COMPANY_VERIFY, USER_ID, ADD_TIME, IS_DELETE, IS_DELETE_TIME)
VALUES (22, '国药控股股份有限公司', '---', 'CHN',
        '国药控股股份有限公司成立于2003年1月。2009年9月23日在香港上市。作为中国最大的药品及医疗保健产品分销商及领先的供应链服务商，公司拥有并经营中国最大的药品分销网络。2005年以来，在... ', 4, 1,
        '310000', '---', 'http://www.sinopharmgroup.com.cn', '1900-01-01', 1, 1, '2019-01-01 00:00:00', 0,
        '2019-01-01 00:00:00');
INSERT INTO youthchina.COMPANY_INFO (COMPANY_ID, COMPANY_NAME, COMPANY_CODE, COMPANY_COUNTRY, COMPANY_INTRODUC,
                                     COMPANY_SCALE_NUM, COMPANY_NATURE, COMPANY_LOCATION, COMPANY_MAIL, COMPANY_WEBSITE,
                                     COMPANY_START_DATE, COMPANY_VERIFY, USER_ID, ADD_TIME, IS_DELETE, IS_DELETE_TIME)
VALUES (23, '绿地控股集团股份有限公司', '---', 'CHN',
        '绿地控股集团有限公司是一家总部设立在中华人民共和国上海的国有控股跨国企业集团，业务为房地产、能源、金融及酒店等投资。2013年，绿地集团在中国企业500强中位列第55位，并在财富世...', 4, 1, '310000',
        '---', 'http://www.greenlandsc.com', '1900-01-01', 1, 1, '2019-01-01 00:00:00', 0, '2019-01-01 00:00:00');
INSERT INTO youthchina.COMPANY_INFO (COMPANY_ID, COMPANY_NAME, COMPANY_CODE, COMPANY_COUNTRY, COMPANY_INTRODUC,
                                     COMPANY_SCALE_NUM, COMPANY_NATURE, COMPANY_LOCATION, COMPANY_MAIL, COMPANY_WEBSITE,
                                     COMPANY_START_DATE, COMPANY_VERIFY, USER_ID, ADD_TIME, IS_DELETE, IS_DELETE_TIME)
VALUES (24, '万科企业股份有限公司', '---', 'CHN',
        '万科企业股份有限公司，简称万科或万科集团，总部位于中国深圳市盐田区大梅沙环梅路33号，现任董事会名誉主席为王石，董事会主席为郁亮，总裁、首席执行官为祝九胜。', 4, 1, '440300', '---',
        'https://www.vanke.com', '1900-01-01', 1, 1, '2019-01-01 00:00:00', 0, '2019-01-01 00:00:00');
INSERT INTO youthchina.COMPANY_INFO (COMPANY_ID, COMPANY_NAME, COMPANY_CODE, COMPANY_COUNTRY, COMPANY_INTRODUC,
                                     COMPANY_SCALE_NUM, COMPANY_NATURE, COMPANY_LOCATION, COMPANY_MAIL, COMPANY_WEBSITE,
                                     COMPANY_START_DATE, COMPANY_VERIFY, USER_ID, ADD_TIME, IS_DELETE, IS_DELETE_TIME)
VALUES (25, '中国电力建设股份有限公司', '---', 'CHN',
        '中国电力建设集团有限公司是由国务院批准由中国水利水电建设集团公司、中国水电工程顾问集团公司和其他14个省（区域）电网企业所属的勘测设计企业、电力施工企业、装备修造企业于2011... ', 4, 1, '110000',
        '---', 'http://www.powerchina.cn', '1900-01-01', 1, 1, '2019-01-01 00:00:00', 0, '2019-01-01 00:00:00');
INSERT INTO youthchina.COMPANY_INFO (COMPANY_ID, COMPANY_NAME, COMPANY_CODE, COMPANY_COUNTRY, COMPANY_INTRODUC,
                                     COMPANY_SCALE_NUM, COMPANY_NATURE, COMPANY_LOCATION, COMPANY_MAIL, COMPANY_WEBSITE,
                                     COMPANY_START_DATE, COMPANY_VERIFY, USER_ID, ADD_TIME, IS_DELETE, IS_DELETE_TIME)
VALUES (26, '中国中车股份有限公司', '---', 'CHN',
        '中国中车股份有限公司，简称中国中车或CRRC，是中国一家从事铁路机车、铁路车辆、动车组、地铁及其零部件的研发、制造、厂修及IGBT、公交车等周边产业的大型中央企业，不但是中国最大的... ', 4, 1,
        '110000', '---', 'http://www.crrcgc.cc', '1900-01-01', 1, 1, '2019-01-01 00:00:00', 0, '2019-01-01 00:00:00');
INSERT INTO youthchina.COMPANY_INFO (COMPANY_ID, COMPANY_NAME, COMPANY_CODE, COMPANY_COUNTRY, COMPANY_INTRODUC,
                                     COMPANY_SCALE_NUM, COMPANY_NATURE, COMPANY_LOCATION, COMPANY_MAIL, COMPANY_WEBSITE,
                                     COMPANY_START_DATE, COMPANY_VERIFY, USER_ID, ADD_TIME, IS_DELETE, IS_DELETE_TIME)
VALUES (27, '中国能源建设股份有限公司', '---', 'CHN',
        '中国能源建设集团有限公司，简称中国能源建设集团、中国能源建设，以及中国能源，在2011年9月29日，由中国葛洲坝集团公司、中国电力工程顾问集团公司和原有国家电网公司、中国南方电网...', 4, 1, '110000',
        '---', 'http://www.ceec.net.cn', '1900-01-01', 1, 1, '2019-01-01 00:00:00', 0, '2019-01-01 00:00:00');
INSERT INTO youthchina.COMPANY_INFO (COMPANY_ID, COMPANY_NAME, COMPANY_CODE, COMPANY_COUNTRY, COMPANY_INTRODUC,
                                     COMPANY_SCALE_NUM, COMPANY_NATURE, COMPANY_LOCATION, COMPANY_MAIL, COMPANY_WEBSITE,
                                     COMPANY_START_DATE, COMPANY_VERIFY, USER_ID, ADD_TIME, IS_DELETE, IS_DELETE_TIME)
VALUES (28, '中国冶金科工股份有限公司', '---', 'CHN',
        '中国冶金科工集团有限公司隶属中国五矿集团公司，是中国冶金工业的开拓者和建设者，先后承担了宝钢、鞍钢、武钢、攀钢等国家主要钢铁工业基地的建设任务，为中国冶金工业的发展立下... ', 4, 1, '110000',
        '---', 'http://www.mcc.com.cn', '1900-01-01', 1, 1, '2019-01-01 00:00:00', 0, '2019-01-01 00:00:00');
INSERT INTO youthchina.COMPANY_INFO (COMPANY_ID, COMPANY_NAME, COMPANY_CODE, COMPANY_COUNTRY, COMPANY_INTRODUC,
                                     COMPANY_SCALE_NUM, COMPANY_NATURE, COMPANY_LOCATION, COMPANY_MAIL, COMPANY_WEBSITE,
                                     COMPANY_START_DATE, COMPANY_VERIFY, USER_ID, ADD_TIME, IS_DELETE, IS_DELETE_TIME)
VALUES (29, '中国恒大集团', '---', 'CHN',
        '中国恒大集团，简称恒大，是中国大陆的大型住宅物业开发商，是中国十大房地产企业之一。它也是广东省五大地产发展商之一。2018年5月25日，中国房地产业协会、中国房地产测评中心联合发...', 4, 1, '440300',
        '---', 'http://www.evergrande.com', '1900-01-01', 1, 1, '2019-01-01 00:00:00', 0, '2019-01-01 00:00:00');
INSERT INTO youthchina.COMPANY_INFO (COMPANY_ID, COMPANY_NAME, COMPANY_CODE, COMPANY_COUNTRY, COMPANY_INTRODUC,
                                     COMPANY_SCALE_NUM, COMPANY_NATURE, COMPANY_LOCATION, COMPANY_MAIL, COMPANY_WEBSITE,
                                     COMPANY_START_DATE, COMPANY_VERIFY, USER_ID, ADD_TIME, IS_DELETE, IS_DELETE_TIME)
VALUES (30, '招商银行股份有限公司', '---', 'CHN',
        '招商银行在1987年成立于深圳蛇口，为招商局集团下属公司，是中国境内第一家完全由企业法人持股的股份制商业，也是中国内地市值第五大的银行。自2012年首次入围《财富》世界500强以来，已...', 4, 1,
        '440300', '---', 'http://www.cmbchina.com', '1900-01-01', 1, 1, '2019-01-01 00:00:00', 0,
        '2019-01-01 00:00:00');
INSERT INTO youthchina.COMPANY_INFO (COMPANY_ID, COMPANY_NAME, COMPANY_CODE, COMPANY_COUNTRY, COMPANY_INTRODUC,
                                     COMPANY_SCALE_NUM, COMPANY_NATURE, COMPANY_LOCATION, COMPANY_MAIL, COMPANY_WEBSITE,
                                     COMPANY_START_DATE, COMPANY_VERIFY, USER_ID, ADD_TIME, IS_DELETE, IS_DELETE_TIME)
VALUES (31, '物产中大集团股份有限公司', '---', 'CHN',
        '浙江中大集团股份有限公司位于浙江省杭州市中大广场A座，创建于1992年，前身是浙江省服装进出口公司，是以纺织服装国际贸易起家的国有控股公司，也是外经贸部推荐的第一家外贸上市公司...', 4, 1, '330000',
        '---', 'http://www.zjmi.com.cn', '1900-01-01', 1, 1, '2019-01-01 00:00:00', 0, '2019-01-01 00:00:00');
INSERT INTO youthchina.COMPANY_INFO (COMPANY_ID, COMPANY_NAME, COMPANY_CODE, COMPANY_COUNTRY, COMPANY_INTRODUC,
                                     COMPANY_SCALE_NUM, COMPANY_NATURE, COMPANY_LOCATION, COMPANY_MAIL, COMPANY_WEBSITE,
                                     COMPANY_START_DATE, COMPANY_VERIFY, USER_ID, ADD_TIME, IS_DELETE, IS_DELETE_TIME)
VALUES (32, '江西铜业集团公司', '---', 'CHN',
        '江西铜业股份有限公司，简称江铜，是一家在香港交易所和上海证券交易所上市的工业公司。它是中国最大的铜业公司，主要业务是采矿、选矿、熔炼与精炼，生产阴铜及副产品，包括硫精矿... ', 4, 1, '360000',
        '---', 'http://www.jxcc.com', '1900-01-01', 1, 1, '2019-01-01 00:00:00', 0, '2019-01-01 00:00:00');
INSERT INTO youthchina.COMPANY_INFO (COMPANY_ID, COMPANY_NAME, COMPANY_CODE, COMPANY_COUNTRY, COMPANY_INTRODUC,
                                     COMPANY_SCALE_NUM, COMPANY_NATURE, COMPANY_LOCATION, COMPANY_MAIL, COMPANY_WEBSITE,
                                     COMPANY_START_DATE, COMPANY_VERIFY, USER_ID, ADD_TIME, IS_DELETE, IS_DELETE_TIME)
VALUES (33, '交通银行股份有限公司', '---', 'CHN',
        '交通银行始于1908年，是中国历史最悠久的银行之一，也是近代中国的发钞行之一。1987年4月1日，重新组建后的交通银行正式对外营业，成为中国第一家全国性的国有股份制商业银行，总行设在... ', 4, 1,
        '310000', '---', 'http://www.bankcomm.com', '1900-01-01', 1, 1, '2019-01-01 00:00:00', 0,
        '2019-01-01 00:00:00');
INSERT INTO youthchina.COMPANY_INFO (COMPANY_ID, COMPANY_NAME, COMPANY_CODE, COMPANY_COUNTRY, COMPANY_INTRODUC,
                                     COMPANY_SCALE_NUM, COMPANY_NATURE, COMPANY_LOCATION, COMPANY_MAIL, COMPANY_WEBSITE,
                                     COMPANY_START_DATE, COMPANY_VERIFY, USER_ID, ADD_TIME, IS_DELETE, IS_DELETE_TIME)
VALUES (34, '中国邮政储蓄银行股份有限公司', '---', 'CHN',
        '中国邮政储蓄银行于2007年3月20日正式挂牌成立，是中国第五大银行，是在改革邮政储蓄管理体制的基础上组建的国有商业银行。中国邮政储蓄银行承继原国家邮政局、中国邮政集团公司经营的...', 4, 1, '110000',
        '---', 'http://www.psbc.com', '1900-01-01', 1, 1, '2019-01-01 00:00:00', 0, '2019-01-01 00:00:00');
INSERT INTO youthchina.COMPANY_INFO (COMPANY_ID, COMPANY_NAME, COMPANY_CODE, COMPANY_COUNTRY, COMPANY_INTRODUC,
                                     COMPANY_SCALE_NUM, COMPANY_NATURE, COMPANY_LOCATION, COMPANY_MAIL, COMPANY_WEBSITE,
                                     COMPANY_START_DATE, COMPANY_VERIFY, USER_ID, ADD_TIME, IS_DELETE, IS_DELETE_TIME)
VALUES (35, '宝山钢铁股份有限公司', '---', 'CHN',
        '中国宝武钢铁集团有限公司由原宝钢集团有限公司和武汉钢铁（集团）公司联合重组而成，为国有独资公司，是中国最具竞争力的钢铁联合企业，总部位于上海。宝武已涉足包括钢铁主业和资... ', 4, 1, '310000',
        '---', 'http://www.baosteel.com', '1900-01-01', 1, 1, '2019-01-01 00:00:00', 0, '2019-01-01 00:00:00');
INSERT INTO youthchina.COMPANY_INFO (COMPANY_ID, COMPANY_NAME, COMPANY_CODE, COMPANY_COUNTRY, COMPANY_INTRODUC,
                                     COMPANY_SCALE_NUM, COMPANY_NATURE, COMPANY_LOCATION, COMPANY_MAIL, COMPANY_WEBSITE,
                                     COMPANY_START_DATE, COMPANY_VERIFY, USER_ID, ADD_TIME, IS_DELETE, IS_DELETE_TIME)
VALUES (36, '阿里巴巴网络技术有限公司', '---', 'CHN',
        '阿里巴巴集团（NYSE：BABA）创立于1999年。2014年9月19日，阿里巴巴集团在纽约证券交易所正式挂牌上市，创始人和董事局主席为马云。2018年7月19日，全球同步《财富》世界500强排行榜发布，阿里...',
        4, 1, '330100', '---', 'http://www.alibaba.com', '1900-01-01', 1, 1, '2019-01-01 00:00:00', 0,
        '2019-01-01 00:00:00');
INSERT INTO youthchina.COMPANY_INFO (COMPANY_ID, COMPANY_NAME, COMPANY_CODE, COMPANY_COUNTRY, COMPANY_INTRODUC,
                                     COMPANY_SCALE_NUM, COMPANY_NATURE, COMPANY_LOCATION, COMPANY_MAIL, COMPANY_WEBSITE,
                                     COMPANY_START_DATE, COMPANY_VERIFY, USER_ID, ADD_TIME, IS_DELETE, IS_DELETE_TIME)
VALUES (37, '深圳市腾讯计算机系统有限公司', '---', 'CHN',
        '腾讯科技股份有限公司（港交所：700）是中国规模最大的互联网公司，1998年11月由马化腾、张志东、陈一丹、许晨晔、曾李青5位创始人共同创立，总部位于深圳南山区腾讯大厦。腾讯业务拓展... ', 4, 1,
        '440300', '---', 'https://www.tencent.com', '1900-01-01', 1, 1, '2019-01-01 00:00:00', 0,
        '2019-01-01 00:00:00');
INSERT INTO youthchina.COMPANY_INFO (COMPANY_ID, COMPANY_NAME, COMPANY_CODE, COMPANY_COUNTRY, COMPANY_INTRODUC,
                                     COMPANY_SCALE_NUM, COMPANY_NATURE, COMPANY_LOCATION, COMPANY_MAIL, COMPANY_WEBSITE,
                                     COMPANY_START_DATE, COMPANY_VERIFY, USER_ID, ADD_TIME, IS_DELETE, IS_DELETE_TIME)
VALUES (38, '百度公司', '---', 'CHN',
        '百度（纳斯达克：BIDU），全球最大的中文搜索引擎、最大的中文网站。百度愿景是：成为最懂用户，并能帮助人们成长的全球顶级高科技公司。“百度”二字，来自于八百年前南宋词人辛弃疾... ', 4, 1, '110000',
        '---', 'https://www.baidu.com', '1900-01-01', 1, 1, '2019-01-01 00:00:00', 0, '2019-01-01 00:00:00');
INSERT INTO youthchina.COMPANY_INFO (COMPANY_ID, COMPANY_NAME, COMPANY_CODE, COMPANY_COUNTRY, COMPANY_INTRODUC,
                                     COMPANY_SCALE_NUM, COMPANY_NATURE, COMPANY_LOCATION, COMPANY_MAIL, COMPANY_WEBSITE,
                                     COMPANY_START_DATE, COMPANY_VERIFY, USER_ID, ADD_TIME, IS_DELETE, IS_DELETE_TIME)
VALUES (39, '北京京东世纪贸易有限公司', '---', 'CHN',
        '京东（股票代码：JD），中国自营式电商企业，创始人刘强东担任京东集团董事局主席兼首席执行官。旗下设有京东商城、京东金融、拍拍网、京东智能、O2O及海外事业部等。2013年正式获得虚...', 4, 1, '110000',
        '---', 'https://www.jd.com ', '1900-01-01', 1, 1, '2019-01-01 00:00:00', 0, '2019-01-01 00:00:00');
INSERT INTO youthchina.COMPANY_INFO (COMPANY_ID, COMPANY_NAME, COMPANY_CODE, COMPANY_COUNTRY, COMPANY_INTRODUC,
                                     COMPANY_SCALE_NUM, COMPANY_NATURE, COMPANY_LOCATION, COMPANY_MAIL, COMPANY_WEBSITE,
                                     COMPANY_START_DATE, COMPANY_VERIFY, USER_ID, ADD_TIME, IS_DELETE, IS_DELETE_TIME)
VALUES (40, '网易公司', '---', 'CHN',
        '网易（NASDAQ：NTES）是一家互联网技术公司，利用互联网技术，加强人与人之间信息的交流和共享，实现“网聚人的力量”，创始人兼CEO是丁磊。目前提供网络游戏、门户网站、移动新闻客户端...', 4, 1,
        '440100', '---', 'http://www.163.com', '1900-01-01', 1, 1, '2019-01-01 00:00:00', 0, '2019-01-01 00:00:00');
INSERT INTO youthchina.COMPANY_INFO (COMPANY_ID, COMPANY_NAME, COMPANY_CODE, COMPANY_COUNTRY, COMPANY_INTRODUC,
                                     COMPANY_SCALE_NUM, COMPANY_NATURE, COMPANY_LOCATION, COMPANY_MAIL, COMPANY_WEBSITE,
                                     COMPANY_START_DATE, COMPANY_VERIFY, USER_ID, ADD_TIME, IS_DELETE, IS_DELETE_TIME)
VALUES (41, '新浪公司', '---', 'CHN',
        '新浪（NASDAQ：SINA）新浪公司是一家服务于中国及全球华人社群的网络媒体公司，成立于1998年12月，由王志东创立，现任董事长曹国伟，服务大中华地区与海外华人，新浪拥有多家地区性网站。... ', 4, 1,
        '110000', '---', 'http://www.sina.com.cn', '1900-01-01', 1, 1, '2019-01-01 00:00:00', 0, '2019-01-01 00:00:00');
INSERT INTO youthchina.COMPANY_INFO (COMPANY_ID, COMPANY_NAME, COMPANY_CODE, COMPANY_COUNTRY, COMPANY_INTRODUC,
                                     COMPANY_SCALE_NUM, COMPANY_NATURE, COMPANY_LOCATION, COMPANY_MAIL, COMPANY_WEBSITE,
                                     COMPANY_START_DATE, COMPANY_VERIFY, USER_ID, ADD_TIME, IS_DELETE, IS_DELETE_TIME)
VALUES (42, '搜狐公司', '---', 'CHN',
        '搜狐（NASDAQ：SOHU），是一家互联网中文门户网站。1995年，搜狐创始人张朝阳从美国麻省理工学院毕业回到中国，利用风险投资创建了爱特信信息技术有限公司，1998年正式推出搜狐网。2000年，... ', 4, 1,
        '110000', '---', 'http://www.sohu.com', '1900-01-01', 1, 1, '2019-01-01 00:00:00', 0, '2019-01-01 00:00:00');
INSERT INTO youthchina.COMPANY_INFO (COMPANY_ID, COMPANY_NAME, COMPANY_CODE, COMPANY_COUNTRY, COMPANY_INTRODUC,
                                     COMPANY_SCALE_NUM, COMPANY_NATURE, COMPANY_LOCATION, COMPANY_MAIL, COMPANY_WEBSITE,
                                     COMPANY_START_DATE, COMPANY_VERIFY, USER_ID, ADD_TIME, IS_DELETE, IS_DELETE_TIME)
VALUES (43, '北京三快在线科技有限公司', '---', 'CHN',
        '美团的使命是“帮大家吃得更好，生活更好”。作为中国领先的生活服务电子商务平台，公司拥有美团、大众点评、美团外卖、美团打车、摩拜单车等消费者熟知的App，服务涵盖餐饮、外卖、...', 4, 1, '110000',
        '---', 'http://www.meituan.com', '1900-01-01', 1, 1, '2019-01-01 00:00:00', 0, '2019-01-01 00:00:00');
INSERT INTO youthchina.COMPANY_INFO (COMPANY_ID, COMPANY_NAME, COMPANY_CODE, COMPANY_COUNTRY, COMPANY_INTRODUC,
                                     COMPANY_SCALE_NUM, COMPANY_NATURE, COMPANY_LOCATION, COMPANY_MAIL, COMPANY_WEBSITE,
                                     COMPANY_START_DATE, COMPANY_VERIFY, USER_ID, ADD_TIME, IS_DELETE, IS_DELETE_TIME)
VALUES (44, '北京奇虎科技有限公司', '---', 'CHN',
        '奇虎360是（北京奇虎科技有限公司）的简称，由周鸿祎于2005年9月创立，主营360杀毒为代表的免费网络安全平台和拥有问答等独立业务的公司。该公司主要依靠在线广告、游戏、互联网和增值业...', 4, 1,
        '110000', '---', 'http://www.360.com', '1900-01-01', 1, 1, '2019-01-01 00:00:00', 0, '2019-01-01 00:00:00');
INSERT INTO youthchina.COMPANY_INFO (COMPANY_ID, COMPANY_NAME, COMPANY_CODE, COMPANY_COUNTRY, COMPANY_INTRODUC,
                                     COMPANY_SCALE_NUM, COMPANY_NATURE, COMPANY_LOCATION, COMPANY_MAIL, COMPANY_WEBSITE,
                                     COMPANY_START_DATE, COMPANY_VERIFY, USER_ID, ADD_TIME, IS_DELETE, IS_DELETE_TIME)
VALUES (45, '北京小米科技有限责任公司', '---', 'CHN',
        '北京小米科技有限责任公司成立于2010年3月3日，是一家专注于智能硬件和电子产品研发的移动互联网公司，同时也是一家专注于高端智能手机、互联网电视以及智能家居生态链建设的创新型科... ', 4, 1, '110000',
        '---', 'http://www.mi.com', '1900-01-01', 1, 1, '2019-01-01 00:00:00', 0, '2019-01-01 00:00:00');
INSERT INTO youthchina.COMPANY_INFO (COMPANY_ID, COMPANY_NAME, COMPANY_CODE, COMPANY_COUNTRY, COMPANY_INTRODUC,
                                     COMPANY_SCALE_NUM, COMPANY_NATURE, COMPANY_LOCATION, COMPANY_MAIL, COMPANY_WEBSITE,
                                     COMPANY_START_DATE, COMPANY_VERIFY, USER_ID, ADD_TIME, IS_DELETE, IS_DELETE_TIME)
VALUES (46, '北京字节跳动科技有限公司', '---', 'CHN',
        '北京字节跳动科技有限公司成立于2012年3月，是最早将人工智能应用于移动互联网场景的科技企业之一。公司以建设“全球创作与交流平台”为愿景。字节跳动的全球化布局始于2015年，“技术...', 4, 1, '110000',
        '---', 'http://www.bytedance.com ', '1900-01-01', 1, 1, '2019-01-01 00:00:00', 0, '2019-01-01 00:00:00');
INSERT INTO youthchina.COMPANY_INFO (COMPANY_ID, COMPANY_NAME, COMPANY_CODE, COMPANY_COUNTRY, COMPANY_INTRODUC,
                                     COMPANY_SCALE_NUM, COMPANY_NATURE, COMPANY_LOCATION, COMPANY_MAIL, COMPANY_WEBSITE,
                                     COMPANY_START_DATE, COMPANY_VERIFY, USER_ID, ADD_TIME, IS_DELETE, IS_DELETE_TIME)
VALUES (47, '网宿科技股份有限公司', '---', 'CHN',
        '网宿科技股份有限公司（股票代码：300017），最早成立于2000年1月，是国内领先的互联网业务平台提供商，主要向客户提供内容分发与加速、服务器托管及租用、以及网络优化解决方案等服务，...', 4, 1,
        '310000', '---', 'http://www.wangsu.com', '1900-01-01', 1, 1, '2019-01-01 00:00:00', 0, '2019-01-01 00:00:00');
INSERT INTO youthchina.COMPANY_INFO (COMPANY_ID, COMPANY_NAME, COMPANY_CODE, COMPANY_COUNTRY, COMPANY_INTRODUC,
                                     COMPANY_SCALE_NUM, COMPANY_NATURE, COMPANY_LOCATION, COMPANY_MAIL, COMPANY_WEBSITE,
                                     COMPANY_START_DATE, COMPANY_VERIFY, USER_ID, ADD_TIME, IS_DELETE, IS_DELETE_TIME)
VALUES (48, '58集团', '---', 'CHN',
        '58集团一直专注于中国互联网生活服务领域，遵循“用户第一、主动协作、简单可信、创业精神、学习成长”企业核心价值观，以“通过互联网让人们生活更简单”企业使命，以“人人信赖的生... ', 4, 1, '110000',
        '---', 'http://www.58.com', '1900-01-01', 1, 1, '2019-01-01 00:00:00', 0, '2019-01-01 00:00:00');
INSERT INTO youthchina.COMPANY_INFO (COMPANY_ID, COMPANY_NAME, COMPANY_CODE, COMPANY_COUNTRY, COMPANY_INTRODUC,
                                     COMPANY_SCALE_NUM, COMPANY_NATURE, COMPANY_LOCATION, COMPANY_MAIL, COMPANY_WEBSITE,
                                     COMPANY_START_DATE, COMPANY_VERIFY, USER_ID, ADD_TIME, IS_DELETE, IS_DELETE_TIME)
VALUES (49, '金山软件有限公司', '---', 'CHN',
        '金山软件股份有限公司创建于1988年，是中国领先的应用软件产品和服务供应商。总部在北京，公司机构分别设立在广东珠海、北京、成都、大连，并在日本设有分公司。现金山软件股份有限公... ', 4, 1, '110000',
        '---', 'https://www.kingsoft.com ', '1900-01-01', 1, 1, '2019-01-01 00:00:00', 0, '2019-01-01 00:00:00');
INSERT INTO youthchina.COMPANY_INFO (COMPANY_ID, COMPANY_NAME, COMPANY_CODE, COMPANY_COUNTRY, COMPANY_INTRODUC,
                                     COMPANY_SCALE_NUM, COMPANY_NATURE, COMPANY_LOCATION, COMPANY_MAIL, COMPANY_WEBSITE,
                                     COMPANY_START_DATE, COMPANY_VERIFY, USER_ID, ADD_TIME, IS_DELETE, IS_DELETE_TIME)
VALUES (50, '携程计算机技术（上海）有限公司', '---', 'CHN',
        '携程旅行网创立于1999年，总部设在中国上海，员工超过30000人，目前公司已在北京、广州、深圳、成都、杭州、南京、厦门、重庆、青岛、武汉、三亚、南通等95个境内城市，新加坡、首尔、香...', 4, 1,
        '310000', '---', 'http://www.ctrip.com', '1900-01-01', 1, 1, '2019-01-01 00:00:00', 0, '2019-01-01 00:00:00');
INSERT INTO youthchina.COMPANY_INFO (COMPANY_ID, COMPANY_NAME, COMPANY_CODE, COMPANY_COUNTRY, COMPANY_INTRODUC,
                                     COMPANY_SCALE_NUM, COMPANY_NATURE, COMPANY_LOCATION, COMPANY_MAIL, COMPANY_WEBSITE,
                                     COMPANY_START_DATE, COMPANY_VERIFY, USER_ID, ADD_TIME, IS_DELETE, IS_DELETE_TIME)
VALUES (51, '上海二三四五网络控股集团股份有限公司', '---', 'CHN',
        '上海二三四五网络科技有限公司于2005年9月建立，是一家以互联网运营和软件开发为一体，拥有高水平的产品、运营团队及雄厚资本实力的国内领先互联网企业。上海二三四五网络科技有限公司...', 4, 1, '310000',
        '---', 'http://www.2345.com', '1900-01-01', 1, 1, '2019-01-01 00:00:00', 0, '2019-01-01 00:00:00');
INSERT INTO youthchina.COMPANY_INFO (COMPANY_ID, COMPANY_NAME, COMPANY_CODE, COMPANY_COUNTRY, COMPANY_INTRODUC,
                                     COMPANY_SCALE_NUM, COMPANY_NATURE, COMPANY_LOCATION, COMPANY_MAIL, COMPANY_WEBSITE,
                                     COMPANY_START_DATE, COMPANY_VERIFY, USER_ID, ADD_TIME, IS_DELETE, IS_DELETE_TIME)
VALUES (52, '美图公司', '---', 'CHN',
        '美图公司成立于2008年10月，是中国领先的移动互联网公司，围绕着“美”创造了美图秀秀、美颜相机、BeautyPlus（美颜相机海外版）、潮自拍、美妆相机、美拍、美图手机等一系列软硬件产品，... ', 4, 1,
        '350200', '---', 'https://corp.meitu.com', '1900-01-01', 1, 1, '2019-01-01 00:00:00', 0, '2019-01-01 00:00:00');
INSERT INTO youthchina.COMPANY_INFO (COMPANY_ID, COMPANY_NAME, COMPANY_CODE, COMPANY_COUNTRY, COMPANY_INTRODUC,
                                     COMPANY_SCALE_NUM, COMPANY_NATURE, COMPANY_LOCATION, COMPANY_MAIL, COMPANY_WEBSITE,
                                     COMPANY_START_DATE, COMPANY_VERIFY, USER_ID, ADD_TIME, IS_DELETE, IS_DELETE_TIME)
VALUES (53, '新华网股份有限公司', '---', 'CHN',
        '新华网股份有限公司是由新华通讯社管理的中央企业。新华网是由党中央、国务院直接部署，新华社主办的中央重点新闻网站主力军，是党和国家重要的网上舆论阵地。2016年10月28日，新华网股... ', 4, 1,
        '110000', '---', 'http://www.xinhuanet.com ', '1900-01-01', 1, 1, '2019-01-01 00:00:00', 0,
        '2019-01-01 00:00:00');
INSERT INTO youthchina.COMPANY_INFO (COMPANY_ID, COMPANY_NAME, COMPANY_CODE, COMPANY_COUNTRY, COMPANY_INTRODUC,
                                     COMPANY_SCALE_NUM, COMPANY_NATURE, COMPANY_LOCATION, COMPANY_MAIL, COMPANY_WEBSITE,
                                     COMPANY_START_DATE, COMPANY_VERIFY, USER_ID, ADD_TIME, IS_DELETE, IS_DELETE_TIME)
VALUES (54, '苏宁控股集团有限公司', '---', 'CHN',
        '苏宁创立于1990年，员工18万人，在中国和日本拥有两家上市公司，分别是苏宁云商(002024.SZ)和乐购仕(ラオックス【8202】左尖括号东证2部右尖括号)。秉承“引领产业生态、共创品质生活”的企业使命，苏宁产业... ',
        4, 1, '320100', '---', 'http://www.suning.cn', '1900-01-01', 1, 1, '2019-01-01 00:00:00', 0,
        '2019-01-01 00:00:00');
INSERT INTO youthchina.COMPANY_INFO (COMPANY_ID, COMPANY_NAME, COMPANY_CODE, COMPANY_COUNTRY, COMPANY_INTRODUC,
                                     COMPANY_SCALE_NUM, COMPANY_NATURE, COMPANY_LOCATION, COMPANY_MAIL, COMPANY_WEBSITE,
                                     COMPANY_START_DATE, COMPANY_VERIFY, USER_ID, ADD_TIME, IS_DELETE, IS_DELETE_TIME)
VALUES (55, '北京车之家信息技术有限公司', '---', 'CHN',
        '汽车之家成立于2005年6月，是全球访问量最大的汽车网站。汽车之家为汽车消费者提供选车、买车、用车、换车等所有环节的全面、准确、快捷的一站式服务。汽车之家致力于通过产品服务、数...', 4, 1, '110000',
        '---', 'http://www.autohome.com.cn', '1900-01-01', 1, 1, '2019-01-01 00:00:00', 0, '2019-01-01 00:00:00');
INSERT INTO youthchina.COMPANY_INFO (COMPANY_ID, COMPANY_NAME, COMPANY_CODE, COMPANY_COUNTRY, COMPANY_INTRODUC,
                                     COMPANY_SCALE_NUM, COMPANY_NATURE, COMPANY_LOCATION, COMPANY_MAIL, COMPANY_WEBSITE,
                                     COMPANY_START_DATE, COMPANY_VERIFY, USER_ID, ADD_TIME, IS_DELETE, IS_DELETE_TIME)
VALUES (56, '用友网络科技股份有限公司', '---', 'CHN',
        '用友公司成立于1988年，是亚太本土领先的企业管理软件和企业移动应用、企业云服务提供商，是中国最大的ERP、CRM、人力资源管理、商业分析、内审、小微企业管理软件和财政、汽车、烟草等... ', 4, 1,
        '110000', '---', 'http://www.yonyou.com', '1900-01-01', 1, 1, '2019-01-01 00:00:00', 0, '2019-01-01 00:00:00');
INSERT INTO youthchina.COMPANY_INFO (COMPANY_ID, COMPANY_NAME, COMPANY_CODE, COMPANY_COUNTRY, COMPANY_INTRODUC,
                                     COMPANY_SCALE_NUM, COMPANY_NATURE, COMPANY_LOCATION, COMPANY_MAIL, COMPANY_WEBSITE,
                                     COMPANY_START_DATE, COMPANY_VERIFY, USER_ID, ADD_TIME, IS_DELETE, IS_DELETE_TIME)
VALUES (57, '咪咕文化科技有限公司', '---', 'CHN',
        '咪咕文化科技有限公司是中国移动面向移动互联网领域设立的，负责数字内容领域产品提供、运营、服务一体化的专业子公司，是中国移动旗下音乐、视频、阅读、游戏、动漫数字内容业务板... ', 4, 1, '110000',
        '---', 'http://www.migu.cn', '1900-01-01', 1, 1, '2019-01-01 00:00:00', 0, '2019-01-01 00:00:00');
INSERT INTO youthchina.COMPANY_INFO (COMPANY_ID, COMPANY_NAME, COMPANY_CODE, COMPANY_COUNTRY, COMPANY_INTRODUC,
                                     COMPANY_SCALE_NUM, COMPANY_NATURE, COMPANY_LOCATION, COMPANY_MAIL, COMPANY_WEBSITE,
                                     COMPANY_START_DATE, COMPANY_VERIFY, USER_ID, ADD_TIME, IS_DELETE, IS_DELETE_TIME)
VALUES (58, '三七互娱（上海）科技有限公司', '---', 'CHN',
        '三七互娱（上海）科技有限公司（简称“三七互娱”）成立于2011年，是中国互联网二十强企业，于2015年完成整体上市（股票代码：002555），被纳入中证沪深300指数、明晟MSCI指数、高盛“新漂...', 4, 1,
        '310000', '---', 'http://www.37wan.net', '1900-01-01', 1, 1, '2019-01-01 00:00:00', 0, '2019-01-01 00:00:00');
INSERT INTO youthchina.COMPANY_INFO (COMPANY_ID, COMPANY_NAME, COMPANY_CODE, COMPANY_COUNTRY, COMPANY_INTRODUC,
                                     COMPANY_SCALE_NUM, COMPANY_NATURE, COMPANY_LOCATION, COMPANY_MAIL, COMPANY_WEBSITE,
                                     COMPANY_START_DATE, COMPANY_VERIFY, USER_ID, ADD_TIME, IS_DELETE, IS_DELETE_TIME)
VALUES (59, '北京天盈九州网络技术有限公司', '---', 'CHN',
        '凤凰网（凤凰新媒体，纽交所代码：FENG)是全球领先的跨平台网络新媒体公司，整合旗下综合门户凤凰网、手机凤凰网和凤凰视频三大平台，秉承''中华情怀，全球视野，兼容开放，进步力量''的...', 4, 1,
        '110000', '---', 'https://www.ifeng.com', '1900-01-01', 1, 1, '2019-01-01 00:00:00', 0, '2019-01-01 00:00:00');
INSERT INTO youthchina.COMPANY_INFO (COMPANY_ID, COMPANY_NAME, COMPANY_CODE, COMPANY_COUNTRY, COMPANY_INTRODUC,
                                     COMPANY_SCALE_NUM, COMPANY_NATURE, COMPANY_LOCATION, COMPANY_MAIL, COMPANY_WEBSITE,
                                     COMPANY_START_DATE, COMPANY_VERIFY, USER_ID, ADD_TIME, IS_DELETE, IS_DELETE_TIME)
VALUES (60, '恺英网络股份有限公司', '---', 'CHN',
        '上海恺英网络科技有限公司，简称“恺英网络”，成立于2008年，总部位于上海，是一家拥有移动互联网流量入口、集平台运营和产品研发为一体的互联网企业。公司拥有近千人的开发运营团队... ', 4, 1, '310000',
        '---', 'https://www.kingnet.com', '1900-01-01', 1, 1, '2019-01-01 00:00:00', 0, '2019-01-01 00:00:00');
INSERT INTO youthchina.COMPANY_INFO (COMPANY_ID, COMPANY_NAME, COMPANY_CODE, COMPANY_COUNTRY, COMPANY_INTRODUC,
                                     COMPANY_SCALE_NUM, COMPANY_NATURE, COMPANY_LOCATION, COMPANY_MAIL, COMPANY_WEBSITE,
                                     COMPANY_START_DATE, COMPANY_VERIFY, USER_ID, ADD_TIME, IS_DELETE, IS_DELETE_TIME)
VALUES (61, 'Amazon', '---', 'USA',
        'Amazon.com is an American multinational technology company based in Seattle, Washington that focuses in e-commerce, cloud computing, and artificial intelligence. ',
        4, 6, '998101', '---', 'https://www.amazon.com', '1900-01-01', 1, 1, '2019-01-01 00:00:00', 0,
        '2019-01-01 00:00:00');
INSERT INTO youthchina.COMPANY_JOB_LOGO (LOGO_ID, DOCU_LOCAL_ID, RELA_TYPE, RELA_ID, IS_DELETE, IS_DELETE_TIME)
VALUES (1, 'logodoc', 1, 63, 0, null);
INSERT INTO youthchina.COMPANY_JOB_LOGO (LOGO_ID, DOCU_LOCAL_ID, RELA_TYPE, RELA_ID, IS_DELETE, IS_DELETE_TIME)
VALUES (2, 'JobLogo', 2, 23, 0, null);
INSERT INTO youthchina.COMPANY_JOB_LOGO (LOGO_ID, DOCU_LOCAL_ID, RELA_TYPE, RELA_ID, IS_DELETE, IS_DELETE_TIME)
VALUES (3, 'logodoc', 1, 65, 0, null);
INSERT INTO youthchina.COMPANY_JOB_LOGO (LOGO_ID, DOCU_LOCAL_ID, RELA_TYPE, RELA_ID, IS_DELETE, IS_DELETE_TIME)
VALUES (4, 'JobLogo', 2, 24, 0, null);
INSERT INTO youthchina.COMPANY_JOB_LOGO (LOGO_ID, DOCU_LOCAL_ID, RELA_TYPE, RELA_ID, IS_DELETE, IS_DELETE_TIME)
VALUES (5, 'vavle.com/AvatarUrl', 1, 1, 1, '2019-04-09 21:15:00');
INSERT INTO youthchina.COMPANY_JOB_LOGO (LOGO_ID, DOCU_LOCAL_ID, RELA_TYPE, RELA_ID, IS_DELETE, IS_DELETE_TIME)
VALUES (6, 'vavle.com/AvatarUrl', 1, 66, 0, null);
INSERT INTO youthchina.COMPANY_JOB_LOGO (LOGO_ID, DOCU_LOCAL_ID, RELA_TYPE, RELA_ID, IS_DELETE, IS_DELETE_TIME)
VALUES (7, 'logodoc', 1, 67, 0, null);
INSERT INTO youthchina.COMPANY_JOB_LOGO (LOGO_ID, DOCU_LOCAL_ID, RELA_TYPE, RELA_ID, IS_DELETE, IS_DELETE_TIME)
VALUES (8, 'JobLogo', 2, 26, 0, null);
INSERT INTO youthchina.COMPANY_JOB_LOGO (LOGO_ID, DOCU_LOCAL_ID, RELA_TYPE, RELA_ID, IS_DELETE, IS_DELETE_TIME)
VALUES (9, 'vavle.com/AvatarUrl', 1, 1, 1, '2019-04-09 21:15:00');
INSERT INTO youthchina.COMPANY_JOB_LOGO (LOGO_ID, DOCU_LOCAL_ID, RELA_TYPE, RELA_ID, IS_DELETE, IS_DELETE_TIME)
VALUES (10, 'vavle.com/AvatarUrl', 1, 68, 0, null);
INSERT INTO youthchina.COMPANY_JOB_LOGO (LOGO_ID, DOCU_LOCAL_ID, RELA_TYPE, RELA_ID, IS_DELETE, IS_DELETE_TIME)
VALUES (11, 'logodoc', 1, 69, 0, null);
INSERT INTO youthchina.COMPANY_JOB_LOGO (LOGO_ID, DOCU_LOCAL_ID, RELA_TYPE, RELA_ID, IS_DELETE, IS_DELETE_TIME)
VALUES (12, 'JobLogo', 2, 28, 0, null);
INSERT INTO youthchina.COMPANY_JOB_LOGO (LOGO_ID, DOCU_LOCAL_ID, RELA_TYPE, RELA_ID, IS_DELETE, IS_DELETE_TIME)
VALUES (13, 'vavle.com/AvatarUrl', 1, 1, 1, '2019-04-09 21:15:00');
INSERT INTO youthchina.COMPANY_JOB_LOGO (LOGO_ID, DOCU_LOCAL_ID, RELA_TYPE, RELA_ID, IS_DELETE, IS_DELETE_TIME)
VALUES (14, 'vavle.com/AvatarUrl', 1, 70, 0, null);
INSERT INTO youthchina.COMPANY_JOB_LOGO (LOGO_ID, DOCU_LOCAL_ID, RELA_TYPE, RELA_ID, IS_DELETE, IS_DELETE_TIME)
VALUES (15, 'logodoc', 1, 71, 0, null);
INSERT INTO youthchina.COMPANY_JOB_LOGO (LOGO_ID, DOCU_LOCAL_ID, RELA_TYPE, RELA_ID, IS_DELETE, IS_DELETE_TIME)
VALUES (16, 'JobLogo', 2, 31, 0, null);
INSERT INTO youthchina.COMPANY_JOB_LOGO (LOGO_ID, DOCU_LOCAL_ID, RELA_TYPE, RELA_ID, IS_DELETE, IS_DELETE_TIME)
VALUES (17, 'vavle.com/AvatarUrl', 1, 1, 1, '2019-04-09 21:15:00');
INSERT INTO youthchina.COMPANY_JOB_LOGO (LOGO_ID, DOCU_LOCAL_ID, RELA_TYPE, RELA_ID, IS_DELETE, IS_DELETE_TIME)
VALUES (18, 'vavle.com/AvatarUrl', 1, 72, 0, null);
INSERT INTO youthchina.COMPANY_JOB_LOGO (LOGO_ID, DOCU_LOCAL_ID, RELA_TYPE, RELA_ID, IS_DELETE, IS_DELETE_TIME)
VALUES (19, 'logodoc', 1, 73, 0, null);
INSERT INTO youthchina.COMPANY_JOB_LOGO (LOGO_ID, DOCU_LOCAL_ID, RELA_TYPE, RELA_ID, IS_DELETE, IS_DELETE_TIME)
VALUES (20, 'JobLogo', 2, 33, 0, null);
INSERT INTO youthchina.COMPANY_JOB_LOGO (LOGO_ID, DOCU_LOCAL_ID, RELA_TYPE, RELA_ID, IS_DELETE, IS_DELETE_TIME)
VALUES (21, 'vavle.com/AvatarUrl', 1, 1, 1, '2019-04-09 21:15:00');
INSERT INTO youthchina.COMPANY_JOB_LOGO (LOGO_ID, DOCU_LOCAL_ID, RELA_TYPE, RELA_ID, IS_DELETE, IS_DELETE_TIME)
VALUES (22, 'vavle.com/AvatarUrl', 1, 74, 0, null);
INSERT INTO youthchina.COMPANY_JOB_LOGO (LOGO_ID, DOCU_LOCAL_ID, RELA_TYPE, RELA_ID, IS_DELETE, IS_DELETE_TIME)
VALUES (23, 'logodoc', 1, 75, 0, null);
INSERT INTO youthchina.COMPANY_JOB_LOGO (LOGO_ID, DOCU_LOCAL_ID, RELA_TYPE, RELA_ID, IS_DELETE, IS_DELETE_TIME)
VALUES (24, 'JobLogo', 2, 35, 0, null);
INSERT INTO youthchina.COMPANY_JOB_LOGO (LOGO_ID, DOCU_LOCAL_ID, RELA_TYPE, RELA_ID, IS_DELETE, IS_DELETE_TIME)
VALUES (25, 'logodoc', 1, 76, 0, null);
INSERT INTO youthchina.COMPANY_JOB_LOGO (LOGO_ID, DOCU_LOCAL_ID, RELA_TYPE, RELA_ID, IS_DELETE, IS_DELETE_TIME)
VALUES (26, 'JobLogo', 2, 37, 0, null);
INSERT INTO youthchina.COMPANY_JOB_LOGO (LOGO_ID, DOCU_LOCAL_ID, RELA_TYPE, RELA_ID, IS_DELETE, IS_DELETE_TIME)
VALUES (27, 'vavle.com/AvatarUrl', 1, 1, 0, null);
INSERT INTO youthchina.COMPANY_JOB_LOGO (LOGO_ID, DOCU_LOCAL_ID, RELA_TYPE, RELA_ID, IS_DELETE, IS_DELETE_TIME)
VALUES (28, 'vavle.com/AvatarUrl', 1, 77, 0, null);
INSERT INTO youthchina.COMPANY_PHOTO (PHOTO_ID, DOCU_LOCAL_ID, PHOTO_UPLOAD_TIME, COMPANY_ID, IS_DELETE, IS_DELETE_TIME)
VALUES (1, 'photo1', '2019-04-09 18:32:35', 1, 1, '2019-04-09 21:15:00');
INSERT INTO youthchina.COMPANY_PHOTO (PHOTO_ID, DOCU_LOCAL_ID, PHOTO_UPLOAD_TIME, COMPANY_ID, IS_DELETE, IS_DELETE_TIME)
VALUES (2, 'photo2', '2019-04-09 18:32:35', 1, 1, '2019-04-09 21:15:00');
INSERT INTO youthchina.COMPANY_PHOTO (PHOTO_ID, DOCU_LOCAL_ID, PHOTO_UPLOAD_TIME, COMPANY_ID, IS_DELETE, IS_DELETE_TIME)
VALUES (3, 'photo3', '2019-04-09 18:32:35', 1, 1, '2019-04-09 21:15:00');
INSERT INTO youthchina.COMPANY_PHOTO (PHOTO_ID, DOCU_LOCAL_ID, PHOTO_UPLOAD_TIME, COMPANY_ID, IS_DELETE, IS_DELETE_TIME)
VALUES (4, 'photo4', '2019-04-09 18:32:35', 1, 1, '2019-04-09 21:15:00');
INSERT INTO youthchina.COMPANY_PHOTO (PHOTO_ID, DOCU_LOCAL_ID, PHOTO_UPLOAD_TIME, COMPANY_ID, IS_DELETE, IS_DELETE_TIME)
VALUES (5, 'photo1', '2019-04-09 18:32:36', 66, 0, null);
INSERT INTO youthchina.COMPANY_PHOTO (PHOTO_ID, DOCU_LOCAL_ID, PHOTO_UPLOAD_TIME, COMPANY_ID, IS_DELETE, IS_DELETE_TIME)
VALUES (6, 'photo2', '2019-04-09 18:32:36', 66, 0, null);
INSERT INTO youthchina.COMPANY_PHOTO (PHOTO_ID, DOCU_LOCAL_ID, PHOTO_UPLOAD_TIME, COMPANY_ID, IS_DELETE, IS_DELETE_TIME)
VALUES (7, 'photo3', '2019-04-09 18:32:36', 66, 0, null);
INSERT INTO youthchina.COMPANY_PHOTO (PHOTO_ID, DOCU_LOCAL_ID, PHOTO_UPLOAD_TIME, COMPANY_ID, IS_DELETE, IS_DELETE_TIME)
VALUES (8, 'photo4', '2019-04-09 18:32:36', 66, 0, null);
INSERT INTO youthchina.COMPANY_PHOTO (PHOTO_ID, DOCU_LOCAL_ID, PHOTO_UPLOAD_TIME, COMPANY_ID, IS_DELETE, IS_DELETE_TIME)
VALUES (9, 'photo1', '2019-04-09 18:32:39', 67, 0, null);
INSERT INTO youthchina.COMPANY_PHOTO (PHOTO_ID, DOCU_LOCAL_ID, PHOTO_UPLOAD_TIME, COMPANY_ID, IS_DELETE, IS_DELETE_TIME)
VALUES (10, 'photo2', '2019-04-09 18:32:39', 67, 0, null);
INSERT INTO youthchina.COMPANY_PHOTO (PHOTO_ID, DOCU_LOCAL_ID, PHOTO_UPLOAD_TIME, COMPANY_ID, IS_DELETE, IS_DELETE_TIME)
VALUES (11, 'photo3', '2019-04-09 18:32:39', 67, 0, null);
INSERT INTO youthchina.COMPANY_PHOTO (PHOTO_ID, DOCU_LOCAL_ID, PHOTO_UPLOAD_TIME, COMPANY_ID, IS_DELETE, IS_DELETE_TIME)
VALUES (12, 'CompanyPhotoUpdate', '2019-04-09 18:32:46', 1, 1, '2019-04-09 21:15:00');
INSERT INTO youthchina.COMPANY_PHOTO (PHOTO_ID, DOCU_LOCAL_ID, PHOTO_UPLOAD_TIME, COMPANY_ID, IS_DELETE, IS_DELETE_TIME)
VALUES (13, 'CompanyPhotoUpdate', '2019-04-09 18:32:46', 1, 1, '2019-04-09 21:15:00');
INSERT INTO youthchina.COMPANY_PHOTO (PHOTO_ID, DOCU_LOCAL_ID, PHOTO_UPLOAD_TIME, COMPANY_ID, IS_DELETE, IS_DELETE_TIME)
VALUES (14, 'CompanyPhotoUpdate', '2019-04-09 18:32:47', 2, 1, '2019-04-09 21:13:35');
INSERT INTO youthchina.COMPANY_PHOTO (PHOTO_ID, DOCU_LOCAL_ID, PHOTO_UPLOAD_TIME, COMPANY_ID, IS_DELETE, IS_DELETE_TIME)
VALUES (15, 'CompanyPhotoUpdate', '2019-04-09 18:32:47', 2, 1, '2019-04-09 21:13:35');
INSERT INTO youthchina.COMPANY_PHOTO (PHOTO_ID, DOCU_LOCAL_ID, PHOTO_UPLOAD_TIME, COMPANY_ID, IS_DELETE, IS_DELETE_TIME)
VALUES (16, 'photo1', '2019-04-09 19:00:10', 1, 1, '2019-04-09 21:15:00');
INSERT INTO youthchina.COMPANY_PHOTO (PHOTO_ID, DOCU_LOCAL_ID, PHOTO_UPLOAD_TIME, COMPANY_ID, IS_DELETE, IS_DELETE_TIME)
VALUES (17, 'photo2', '2019-04-09 19:00:10', 1, 1, '2019-04-09 21:15:00');
INSERT INTO youthchina.COMPANY_PHOTO (PHOTO_ID, DOCU_LOCAL_ID, PHOTO_UPLOAD_TIME, COMPANY_ID, IS_DELETE, IS_DELETE_TIME)
VALUES (18, 'photo3', '2019-04-09 19:00:10', 1, 1, '2019-04-09 21:15:00');
INSERT INTO youthchina.COMPANY_PHOTO (PHOTO_ID, DOCU_LOCAL_ID, PHOTO_UPLOAD_TIME, COMPANY_ID, IS_DELETE, IS_DELETE_TIME)
VALUES (19, 'photo4', '2019-04-09 19:00:10', 1, 1, '2019-04-09 21:15:00');
INSERT INTO youthchina.COMPANY_PHOTO (PHOTO_ID, DOCU_LOCAL_ID, PHOTO_UPLOAD_TIME, COMPANY_ID, IS_DELETE, IS_DELETE_TIME)
VALUES (20, 'photo1', '2019-04-09 19:00:11', 68, 0, null);
INSERT INTO youthchina.COMPANY_PHOTO (PHOTO_ID, DOCU_LOCAL_ID, PHOTO_UPLOAD_TIME, COMPANY_ID, IS_DELETE, IS_DELETE_TIME)
VALUES (21, 'photo2', '2019-04-09 19:00:11', 68, 0, null);
INSERT INTO youthchina.COMPANY_PHOTO (PHOTO_ID, DOCU_LOCAL_ID, PHOTO_UPLOAD_TIME, COMPANY_ID, IS_DELETE, IS_DELETE_TIME)
VALUES (22, 'photo3', '2019-04-09 19:00:11', 68, 0, null);
INSERT INTO youthchina.COMPANY_PHOTO (PHOTO_ID, DOCU_LOCAL_ID, PHOTO_UPLOAD_TIME, COMPANY_ID, IS_DELETE, IS_DELETE_TIME)
VALUES (23, 'photo4', '2019-04-09 19:00:11', 68, 0, null);
INSERT INTO youthchina.COMPANY_PHOTO (PHOTO_ID, DOCU_LOCAL_ID, PHOTO_UPLOAD_TIME, COMPANY_ID, IS_DELETE, IS_DELETE_TIME)
VALUES (24, 'photo1', '2019-04-09 19:00:14', 69, 0, null);
INSERT INTO youthchina.COMPANY_PHOTO (PHOTO_ID, DOCU_LOCAL_ID, PHOTO_UPLOAD_TIME, COMPANY_ID, IS_DELETE, IS_DELETE_TIME)
VALUES (25, 'photo2', '2019-04-09 19:00:14', 69, 0, null);
INSERT INTO youthchina.COMPANY_PHOTO (PHOTO_ID, DOCU_LOCAL_ID, PHOTO_UPLOAD_TIME, COMPANY_ID, IS_DELETE, IS_DELETE_TIME)
VALUES (26, 'photo3', '2019-04-09 19:00:14', 69, 0, null);
INSERT INTO youthchina.COMPANY_PHOTO (PHOTO_ID, DOCU_LOCAL_ID, PHOTO_UPLOAD_TIME, COMPANY_ID, IS_DELETE, IS_DELETE_TIME)
VALUES (27, 'CompanyPhotoUpdate', '2019-04-09 19:00:22', 1, 1, '2019-04-09 21:15:00');
INSERT INTO youthchina.COMPANY_PHOTO (PHOTO_ID, DOCU_LOCAL_ID, PHOTO_UPLOAD_TIME, COMPANY_ID, IS_DELETE, IS_DELETE_TIME)
VALUES (28, 'CompanyPhotoUpdate', '2019-04-09 19:00:22', 1, 1, '2019-04-09 21:15:00');
INSERT INTO youthchina.COMPANY_PHOTO (PHOTO_ID, DOCU_LOCAL_ID, PHOTO_UPLOAD_TIME, COMPANY_ID, IS_DELETE, IS_DELETE_TIME)
VALUES (29, 'CompanyPhotoUpdate', '2019-04-09 19:00:23', 2, 1, '2019-04-09 21:13:35');
INSERT INTO youthchina.COMPANY_PHOTO (PHOTO_ID, DOCU_LOCAL_ID, PHOTO_UPLOAD_TIME, COMPANY_ID, IS_DELETE, IS_DELETE_TIME)
VALUES (30, 'CompanyPhotoUpdate', '2019-04-09 19:00:23', 2, 1, '2019-04-09 21:13:35');
INSERT INTO youthchina.COMPANY_PHOTO (PHOTO_ID, DOCU_LOCAL_ID, PHOTO_UPLOAD_TIME, COMPANY_ID, IS_DELETE, IS_DELETE_TIME)
VALUES (31, 'photo1', '2019-04-09 19:28:13', 1, 1, '2019-04-09 21:15:00');
INSERT INTO youthchina.COMPANY_PHOTO (PHOTO_ID, DOCU_LOCAL_ID, PHOTO_UPLOAD_TIME, COMPANY_ID, IS_DELETE, IS_DELETE_TIME)
VALUES (32, 'photo2', '2019-04-09 19:28:13', 1, 1, '2019-04-09 21:15:00');
INSERT INTO youthchina.COMPANY_PHOTO (PHOTO_ID, DOCU_LOCAL_ID, PHOTO_UPLOAD_TIME, COMPANY_ID, IS_DELETE, IS_DELETE_TIME)
VALUES (33, 'photo3', '2019-04-09 19:28:13', 1, 1, '2019-04-09 21:15:00');
INSERT INTO youthchina.COMPANY_PHOTO (PHOTO_ID, DOCU_LOCAL_ID, PHOTO_UPLOAD_TIME, COMPANY_ID, IS_DELETE, IS_DELETE_TIME)
VALUES (34, 'photo4', '2019-04-09 19:28:13', 1, 1, '2019-04-09 21:15:00');
INSERT INTO youthchina.COMPANY_PHOTO (PHOTO_ID, DOCU_LOCAL_ID, PHOTO_UPLOAD_TIME, COMPANY_ID, IS_DELETE, IS_DELETE_TIME)
VALUES (35, 'photo1', '2019-04-09 19:28:16', 70, 0, null);
INSERT INTO youthchina.COMPANY_PHOTO (PHOTO_ID, DOCU_LOCAL_ID, PHOTO_UPLOAD_TIME, COMPANY_ID, IS_DELETE, IS_DELETE_TIME)
VALUES (36, 'photo2', '2019-04-09 19:28:16', 70, 0, null);
INSERT INTO youthchina.COMPANY_PHOTO (PHOTO_ID, DOCU_LOCAL_ID, PHOTO_UPLOAD_TIME, COMPANY_ID, IS_DELETE, IS_DELETE_TIME)
VALUES (37, 'photo3', '2019-04-09 19:28:16', 70, 0, null);
INSERT INTO youthchina.COMPANY_PHOTO (PHOTO_ID, DOCU_LOCAL_ID, PHOTO_UPLOAD_TIME, COMPANY_ID, IS_DELETE, IS_DELETE_TIME)
VALUES (38, 'photo4', '2019-04-09 19:28:16', 70, 0, null);
INSERT INTO youthchina.COMPANY_PHOTO (PHOTO_ID, DOCU_LOCAL_ID, PHOTO_UPLOAD_TIME, COMPANY_ID, IS_DELETE, IS_DELETE_TIME)
VALUES (39, 'photo1', '2019-04-09 19:28:25', 71, 0, null);
INSERT INTO youthchina.COMPANY_PHOTO (PHOTO_ID, DOCU_LOCAL_ID, PHOTO_UPLOAD_TIME, COMPANY_ID, IS_DELETE, IS_DELETE_TIME)
VALUES (40, 'photo2', '2019-04-09 19:28:25', 71, 0, null);
INSERT INTO youthchina.COMPANY_PHOTO (PHOTO_ID, DOCU_LOCAL_ID, PHOTO_UPLOAD_TIME, COMPANY_ID, IS_DELETE, IS_DELETE_TIME)
VALUES (41, 'photo3', '2019-04-09 19:28:25', 71, 0, null);
INSERT INTO youthchina.COMPANY_PHOTO (PHOTO_ID, DOCU_LOCAL_ID, PHOTO_UPLOAD_TIME, COMPANY_ID, IS_DELETE, IS_DELETE_TIME)
VALUES (42, 'CompanyPhotoUpdate', '2019-04-09 19:28:52', 1, 1, '2019-04-09 21:15:00');
INSERT INTO youthchina.COMPANY_PHOTO (PHOTO_ID, DOCU_LOCAL_ID, PHOTO_UPLOAD_TIME, COMPANY_ID, IS_DELETE, IS_DELETE_TIME)
VALUES (43, 'CompanyPhotoUpdate', '2019-04-09 19:28:52', 1, 1, '2019-04-09 21:15:00');
INSERT INTO youthchina.COMPANY_PHOTO (PHOTO_ID, DOCU_LOCAL_ID, PHOTO_UPLOAD_TIME, COMPANY_ID, IS_DELETE, IS_DELETE_TIME)
VALUES (44, 'CompanyPhotoUpdate', '2019-04-09 19:28:55', 2, 1, '2019-04-09 21:13:35');
INSERT INTO youthchina.COMPANY_PHOTO (PHOTO_ID, DOCU_LOCAL_ID, PHOTO_UPLOAD_TIME, COMPANY_ID, IS_DELETE, IS_DELETE_TIME)
VALUES (45, 'CompanyPhotoUpdate', '2019-04-09 19:28:55', 2, 1, '2019-04-09 21:13:35');
INSERT INTO youthchina.COMPANY_PHOTO (PHOTO_ID, DOCU_LOCAL_ID, PHOTO_UPLOAD_TIME, COMPANY_ID, IS_DELETE, IS_DELETE_TIME)
VALUES (46, 'photo1', '2019-04-09 19:43:11', 1, 1, '2019-04-09 21:15:00');
INSERT INTO youthchina.COMPANY_PHOTO (PHOTO_ID, DOCU_LOCAL_ID, PHOTO_UPLOAD_TIME, COMPANY_ID, IS_DELETE, IS_DELETE_TIME)
VALUES (47, 'photo2', '2019-04-09 19:43:11', 1, 1, '2019-04-09 21:15:00');
INSERT INTO youthchina.COMPANY_PHOTO (PHOTO_ID, DOCU_LOCAL_ID, PHOTO_UPLOAD_TIME, COMPANY_ID, IS_DELETE, IS_DELETE_TIME)
VALUES (48, 'photo3', '2019-04-09 19:43:11', 1, 1, '2019-04-09 21:15:00');
INSERT INTO youthchina.COMPANY_PHOTO (PHOTO_ID, DOCU_LOCAL_ID, PHOTO_UPLOAD_TIME, COMPANY_ID, IS_DELETE, IS_DELETE_TIME)
VALUES (49, 'photo4', '2019-04-09 19:43:11', 1, 1, '2019-04-09 21:15:00');
INSERT INTO youthchina.COMPANY_PHOTO (PHOTO_ID, DOCU_LOCAL_ID, PHOTO_UPLOAD_TIME, COMPANY_ID, IS_DELETE, IS_DELETE_TIME)
VALUES (50, 'photo1', '2019-04-09 19:43:14', 72, 0, null);
INSERT INTO youthchina.COMPANY_PHOTO (PHOTO_ID, DOCU_LOCAL_ID, PHOTO_UPLOAD_TIME, COMPANY_ID, IS_DELETE, IS_DELETE_TIME)
VALUES (51, 'photo2', '2019-04-09 19:43:14', 72, 0, null);
INSERT INTO youthchina.COMPANY_PHOTO (PHOTO_ID, DOCU_LOCAL_ID, PHOTO_UPLOAD_TIME, COMPANY_ID, IS_DELETE, IS_DELETE_TIME)
VALUES (52, 'photo3', '2019-04-09 19:43:14', 72, 0, null);
INSERT INTO youthchina.COMPANY_PHOTO (PHOTO_ID, DOCU_LOCAL_ID, PHOTO_UPLOAD_TIME, COMPANY_ID, IS_DELETE, IS_DELETE_TIME)
VALUES (53, 'photo4', '2019-04-09 19:43:14', 72, 0, null);
INSERT INTO youthchina.COMPANY_PHOTO (PHOTO_ID, DOCU_LOCAL_ID, PHOTO_UPLOAD_TIME, COMPANY_ID, IS_DELETE, IS_DELETE_TIME)
VALUES (54, 'photo1', '2019-04-09 19:43:26', 73, 0, null);
INSERT INTO youthchina.COMPANY_PHOTO (PHOTO_ID, DOCU_LOCAL_ID, PHOTO_UPLOAD_TIME, COMPANY_ID, IS_DELETE, IS_DELETE_TIME)
VALUES (55, 'photo2', '2019-04-09 19:43:26', 73, 0, null);
INSERT INTO youthchina.COMPANY_PHOTO (PHOTO_ID, DOCU_LOCAL_ID, PHOTO_UPLOAD_TIME, COMPANY_ID, IS_DELETE, IS_DELETE_TIME)
VALUES (56, 'photo3', '2019-04-09 19:43:26', 73, 0, null);
INSERT INTO youthchina.COMPANY_PHOTO (PHOTO_ID, DOCU_LOCAL_ID, PHOTO_UPLOAD_TIME, COMPANY_ID, IS_DELETE, IS_DELETE_TIME)
VALUES (57, 'CompanyPhotoUpdate', '2019-04-09 19:43:54', 1, 1, '2019-04-09 21:15:00');
INSERT INTO youthchina.COMPANY_PHOTO (PHOTO_ID, DOCU_LOCAL_ID, PHOTO_UPLOAD_TIME, COMPANY_ID, IS_DELETE, IS_DELETE_TIME)
VALUES (58, 'CompanyPhotoUpdate', '2019-04-09 19:43:54', 1, 1, '2019-04-09 21:15:00');
INSERT INTO youthchina.COMPANY_PHOTO (PHOTO_ID, DOCU_LOCAL_ID, PHOTO_UPLOAD_TIME, COMPANY_ID, IS_DELETE, IS_DELETE_TIME)
VALUES (59, 'CompanyPhotoUpdate', '2019-04-09 19:43:57', 2, 1, '2019-04-09 21:13:35');
INSERT INTO youthchina.COMPANY_PHOTO (PHOTO_ID, DOCU_LOCAL_ID, PHOTO_UPLOAD_TIME, COMPANY_ID, IS_DELETE, IS_DELETE_TIME)
VALUES (60, 'CompanyPhotoUpdate', '2019-04-09 19:43:57', 2, 1, '2019-04-09 21:13:35');
INSERT INTO youthchina.COMPANY_PHOTO (PHOTO_ID, DOCU_LOCAL_ID, PHOTO_UPLOAD_TIME, COMPANY_ID, IS_DELETE, IS_DELETE_TIME)
VALUES (61, 'photo1', '2019-04-09 20:28:53', 1, 1, '2019-04-09 21:15:00');
INSERT INTO youthchina.COMPANY_PHOTO (PHOTO_ID, DOCU_LOCAL_ID, PHOTO_UPLOAD_TIME, COMPANY_ID, IS_DELETE, IS_DELETE_TIME)
VALUES (62, 'photo2', '2019-04-09 20:28:53', 1, 1, '2019-04-09 21:15:00');
INSERT INTO youthchina.COMPANY_PHOTO (PHOTO_ID, DOCU_LOCAL_ID, PHOTO_UPLOAD_TIME, COMPANY_ID, IS_DELETE, IS_DELETE_TIME)
VALUES (63, 'photo3', '2019-04-09 20:28:53', 1, 1, '2019-04-09 21:15:00');
INSERT INTO youthchina.COMPANY_PHOTO (PHOTO_ID, DOCU_LOCAL_ID, PHOTO_UPLOAD_TIME, COMPANY_ID, IS_DELETE, IS_DELETE_TIME)
VALUES (64, 'photo4', '2019-04-09 20:28:53', 1, 1, '2019-04-09 21:15:00');
INSERT INTO youthchina.COMPANY_PHOTO (PHOTO_ID, DOCU_LOCAL_ID, PHOTO_UPLOAD_TIME, COMPANY_ID, IS_DELETE, IS_DELETE_TIME)
VALUES (65, 'photo1', '2019-04-09 20:28:55', 74, 0, null);
INSERT INTO youthchina.COMPANY_PHOTO (PHOTO_ID, DOCU_LOCAL_ID, PHOTO_UPLOAD_TIME, COMPANY_ID, IS_DELETE, IS_DELETE_TIME)
VALUES (66, 'photo2', '2019-04-09 20:28:55', 74, 0, null);
INSERT INTO youthchina.COMPANY_PHOTO (PHOTO_ID, DOCU_LOCAL_ID, PHOTO_UPLOAD_TIME, COMPANY_ID, IS_DELETE, IS_DELETE_TIME)
VALUES (67, 'photo3', '2019-04-09 20:28:55', 74, 0, null);
INSERT INTO youthchina.COMPANY_PHOTO (PHOTO_ID, DOCU_LOCAL_ID, PHOTO_UPLOAD_TIME, COMPANY_ID, IS_DELETE, IS_DELETE_TIME)
VALUES (68, 'photo4', '2019-04-09 20:28:55', 74, 0, null);
INSERT INTO youthchina.COMPANY_PHOTO (PHOTO_ID, DOCU_LOCAL_ID, PHOTO_UPLOAD_TIME, COMPANY_ID, IS_DELETE, IS_DELETE_TIME)
VALUES (69, 'photo1', '2019-04-09 20:29:06', 75, 0, null);
INSERT INTO youthchina.COMPANY_PHOTO (PHOTO_ID, DOCU_LOCAL_ID, PHOTO_UPLOAD_TIME, COMPANY_ID, IS_DELETE, IS_DELETE_TIME)
VALUES (70, 'photo2', '2019-04-09 20:29:06', 75, 0, null);
INSERT INTO youthchina.COMPANY_PHOTO (PHOTO_ID, DOCU_LOCAL_ID, PHOTO_UPLOAD_TIME, COMPANY_ID, IS_DELETE, IS_DELETE_TIME)
VALUES (71, 'photo3', '2019-04-09 20:29:06', 75, 0, null);
INSERT INTO youthchina.COMPANY_PHOTO (PHOTO_ID, DOCU_LOCAL_ID, PHOTO_UPLOAD_TIME, COMPANY_ID, IS_DELETE, IS_DELETE_TIME)
VALUES (72, 'CompanyPhotoUpdate', '2019-04-09 20:29:29', 1, 1, '2019-04-09 21:15:00');
INSERT INTO youthchina.COMPANY_PHOTO (PHOTO_ID, DOCU_LOCAL_ID, PHOTO_UPLOAD_TIME, COMPANY_ID, IS_DELETE, IS_DELETE_TIME)
VALUES (73, 'CompanyPhotoUpdate', '2019-04-09 20:29:29', 1, 1, '2019-04-09 21:15:00');
INSERT INTO youthchina.COMPANY_PHOTO (PHOTO_ID, DOCU_LOCAL_ID, PHOTO_UPLOAD_TIME, COMPANY_ID, IS_DELETE, IS_DELETE_TIME)
VALUES (74, 'CompanyPhotoUpdate', '2019-04-09 20:29:31', 2, 1, '2019-04-09 21:13:35');
INSERT INTO youthchina.COMPANY_PHOTO (PHOTO_ID, DOCU_LOCAL_ID, PHOTO_UPLOAD_TIME, COMPANY_ID, IS_DELETE, IS_DELETE_TIME)
VALUES (75, 'CompanyPhotoUpdate', '2019-04-09 20:29:31', 2, 1, '2019-04-09 21:13:35');
INSERT INTO youthchina.COMPANY_PHOTO (PHOTO_ID, DOCU_LOCAL_ID, PHOTO_UPLOAD_TIME, COMPANY_ID, IS_DELETE, IS_DELETE_TIME)
VALUES (76, 'photo1', '2019-04-09 21:13:08', 76, 0, null);
INSERT INTO youthchina.COMPANY_PHOTO (PHOTO_ID, DOCU_LOCAL_ID, PHOTO_UPLOAD_TIME, COMPANY_ID, IS_DELETE, IS_DELETE_TIME)
VALUES (77, 'photo2', '2019-04-09 21:13:08', 76, 0, null);
INSERT INTO youthchina.COMPANY_PHOTO (PHOTO_ID, DOCU_LOCAL_ID, PHOTO_UPLOAD_TIME, COMPANY_ID, IS_DELETE, IS_DELETE_TIME)
VALUES (78, 'photo3', '2019-04-09 21:13:08', 76, 0, null);
INSERT INTO youthchina.COMPANY_PHOTO (PHOTO_ID, DOCU_LOCAL_ID, PHOTO_UPLOAD_TIME, COMPANY_ID, IS_DELETE, IS_DELETE_TIME)
VALUES (79, 'CompanyPhotoUpdate', '2019-04-09 21:13:33', 1, 1, '2019-04-09 21:15:00');
INSERT INTO youthchina.COMPANY_PHOTO (PHOTO_ID, DOCU_LOCAL_ID, PHOTO_UPLOAD_TIME, COMPANY_ID, IS_DELETE, IS_DELETE_TIME)
VALUES (80, 'CompanyPhotoUpdate', '2019-04-09 21:13:33', 1, 1, '2019-04-09 21:15:00');
INSERT INTO youthchina.COMPANY_PHOTO (PHOTO_ID, DOCU_LOCAL_ID, PHOTO_UPLOAD_TIME, COMPANY_ID, IS_DELETE, IS_DELETE_TIME)
VALUES (81, 'CompanyPhotoUpdate', '2019-04-09 21:13:35', 2, 0, null);
INSERT INTO youthchina.COMPANY_PHOTO (PHOTO_ID, DOCU_LOCAL_ID, PHOTO_UPLOAD_TIME, COMPANY_ID, IS_DELETE, IS_DELETE_TIME)
VALUES (82, 'CompanyPhotoUpdate', '2019-04-09 21:13:35', 2, 0, null);
INSERT INTO youthchina.COMPANY_PHOTO (PHOTO_ID, DOCU_LOCAL_ID, PHOTO_UPLOAD_TIME, COMPANY_ID, IS_DELETE, IS_DELETE_TIME)
VALUES (83, 'photo1', '2019-04-09 21:15:00', 1, 0, null);
INSERT INTO youthchina.COMPANY_PHOTO (PHOTO_ID, DOCU_LOCAL_ID, PHOTO_UPLOAD_TIME, COMPANY_ID, IS_DELETE, IS_DELETE_TIME)
VALUES (84, 'photo2', '2019-04-09 21:15:00', 1, 0, null);
INSERT INTO youthchina.COMPANY_PHOTO (PHOTO_ID, DOCU_LOCAL_ID, PHOTO_UPLOAD_TIME, COMPANY_ID, IS_DELETE, IS_DELETE_TIME)
VALUES (85, 'photo3', '2019-04-09 21:15:00', 1, 0, null);
INSERT INTO youthchina.COMPANY_PHOTO (PHOTO_ID, DOCU_LOCAL_ID, PHOTO_UPLOAD_TIME, COMPANY_ID, IS_DELETE, IS_DELETE_TIME)
VALUES (86, 'photo4', '2019-04-09 21:15:00', 1, 0, null);
INSERT INTO youthchina.COMPANY_PHOTO (PHOTO_ID, DOCU_LOCAL_ID, PHOTO_UPLOAD_TIME, COMPANY_ID, IS_DELETE, IS_DELETE_TIME)
VALUES (87, 'photo1', '2019-04-09 21:15:03', 77, 0, null);
INSERT INTO youthchina.COMPANY_PHOTO (PHOTO_ID, DOCU_LOCAL_ID, PHOTO_UPLOAD_TIME, COMPANY_ID, IS_DELETE, IS_DELETE_TIME)
VALUES (88, 'photo2', '2019-04-09 21:15:03', 77, 0, null);
INSERT INTO youthchina.COMPANY_PHOTO (PHOTO_ID, DOCU_LOCAL_ID, PHOTO_UPLOAD_TIME, COMPANY_ID, IS_DELETE, IS_DELETE_TIME)
VALUES (89, 'photo3', '2019-04-09 21:15:03', 77, 0, null);
INSERT INTO youthchina.COMPANY_PHOTO (PHOTO_ID, DOCU_LOCAL_ID, PHOTO_UPLOAD_TIME, COMPANY_ID, IS_DELETE, IS_DELETE_TIME)
VALUES (90, 'photo4', '2019-04-09 21:15:03', 77, 0, null);
INSERT INTO youthchina.COMPANY_VERIFICATION (VERIFY_ID, VERIFY_TIME, VERIFY_END_TIME, OPER_USER_ID, COMPANY_ID,
                                             IS_DELETE, IS_DELETE_TIME)
VALUES (1, '2019-01-01', '2019-12-31', 1, 1, 0, null);
INSERT INTO youthchina.COMPANY_VERIFICATION (VERIFY_ID, VERIFY_TIME, VERIFY_END_TIME, OPER_USER_ID, COMPANY_ID,
                                             IS_DELETE, IS_DELETE_TIME)
VALUES (2, '2019-01-01', '2019-12-31', 1, 2, 0, null);
INSERT INTO youthchina.COMPANY_VERIFICATION (VERIFY_ID, VERIFY_TIME, VERIFY_END_TIME, OPER_USER_ID, COMPANY_ID,
                                             IS_DELETE, IS_DELETE_TIME)
VALUES (3, '2019-01-01', '2019-12-31', 1, 3, 0, null);
INSERT INTO youthchina.COMPANY_VERIFICATION (VERIFY_ID, VERIFY_TIME, VERIFY_END_TIME, OPER_USER_ID, COMPANY_ID,
                                             IS_DELETE, IS_DELETE_TIME)
VALUES (4, '2019-01-01', '2019-12-31', 1, 4, 0, null);
INSERT INTO youthchina.COMPANY_VERIFICATION (VERIFY_ID, VERIFY_TIME, VERIFY_END_TIME, OPER_USER_ID, COMPANY_ID,
                                             IS_DELETE, IS_DELETE_TIME)
VALUES (5, '2019-01-01', '2019-12-31', 1, 5, 0, null);
INSERT INTO youthchina.COMPANY_VERIFICATION (VERIFY_ID, VERIFY_TIME, VERIFY_END_TIME, OPER_USER_ID, COMPANY_ID,
                                             IS_DELETE, IS_DELETE_TIME)
VALUES (6, '2019-01-01', '2019-12-31', 1, 6, 0, null);
INSERT INTO youthchina.COMPANY_VERIFICATION (VERIFY_ID, VERIFY_TIME, VERIFY_END_TIME, OPER_USER_ID, COMPANY_ID,
                                             IS_DELETE, IS_DELETE_TIME)
VALUES (7, '2019-01-01', '2019-12-31', 1, 7, 0, null);
INSERT INTO youthchina.COMPANY_VERIFICATION (VERIFY_ID, VERIFY_TIME, VERIFY_END_TIME, OPER_USER_ID, COMPANY_ID,
                                             IS_DELETE, IS_DELETE_TIME)
VALUES (8, '2019-01-01', '2019-12-31', 1, 8, 0, null);
INSERT INTO youthchina.COMPANY_VERIFICATION (VERIFY_ID, VERIFY_TIME, VERIFY_END_TIME, OPER_USER_ID, COMPANY_ID,
                                             IS_DELETE, IS_DELETE_TIME)
VALUES (9, '2019-01-01', '2019-12-31', 1, 9, 0, null);
INSERT INTO youthchina.COMPANY_VERIFICATION (VERIFY_ID, VERIFY_TIME, VERIFY_END_TIME, OPER_USER_ID, COMPANY_ID,
                                             IS_DELETE, IS_DELETE_TIME)
VALUES (10, '2019-01-01', '2019-12-31', 1, 10, 0, null);
INSERT INTO youthchina.COMPANY_VERIFICATION (VERIFY_ID, VERIFY_TIME, VERIFY_END_TIME, OPER_USER_ID, COMPANY_ID,
                                             IS_DELETE, IS_DELETE_TIME)
VALUES (11, '2019-01-01', '2019-12-31', 1, 11, 0, null);
INSERT INTO youthchina.COMPANY_VERIFICATION (VERIFY_ID, VERIFY_TIME, VERIFY_END_TIME, OPER_USER_ID, COMPANY_ID,
                                             IS_DELETE, IS_DELETE_TIME)
VALUES (12, '2019-01-01', '2019-12-31', 1, 12, 0, null);
INSERT INTO youthchina.COMPANY_VERIFICATION (VERIFY_ID, VERIFY_TIME, VERIFY_END_TIME, OPER_USER_ID, COMPANY_ID,
                                             IS_DELETE, IS_DELETE_TIME)
VALUES (13, '2019-01-01', '2019-12-31', 1, 13, 0, null);
INSERT INTO youthchina.COMPANY_VERIFICATION (VERIFY_ID, VERIFY_TIME, VERIFY_END_TIME, OPER_USER_ID, COMPANY_ID,
                                             IS_DELETE, IS_DELETE_TIME)
VALUES (14, '2019-01-01', '2019-12-31', 1, 14, 0, null);
INSERT INTO youthchina.COMPANY_VERIFICATION (VERIFY_ID, VERIFY_TIME, VERIFY_END_TIME, OPER_USER_ID, COMPANY_ID,
                                             IS_DELETE, IS_DELETE_TIME)
VALUES (15, '2019-01-01', '2019-12-31', 1, 15, 0, null);
INSERT INTO youthchina.COMPANY_VERIFICATION (VERIFY_ID, VERIFY_TIME, VERIFY_END_TIME, OPER_USER_ID, COMPANY_ID,
                                             IS_DELETE, IS_DELETE_TIME)
VALUES (16, '2019-01-01', '2019-12-31', 1, 16, 0, null);
INSERT INTO youthchina.COMPANY_VERIFICATION (VERIFY_ID, VERIFY_TIME, VERIFY_END_TIME, OPER_USER_ID, COMPANY_ID,
                                             IS_DELETE, IS_DELETE_TIME)
VALUES (17, '2019-01-01', '2019-12-31', 1, 17, 0, null);
INSERT INTO youthchina.COMPANY_VERIFICATION (VERIFY_ID, VERIFY_TIME, VERIFY_END_TIME, OPER_USER_ID, COMPANY_ID,
                                             IS_DELETE, IS_DELETE_TIME)
VALUES (18, '2019-01-01', '2019-12-31', 1, 18, 0, null);
INSERT INTO youthchina.COMPANY_VERIFICATION (VERIFY_ID, VERIFY_TIME, VERIFY_END_TIME, OPER_USER_ID, COMPANY_ID,
                                             IS_DELETE, IS_DELETE_TIME)
VALUES (19, '2019-01-01', '2019-12-31', 1, 19, 0, null);
INSERT INTO youthchina.COMPANY_VERIFICATION (VERIFY_ID, VERIFY_TIME, VERIFY_END_TIME, OPER_USER_ID, COMPANY_ID,
                                             IS_DELETE, IS_DELETE_TIME)
VALUES (20, '2019-01-01', '2019-12-31', 1, 20, 0, null);
INSERT INTO youthchina.COMPANY_VERIFICATION (VERIFY_ID, VERIFY_TIME, VERIFY_END_TIME, OPER_USER_ID, COMPANY_ID,
                                             IS_DELETE, IS_DELETE_TIME)
VALUES (21, '2019-01-01', '2019-12-31', 1, 21, 0, null);
INSERT INTO youthchina.COMPANY_VERIFICATION (VERIFY_ID, VERIFY_TIME, VERIFY_END_TIME, OPER_USER_ID, COMPANY_ID,
                                             IS_DELETE, IS_DELETE_TIME)
VALUES (22, '2019-01-01', '2019-12-31', 1, 22, 0, null);
INSERT INTO youthchina.COMPANY_VERIFICATION (VERIFY_ID, VERIFY_TIME, VERIFY_END_TIME, OPER_USER_ID, COMPANY_ID,
                                             IS_DELETE, IS_DELETE_TIME)
VALUES (23, '2019-01-01', '2019-12-31', 1, 23, 0, null);
INSERT INTO youthchina.COMPANY_VERIFICATION (VERIFY_ID, VERIFY_TIME, VERIFY_END_TIME, OPER_USER_ID, COMPANY_ID,
                                             IS_DELETE, IS_DELETE_TIME)
VALUES (24, '2019-01-01', '2019-12-31', 1, 24, 0, null);
INSERT INTO youthchina.COMPANY_VERIFICATION (VERIFY_ID, VERIFY_TIME, VERIFY_END_TIME, OPER_USER_ID, COMPANY_ID,
                                             IS_DELETE, IS_DELETE_TIME)
VALUES (25, '2019-01-01', '2019-12-31', 1, 25, 0, null);
INSERT INTO youthchina.COMPANY_VERIFICATION (VERIFY_ID, VERIFY_TIME, VERIFY_END_TIME, OPER_USER_ID, COMPANY_ID,
                                             IS_DELETE, IS_DELETE_TIME)
VALUES (26, '2019-01-01', '2019-12-31', 1, 26, 0, null);
INSERT INTO youthchina.COMPANY_VERIFICATION (VERIFY_ID, VERIFY_TIME, VERIFY_END_TIME, OPER_USER_ID, COMPANY_ID,
                                             IS_DELETE, IS_DELETE_TIME)
VALUES (27, '2019-01-01', '2019-12-31', 1, 27, 0, null);
INSERT INTO youthchina.COMPANY_VERIFICATION (VERIFY_ID, VERIFY_TIME, VERIFY_END_TIME, OPER_USER_ID, COMPANY_ID,
                                             IS_DELETE, IS_DELETE_TIME)
VALUES (28, '2019-01-01', '2019-12-31', 1, 28, 0, null);
INSERT INTO youthchina.COMPANY_VERIFICATION (VERIFY_ID, VERIFY_TIME, VERIFY_END_TIME, OPER_USER_ID, COMPANY_ID,
                                             IS_DELETE, IS_DELETE_TIME)
VALUES (29, '2019-01-01', '2019-12-31', 1, 29, 0, null);
INSERT INTO youthchina.COMPANY_VERIFICATION (VERIFY_ID, VERIFY_TIME, VERIFY_END_TIME, OPER_USER_ID, COMPANY_ID,
                                             IS_DELETE, IS_DELETE_TIME)
VALUES (30, '2019-01-01', '2019-12-31', 1, 30, 0, null);
INSERT INTO youthchina.COMPANY_VERIFICATION (VERIFY_ID, VERIFY_TIME, VERIFY_END_TIME, OPER_USER_ID, COMPANY_ID,
                                             IS_DELETE, IS_DELETE_TIME)
VALUES (31, '2019-01-01', '2019-12-31', 1, 31, 0, null);
INSERT INTO youthchina.COMPANY_VERIFICATION (VERIFY_ID, VERIFY_TIME, VERIFY_END_TIME, OPER_USER_ID, COMPANY_ID,
                                             IS_DELETE, IS_DELETE_TIME)
VALUES (32, '2019-01-01', '2019-12-31', 1, 32, 0, null);
INSERT INTO youthchina.COMPANY_VERIFICATION (VERIFY_ID, VERIFY_TIME, VERIFY_END_TIME, OPER_USER_ID, COMPANY_ID,
                                             IS_DELETE, IS_DELETE_TIME)
VALUES (33, '2019-01-01', '2019-12-31', 1, 33, 0, null);
INSERT INTO youthchina.COMPANY_VERIFICATION (VERIFY_ID, VERIFY_TIME, VERIFY_END_TIME, OPER_USER_ID, COMPANY_ID,
                                             IS_DELETE, IS_DELETE_TIME)
VALUES (34, '2019-01-01', '2019-12-31', 1, 34, 0, null);
INSERT INTO youthchina.COMPANY_VERIFICATION (VERIFY_ID, VERIFY_TIME, VERIFY_END_TIME, OPER_USER_ID, COMPANY_ID,
                                             IS_DELETE, IS_DELETE_TIME)
VALUES (35, '2019-01-01', '2019-12-31', 1, 35, 0, null);
INSERT INTO youthchina.COMPANY_VERIFICATION (VERIFY_ID, VERIFY_TIME, VERIFY_END_TIME, OPER_USER_ID, COMPANY_ID,
                                             IS_DELETE, IS_DELETE_TIME)
VALUES (36, '2019-01-01', '2019-12-31', 1, 36, 0, null);
INSERT INTO youthchina.COMPANY_VERIFICATION (VERIFY_ID, VERIFY_TIME, VERIFY_END_TIME, OPER_USER_ID, COMPANY_ID,
                                             IS_DELETE, IS_DELETE_TIME)
VALUES (37, '2019-01-01', '2019-12-31', 1, 37, 0, null);
INSERT INTO youthchina.COMPANY_VERIFICATION (VERIFY_ID, VERIFY_TIME, VERIFY_END_TIME, OPER_USER_ID, COMPANY_ID,
                                             IS_DELETE, IS_DELETE_TIME)
VALUES (38, '2019-01-01', '2019-12-31', 1, 38, 0, null);
INSERT INTO youthchina.COMPANY_VERIFICATION (VERIFY_ID, VERIFY_TIME, VERIFY_END_TIME, OPER_USER_ID, COMPANY_ID,
                                             IS_DELETE, IS_DELETE_TIME)
VALUES (39, '2019-01-01', '2019-12-31', 1, 39, 0, null);
INSERT INTO youthchina.COMPANY_VERIFICATION (VERIFY_ID, VERIFY_TIME, VERIFY_END_TIME, OPER_USER_ID, COMPANY_ID,
                                             IS_DELETE, IS_DELETE_TIME)
VALUES (40, '2019-01-01', '2019-12-31', 1, 40, 0, null);
INSERT INTO youthchina.COMPANY_VERIFICATION (VERIFY_ID, VERIFY_TIME, VERIFY_END_TIME, OPER_USER_ID, COMPANY_ID,
                                             IS_DELETE, IS_DELETE_TIME)
VALUES (41, '2019-01-01', '2019-12-31', 1, 41, 0, null);
INSERT INTO youthchina.COMPANY_VERIFICATION (VERIFY_ID, VERIFY_TIME, VERIFY_END_TIME, OPER_USER_ID, COMPANY_ID,
                                             IS_DELETE, IS_DELETE_TIME)
VALUES (42, '2019-01-01', '2019-12-31', 1, 42, 0, null);
INSERT INTO youthchina.COMPANY_VERIFICATION (VERIFY_ID, VERIFY_TIME, VERIFY_END_TIME, OPER_USER_ID, COMPANY_ID,
                                             IS_DELETE, IS_DELETE_TIME)
VALUES (43, '2019-01-01', '2019-12-31', 1, 43, 0, null);
INSERT INTO youthchina.COMPANY_VERIFICATION (VERIFY_ID, VERIFY_TIME, VERIFY_END_TIME, OPER_USER_ID, COMPANY_ID,
                                             IS_DELETE, IS_DELETE_TIME)
VALUES (44, '2019-01-01', '2019-12-31', 1, 44, 0, null);
INSERT INTO youthchina.COMPANY_VERIFICATION (VERIFY_ID, VERIFY_TIME, VERIFY_END_TIME, OPER_USER_ID, COMPANY_ID,
                                             IS_DELETE, IS_DELETE_TIME)
VALUES (45, '2019-01-01', '2019-12-31', 1, 45, 0, null);
INSERT INTO youthchina.COMPANY_VERIFICATION (VERIFY_ID, VERIFY_TIME, VERIFY_END_TIME, OPER_USER_ID, COMPANY_ID,
                                             IS_DELETE, IS_DELETE_TIME)
VALUES (46, '2019-01-01', '2019-12-31', 1, 46, 0, null);
INSERT INTO youthchina.COMPANY_VERIFICATION (VERIFY_ID, VERIFY_TIME, VERIFY_END_TIME, OPER_USER_ID, COMPANY_ID,
                                             IS_DELETE, IS_DELETE_TIME)
VALUES (47, '2019-01-01', '2019-12-31', 1, 47, 0, null);
INSERT INTO youthchina.COMPANY_VERIFICATION (VERIFY_ID, VERIFY_TIME, VERIFY_END_TIME, OPER_USER_ID, COMPANY_ID,
                                             IS_DELETE, IS_DELETE_TIME)
VALUES (48, '2019-01-01', '2019-12-31', 1, 48, 0, null);
INSERT INTO youthchina.COMPANY_VERIFICATION (VERIFY_ID, VERIFY_TIME, VERIFY_END_TIME, OPER_USER_ID, COMPANY_ID,
                                             IS_DELETE, IS_DELETE_TIME)
VALUES (49, '2019-01-01', '2019-12-31', 1, 49, 0, null);
INSERT INTO youthchina.COMPANY_VERIFICATION (VERIFY_ID, VERIFY_TIME, VERIFY_END_TIME, OPER_USER_ID, COMPANY_ID,
                                             IS_DELETE, IS_DELETE_TIME)
VALUES (50, '2019-01-01', '2019-12-31', 1, 50, 0, null);
INSERT INTO youthchina.COMPANY_VERIFICATION (VERIFY_ID, VERIFY_TIME, VERIFY_END_TIME, OPER_USER_ID, COMPANY_ID,
                                             IS_DELETE, IS_DELETE_TIME)
VALUES (51, '2019-01-01', '2019-12-31', 1, 51, 0, null);
INSERT INTO youthchina.COMPANY_VERIFICATION (VERIFY_ID, VERIFY_TIME, VERIFY_END_TIME, OPER_USER_ID, COMPANY_ID,
                                             IS_DELETE, IS_DELETE_TIME)
VALUES (52, '2019-01-01', '2019-12-31', 1, 52, 0, null);
INSERT INTO youthchina.COMPANY_VERIFICATION (VERIFY_ID, VERIFY_TIME, VERIFY_END_TIME, OPER_USER_ID, COMPANY_ID,
                                             IS_DELETE, IS_DELETE_TIME)
VALUES (53, '2019-01-01', '2019-12-31', 1, 53, 0, null);
INSERT INTO youthchina.COMPANY_VERIFICATION (VERIFY_ID, VERIFY_TIME, VERIFY_END_TIME, OPER_USER_ID, COMPANY_ID,
                                             IS_DELETE, IS_DELETE_TIME)
VALUES (54, '2019-01-01', '2019-12-31', 1, 54, 0, null);
INSERT INTO youthchina.COMPANY_VERIFICATION (VERIFY_ID, VERIFY_TIME, VERIFY_END_TIME, OPER_USER_ID, COMPANY_ID,
                                             IS_DELETE, IS_DELETE_TIME)
VALUES (55, '2019-01-01', '2019-12-31', 1, 55, 0, null);
INSERT INTO youthchina.COMPANY_VERIFICATION (VERIFY_ID, VERIFY_TIME, VERIFY_END_TIME, OPER_USER_ID, COMPANY_ID,
                                             IS_DELETE, IS_DELETE_TIME)
VALUES (56, '2019-01-01', '2019-12-31', 1, 56, 0, null);
INSERT INTO youthchina.COMPANY_VERIFICATION (VERIFY_ID, VERIFY_TIME, VERIFY_END_TIME, OPER_USER_ID, COMPANY_ID,
                                             IS_DELETE, IS_DELETE_TIME)
VALUES (57, '2019-01-01', '2019-12-31', 1, 57, 0, null);
INSERT INTO youthchina.COMPANY_VERIFICATION (VERIFY_ID, VERIFY_TIME, VERIFY_END_TIME, OPER_USER_ID, COMPANY_ID,
                                             IS_DELETE, IS_DELETE_TIME)
VALUES (58, '2019-01-01', '2019-12-31', 1, 58, 0, null);
INSERT INTO youthchina.COMPANY_VERIFICATION (VERIFY_ID, VERIFY_TIME, VERIFY_END_TIME, OPER_USER_ID, COMPANY_ID,
                                             IS_DELETE, IS_DELETE_TIME)
VALUES (59, '2019-01-01', '2019-12-31', 1, 59, 0, null);
INSERT INTO youthchina.COMPANY_VERIFICATION (VERIFY_ID, VERIFY_TIME, VERIFY_END_TIME, OPER_USER_ID, COMPANY_ID,
                                             IS_DELETE, IS_DELETE_TIME)
VALUES (60, '2019-01-01', '2019-12-31', 1, 60, 0, null);
INSERT INTO youthchina.COMPANY_VERIFICATION (VERIFY_ID, VERIFY_TIME, VERIFY_END_TIME, OPER_USER_ID, COMPANY_ID,
                                             IS_DELETE, IS_DELETE_TIME)
VALUES (61, '2019-01-01', '2019-12-31', 1, 61, 0, null);
INSERT INTO youthchina.COM_ANSWER (ANSWER_ID, ANSWER_BODY, TARGET_TYPE, TARGET_ID, USER_ID, USER_ANONY, ANSWER_PUB_TIME,
                                   ANSWER_EDIT_TIME, IS_DELETE, IS_DELETE_TIME)
VALUES (1, 106, 1, 1, 5, 0, '2018-02-03 00:00:00', '2018-02-03 00:00:00', 0, '2018-02-03 00:00:00');
INSERT INTO youthchina.COM_ANSWER (ANSWER_ID, ANSWER_BODY, TARGET_TYPE, TARGET_ID, USER_ID, USER_ANONY, ANSWER_PUB_TIME,
                                   ANSWER_EDIT_TIME, IS_DELETE, IS_DELETE_TIME)
VALUES (2, 107, 1, 2, 5, 0, '2014-05-08 00:00:00', '2014-05-08 00:00:00', 0, '2014-05-08 00:00:00');
INSERT INTO youthchina.COM_ANSWER (ANSWER_ID, ANSWER_BODY, TARGET_TYPE, TARGET_ID, USER_ID, USER_ANONY, ANSWER_PUB_TIME,
                                   ANSWER_EDIT_TIME, IS_DELETE, IS_DELETE_TIME)
VALUES (3, 108, 1, 3, 5, 0, '2019-02-02 00:00:00', '2019-02-02 00:00:00', 0, '2019-02-02 00:00:00');
INSERT INTO youthchina.COM_ANSWER (ANSWER_ID, ANSWER_BODY, TARGET_TYPE, TARGET_ID, USER_ID, USER_ANONY, ANSWER_PUB_TIME,
                                   ANSWER_EDIT_TIME, IS_DELETE, IS_DELETE_TIME)
VALUES (4, 109, 1, 4, 5, 0, '2019-02-07 00:00:00', '2019-02-07 00:00:00', 0, '2019-02-07 00:00:00');
INSERT INTO youthchina.COM_ANSWER (ANSWER_ID, ANSWER_BODY, TARGET_TYPE, TARGET_ID, USER_ID, USER_ANONY, ANSWER_PUB_TIME,
                                   ANSWER_EDIT_TIME, IS_DELETE, IS_DELETE_TIME)
VALUES (5, 110, 1, 5, 7, 0, '2019-02-13 00:00:00', '2019-02-13 00:00:00', 0, '2019-02-13 00:00:00');
INSERT INTO youthchina.COM_ANSWER (ANSWER_ID, ANSWER_BODY, TARGET_TYPE, TARGET_ID, USER_ID, USER_ANONY, ANSWER_PUB_TIME,
                                   ANSWER_EDIT_TIME, IS_DELETE, IS_DELETE_TIME)
VALUES (6, 111, 1, 6, 7, 0, '2019-02-20 00:00:00', '2019-02-20 00:00:00', 0, '2019-02-20 00:00:00');
INSERT INTO youthchina.COM_ANSWER (ANSWER_ID, ANSWER_BODY, TARGET_TYPE, TARGET_ID, USER_ID, USER_ANONY, ANSWER_PUB_TIME,
                                   ANSWER_EDIT_TIME, IS_DELETE, IS_DELETE_TIME)
VALUES (7, 112, 1, 7, 7, 0, '2016-06-13 00:00:00', '2016-06-13 00:00:00', 0, '2016-06-13 00:00:00');
INSERT INTO youthchina.COM_ANSWER (ANSWER_ID, ANSWER_BODY, TARGET_TYPE, TARGET_ID, USER_ID, USER_ANONY, ANSWER_PUB_TIME,
                                   ANSWER_EDIT_TIME, IS_DELETE, IS_DELETE_TIME)
VALUES (8, 113, 1, 8, 7, 0, '2019-02-17 00:00:00', '2019-02-17 00:00:00', 0, '2019-02-17 00:00:00');
INSERT INTO youthchina.COM_ANSWER (ANSWER_ID, ANSWER_BODY, TARGET_TYPE, TARGET_ID, USER_ID, USER_ANONY, ANSWER_PUB_TIME,
                                   ANSWER_EDIT_TIME, IS_DELETE, IS_DELETE_TIME)
VALUES (9, 114, 1, 9, 7, 0, '2018-09-09 00:00:00', '2018-09-09 00:00:00', 0, '2018-09-09 00:00:00');
INSERT INTO youthchina.COM_ANSWER (ANSWER_ID, ANSWER_BODY, TARGET_TYPE, TARGET_ID, USER_ID, USER_ANONY, ANSWER_PUB_TIME,
                                   ANSWER_EDIT_TIME, IS_DELETE, IS_DELETE_TIME)
VALUES (10, 115, 1, 10, 7, 0, '2019-02-12 00:00:00', '2019-02-12 00:00:00', 0, '2019-02-12 00:00:00');
INSERT INTO youthchina.COM_ANSWER (ANSWER_ID, ANSWER_BODY, TARGET_TYPE, TARGET_ID, USER_ID, USER_ANONY, ANSWER_PUB_TIME,
                                   ANSWER_EDIT_TIME, IS_DELETE, IS_DELETE_TIME)
VALUES (11, 116, 1, 11, 5, 0, '2018-02-03 00:00:00', '2018-02-03 00:00:00', 0, '2018-02-03 00:00:00');
INSERT INTO youthchina.COM_ANSWER (ANSWER_ID, ANSWER_BODY, TARGET_TYPE, TARGET_ID, USER_ID, USER_ANONY, ANSWER_PUB_TIME,
                                   ANSWER_EDIT_TIME, IS_DELETE, IS_DELETE_TIME)
VALUES (12, 117, 1, 12, 5, 0, '2014-05-08 00:00:00', '2014-05-08 00:00:00', 0, '2014-05-08 00:00:00');
INSERT INTO youthchina.COM_ANSWER (ANSWER_ID, ANSWER_BODY, TARGET_TYPE, TARGET_ID, USER_ID, USER_ANONY, ANSWER_PUB_TIME,
                                   ANSWER_EDIT_TIME, IS_DELETE, IS_DELETE_TIME)
VALUES (13, 118, 1, 13, 5, 0, '2019-02-02 00:00:00', '2019-02-02 00:00:00', 0, '2019-02-02 00:00:00');
INSERT INTO youthchina.COM_ANSWER (ANSWER_ID, ANSWER_BODY, TARGET_TYPE, TARGET_ID, USER_ID, USER_ANONY, ANSWER_PUB_TIME,
                                   ANSWER_EDIT_TIME, IS_DELETE, IS_DELETE_TIME)
VALUES (14, 119, 1, 14, 5, 0, '2019-02-07 00:00:00', '2019-02-07 00:00:00', 0, '2019-02-07 00:00:00');
INSERT INTO youthchina.COM_ANSWER (ANSWER_ID, ANSWER_BODY, TARGET_TYPE, TARGET_ID, USER_ID, USER_ANONY, ANSWER_PUB_TIME,
                                   ANSWER_EDIT_TIME, IS_DELETE, IS_DELETE_TIME)
VALUES (15, 120, 1, 15, 7, 0, '2019-02-13 00:00:00', '2019-02-13 00:00:00', 0, '2019-02-13 00:00:00');
INSERT INTO youthchina.COM_ANSWER (ANSWER_ID, ANSWER_BODY, TARGET_TYPE, TARGET_ID, USER_ID, USER_ANONY, ANSWER_PUB_TIME,
                                   ANSWER_EDIT_TIME, IS_DELETE, IS_DELETE_TIME)
VALUES (16, 121, 1, 16, 7, 0, '2019-02-20 00:00:00', '2019-02-20 00:00:00', 0, '2019-02-20 00:00:00');
INSERT INTO youthchina.COM_ANSWER (ANSWER_ID, ANSWER_BODY, TARGET_TYPE, TARGET_ID, USER_ID, USER_ANONY, ANSWER_PUB_TIME,
                                   ANSWER_EDIT_TIME, IS_DELETE, IS_DELETE_TIME)
VALUES (17, 122, 1, 17, 7, 0, '2016-06-13 00:00:00', '2016-06-13 00:00:00', 0, '2016-06-13 00:00:00');
INSERT INTO youthchina.COM_ANSWER (ANSWER_ID, ANSWER_BODY, TARGET_TYPE, TARGET_ID, USER_ID, USER_ANONY, ANSWER_PUB_TIME,
                                   ANSWER_EDIT_TIME, IS_DELETE, IS_DELETE_TIME)
VALUES (18, 123, 1, 18, 7, 0, '2019-02-17 00:00:00', '2019-02-17 00:00:00', 0, '2019-02-17 00:00:00');
INSERT INTO youthchina.COM_ANSWER (ANSWER_ID, ANSWER_BODY, TARGET_TYPE, TARGET_ID, USER_ID, USER_ANONY, ANSWER_PUB_TIME,
                                   ANSWER_EDIT_TIME, IS_DELETE, IS_DELETE_TIME)
VALUES (19, 124, 1, 19, 7, 0, '2018-09-09 00:00:00', '2018-09-09 00:00:00', 0, '2018-09-09 00:00:00');
INSERT INTO youthchina.COM_ANSWER (ANSWER_ID, ANSWER_BODY, TARGET_TYPE, TARGET_ID, USER_ID, USER_ANONY, ANSWER_PUB_TIME,
                                   ANSWER_EDIT_TIME, IS_DELETE, IS_DELETE_TIME)
VALUES (20, 125, 1, 20, 7, 0, '2019-02-12 00:00:00', '2019-02-12 00:00:00', 0, '2019-02-12 00:00:00');
INSERT INTO youthchina.COM_ANSWER (ANSWER_ID, ANSWER_BODY, TARGET_TYPE, TARGET_ID, USER_ID, USER_ANONY, ANSWER_PUB_TIME,
                                   ANSWER_EDIT_TIME, IS_DELETE, IS_DELETE_TIME)
VALUES (21, 126, 1, 21, 6, 0, '2018-02-03 00:00:00', '2018-02-03 00:00:00', 0, '2018-02-03 00:00:00');
INSERT INTO youthchina.COM_ANSWER (ANSWER_ID, ANSWER_BODY, TARGET_TYPE, TARGET_ID, USER_ID, USER_ANONY, ANSWER_PUB_TIME,
                                   ANSWER_EDIT_TIME, IS_DELETE, IS_DELETE_TIME)
VALUES (22, 127, 1, 22, 6, 0, '2014-05-08 00:00:00', '2014-05-08 00:00:00', 0, '2014-05-08 00:00:00');
INSERT INTO youthchina.COM_ANSWER (ANSWER_ID, ANSWER_BODY, TARGET_TYPE, TARGET_ID, USER_ID, USER_ANONY, ANSWER_PUB_TIME,
                                   ANSWER_EDIT_TIME, IS_DELETE, IS_DELETE_TIME)
VALUES (23, 128, 1, 23, 6, 0, '2019-02-02 00:00:00', '2019-02-02 00:00:00', 0, '2019-02-02 00:00:00');
INSERT INTO youthchina.COM_ANSWER (ANSWER_ID, ANSWER_BODY, TARGET_TYPE, TARGET_ID, USER_ID, USER_ANONY, ANSWER_PUB_TIME,
                                   ANSWER_EDIT_TIME, IS_DELETE, IS_DELETE_TIME)
VALUES (24, 129, 1, 24, 6, 0, '2019-02-07 00:00:00', '2019-02-07 00:00:00', 0, '2019-02-07 00:00:00');
INSERT INTO youthchina.COM_ANSWER (ANSWER_ID, ANSWER_BODY, TARGET_TYPE, TARGET_ID, USER_ID, USER_ANONY, ANSWER_PUB_TIME,
                                   ANSWER_EDIT_TIME, IS_DELETE, IS_DELETE_TIME)
VALUES (25, 130, 1, 25, 6, 0, '2019-02-13 00:00:00', '2019-02-13 00:00:00', 0, '2019-02-13 00:00:00');
INSERT INTO youthchina.COM_ANSWER (ANSWER_ID, ANSWER_BODY, TARGET_TYPE, TARGET_ID, USER_ID, USER_ANONY, ANSWER_PUB_TIME,
                                   ANSWER_EDIT_TIME, IS_DELETE, IS_DELETE_TIME)
VALUES (26, 131, 1, 26, 6, 0, '2019-02-20 00:00:00', '2019-02-20 00:00:00', 0, '2019-02-20 00:00:00');
INSERT INTO youthchina.COM_ANSWER (ANSWER_ID, ANSWER_BODY, TARGET_TYPE, TARGET_ID, USER_ID, USER_ANONY, ANSWER_PUB_TIME,
                                   ANSWER_EDIT_TIME, IS_DELETE, IS_DELETE_TIME)
VALUES (27, 132, 1, 27, 6, 0, '2016-06-13 00:00:00', '2016-06-13 00:00:00', 0, '2016-06-13 00:00:00');
INSERT INTO youthchina.COM_ANSWER (ANSWER_ID, ANSWER_BODY, TARGET_TYPE, TARGET_ID, USER_ID, USER_ANONY, ANSWER_PUB_TIME,
                                   ANSWER_EDIT_TIME, IS_DELETE, IS_DELETE_TIME)
VALUES (28, 133, 1, 28, 6, 0, '2019-02-17 00:00:00', '2019-02-17 00:00:00', 0, '2019-02-17 00:00:00');
INSERT INTO youthchina.COM_ANSWER (ANSWER_ID, ANSWER_BODY, TARGET_TYPE, TARGET_ID, USER_ID, USER_ANONY, ANSWER_PUB_TIME,
                                   ANSWER_EDIT_TIME, IS_DELETE, IS_DELETE_TIME)
VALUES (29, 134, 1, 29, 6, 0, '2018-09-09 00:00:00', '2018-09-09 00:00:00', 0, '2018-09-09 00:00:00');
INSERT INTO youthchina.COM_ANSWER (ANSWER_ID, ANSWER_BODY, TARGET_TYPE, TARGET_ID, USER_ID, USER_ANONY, ANSWER_PUB_TIME,
                                   ANSWER_EDIT_TIME, IS_DELETE, IS_DELETE_TIME)
VALUES (30, 135, 1, 30, 6, 0, '2019-02-12 00:00:00', '2019-02-12 00:00:00', 0, '2019-02-12 00:00:00');
INSERT INTO youthchina.COM_ANSWER (ANSWER_ID, ANSWER_BODY, TARGET_TYPE, TARGET_ID, USER_ID, USER_ANONY, ANSWER_PUB_TIME,
                                   ANSWER_EDIT_TIME, IS_DELETE, IS_DELETE_TIME)
VALUES (31, 136, 1, 31, 6, 0, '2018-02-03 00:00:00', '2018-02-03 00:00:00', 0, '2018-02-03 00:00:00');
INSERT INTO youthchina.COM_ANSWER (ANSWER_ID, ANSWER_BODY, TARGET_TYPE, TARGET_ID, USER_ID, USER_ANONY, ANSWER_PUB_TIME,
                                   ANSWER_EDIT_TIME, IS_DELETE, IS_DELETE_TIME)
VALUES (32, 137, 1, 32, 6, 0, '2014-05-08 00:00:00', '2014-05-08 00:00:00', 0, '2014-05-08 00:00:00');
INSERT INTO youthchina.COM_ANSWER (ANSWER_ID, ANSWER_BODY, TARGET_TYPE, TARGET_ID, USER_ID, USER_ANONY, ANSWER_PUB_TIME,
                                   ANSWER_EDIT_TIME, IS_DELETE, IS_DELETE_TIME)
VALUES (33, 138, 1, 33, 6, 0, '2019-02-02 00:00:00', '2019-02-02 00:00:00', 0, '2019-02-02 00:00:00');
INSERT INTO youthchina.COM_ANSWER (ANSWER_ID, ANSWER_BODY, TARGET_TYPE, TARGET_ID, USER_ID, USER_ANONY, ANSWER_PUB_TIME,
                                   ANSWER_EDIT_TIME, IS_DELETE, IS_DELETE_TIME)
VALUES (34, 139, 1, 34, 5, 0, '2019-02-07 00:00:00', '2019-02-07 00:00:00', 0, '2019-02-07 00:00:00');
INSERT INTO youthchina.COM_ANSWER (ANSWER_ID, ANSWER_BODY, TARGET_TYPE, TARGET_ID, USER_ID, USER_ANONY, ANSWER_PUB_TIME,
                                   ANSWER_EDIT_TIME, IS_DELETE, IS_DELETE_TIME)
VALUES (35, 140, 1, 35, 7, 0, '2019-02-13 00:00:00', '2019-02-13 00:00:00', 0, '2019-02-13 00:00:00');
INSERT INTO youthchina.COM_ANSWER (ANSWER_ID, ANSWER_BODY, TARGET_TYPE, TARGET_ID, USER_ID, USER_ANONY, ANSWER_PUB_TIME,
                                   ANSWER_EDIT_TIME, IS_DELETE, IS_DELETE_TIME)
VALUES (36, 141, 1, 36, 7, 0, '2019-02-20 00:00:00', '2019-02-20 00:00:00', 0, '2019-02-20 00:00:00');
INSERT INTO youthchina.COM_ANSWER (ANSWER_ID, ANSWER_BODY, TARGET_TYPE, TARGET_ID, USER_ID, USER_ANONY, ANSWER_PUB_TIME,
                                   ANSWER_EDIT_TIME, IS_DELETE, IS_DELETE_TIME)
VALUES (37, 142, 1, 37, 7, 0, '2016-06-13 00:00:00', '2016-06-13 00:00:00', 0, '2016-06-13 00:00:00');
INSERT INTO youthchina.COM_ANSWER (ANSWER_ID, ANSWER_BODY, TARGET_TYPE, TARGET_ID, USER_ID, USER_ANONY, ANSWER_PUB_TIME,
                                   ANSWER_EDIT_TIME, IS_DELETE, IS_DELETE_TIME)
VALUES (38, 143, 1, 38, 7, 0, '2019-02-17 00:00:00', '2019-02-17 00:00:00', 0, '2019-02-17 00:00:00');
INSERT INTO youthchina.COM_ANSWER (ANSWER_ID, ANSWER_BODY, TARGET_TYPE, TARGET_ID, USER_ID, USER_ANONY, ANSWER_PUB_TIME,
                                   ANSWER_EDIT_TIME, IS_DELETE, IS_DELETE_TIME)
VALUES (39, 144, 1, 39, 7, 0, '2018-09-09 00:00:00', '2018-09-09 00:00:00', 0, '2018-09-09 00:00:00');
INSERT INTO youthchina.COM_ANSWER (ANSWER_ID, ANSWER_BODY, TARGET_TYPE, TARGET_ID, USER_ID, USER_ANONY, ANSWER_PUB_TIME,
                                   ANSWER_EDIT_TIME, IS_DELETE, IS_DELETE_TIME)
VALUES (40, 145, 1, 40, 7, 0, '2019-02-12 00:00:00', '2019-02-12 00:00:00', 0, '2019-02-12 00:00:00');
INSERT INTO youthchina.COM_ANSWER (ANSWER_ID, ANSWER_BODY, TARGET_TYPE, TARGET_ID, USER_ID, USER_ANONY, ANSWER_PUB_TIME,
                                   ANSWER_EDIT_TIME, IS_DELETE, IS_DELETE_TIME)
VALUES (41, 146, 1, 41, 5, 0, '2018-02-03 00:00:00', '2018-02-03 00:00:00', 0, '2018-02-03 00:00:00');
INSERT INTO youthchina.COM_ANSWER (ANSWER_ID, ANSWER_BODY, TARGET_TYPE, TARGET_ID, USER_ID, USER_ANONY, ANSWER_PUB_TIME,
                                   ANSWER_EDIT_TIME, IS_DELETE, IS_DELETE_TIME)
VALUES (42, 147, 1, 42, 5, 0, '2014-05-08 00:00:00', '2014-05-08 00:00:00', 0, '2014-05-08 00:00:00');
INSERT INTO youthchina.COM_ANSWER (ANSWER_ID, ANSWER_BODY, TARGET_TYPE, TARGET_ID, USER_ID, USER_ANONY, ANSWER_PUB_TIME,
                                   ANSWER_EDIT_TIME, IS_DELETE, IS_DELETE_TIME)
VALUES (43, 148, 1, 43, 5, 0, '2019-02-02 00:00:00', '2019-02-02 00:00:00', 0, '2019-02-02 00:00:00');
INSERT INTO youthchina.COM_ANSWER (ANSWER_ID, ANSWER_BODY, TARGET_TYPE, TARGET_ID, USER_ID, USER_ANONY, ANSWER_PUB_TIME,
                                   ANSWER_EDIT_TIME, IS_DELETE, IS_DELETE_TIME)
VALUES (44, 149, 1, 44, 5, 0, '2019-02-07 00:00:00', '2019-02-07 00:00:00', 0, '2019-02-07 00:00:00');
INSERT INTO youthchina.COM_ANSWER (ANSWER_ID, ANSWER_BODY, TARGET_TYPE, TARGET_ID, USER_ID, USER_ANONY, ANSWER_PUB_TIME,
                                   ANSWER_EDIT_TIME, IS_DELETE, IS_DELETE_TIME)
VALUES (45, 150, 1, 45, 7, 0, '2019-02-13 00:00:00', '2019-02-13 00:00:00', 0, '2019-02-13 00:00:00');
INSERT INTO youthchina.COM_ANSWER (ANSWER_ID, ANSWER_BODY, TARGET_TYPE, TARGET_ID, USER_ID, USER_ANONY, ANSWER_PUB_TIME,
                                   ANSWER_EDIT_TIME, IS_DELETE, IS_DELETE_TIME)
VALUES (46, 151, 1, 46, 7, 0, '2019-02-20 00:00:00', '2019-02-20 00:00:00', 0, '2019-02-20 00:00:00');
INSERT INTO youthchina.COM_ANSWER (ANSWER_ID, ANSWER_BODY, TARGET_TYPE, TARGET_ID, USER_ID, USER_ANONY, ANSWER_PUB_TIME,
                                   ANSWER_EDIT_TIME, IS_DELETE, IS_DELETE_TIME)
VALUES (47, 152, 1, 47, 7, 0, '2016-06-13 00:00:00', '2016-06-13 00:00:00', 0, '2016-06-13 00:00:00');
INSERT INTO youthchina.COM_ANSWER (ANSWER_ID, ANSWER_BODY, TARGET_TYPE, TARGET_ID, USER_ID, USER_ANONY, ANSWER_PUB_TIME,
                                   ANSWER_EDIT_TIME, IS_DELETE, IS_DELETE_TIME)
VALUES (48, 153, 1, 48, 7, 0, '2019-02-17 00:00:00', '2019-02-17 00:00:00', 0, '2019-02-17 00:00:00');
INSERT INTO youthchina.COM_ANSWER (ANSWER_ID, ANSWER_BODY, TARGET_TYPE, TARGET_ID, USER_ID, USER_ANONY, ANSWER_PUB_TIME,
                                   ANSWER_EDIT_TIME, IS_DELETE, IS_DELETE_TIME)
VALUES (49, 154, 1, 49, 7, 0, '2018-09-09 00:00:00', '2018-09-09 00:00:00', 0, '2018-09-09 00:00:00');
INSERT INTO youthchina.COM_ATTENTION (ATTEN_ID, TARGET_TYPE, TARGET_ID, USER_ID, ATTEN_TIME, ATTEN_CANCEL,
                                      ATTEN_CANCEL_TIME)
VALUES (1, 2, 1, 2, '2019-01-01 00:00:00', 0, '2019-01-01 00:00:00');
INSERT INTO youthchina.COM_ATTENTION (ATTEN_ID, TARGET_TYPE, TARGET_ID, USER_ID, ATTEN_TIME, ATTEN_CANCEL,
                                      ATTEN_CANCEL_TIME)
VALUES (2, 2, 1, 3, '2019-01-01 00:00:00', 0, '2019-01-01 00:00:00');
INSERT INTO youthchina.COM_ATTENTION (ATTEN_ID, TARGET_TYPE, TARGET_ID, USER_ID, ATTEN_TIME, ATTEN_CANCEL,
                                      ATTEN_CANCEL_TIME)
VALUES (3, 2, 1, 4, '2019-01-01 00:00:00', 0, '2019-01-01 00:00:00');
INSERT INTO youthchina.COM_ATTENTION (ATTEN_ID, TARGET_TYPE, TARGET_ID, USER_ID, ATTEN_TIME, ATTEN_CANCEL,
                                      ATTEN_CANCEL_TIME)
VALUES (4, 2, 1, 5, '2019-01-01 00:00:00', 0, '2019-01-01 00:00:00');
INSERT INTO youthchina.COM_ATTENTION (ATTEN_ID, TARGET_TYPE, TARGET_ID, USER_ID, ATTEN_TIME, ATTEN_CANCEL,
                                      ATTEN_CANCEL_TIME)
VALUES (5, 2, 2, 6, '2019-01-01 00:00:00', 0, '2019-01-01 00:00:00');
INSERT INTO youthchina.COM_ATTENTION (ATTEN_ID, TARGET_TYPE, TARGET_ID, USER_ID, ATTEN_TIME, ATTEN_CANCEL,
                                      ATTEN_CANCEL_TIME)
VALUES (6, 2, 2, 7, '2019-01-01 00:00:00', 0, '2019-01-01 00:00:00');
INSERT INTO youthchina.COM_ATTENTION (ATTEN_ID, TARGET_TYPE, TARGET_ID, USER_ID, ATTEN_TIME, ATTEN_CANCEL,
                                      ATTEN_CANCEL_TIME)
VALUES (7, 2, 2, 8, '2019-01-01 00:00:00', 0, '2019-01-01 00:00:00');
INSERT INTO youthchina.COM_ATTENTION (ATTEN_ID, TARGET_TYPE, TARGET_ID, USER_ID, ATTEN_TIME, ATTEN_CANCEL,
                                      ATTEN_CANCEL_TIME)
VALUES (8, 2, 2, 9, '2019-01-01 00:00:00', 0, '2019-01-01 00:00:00');
INSERT INTO youthchina.COM_ATTENTION (ATTEN_ID, TARGET_TYPE, TARGET_ID, USER_ID, ATTEN_TIME, ATTEN_CANCEL,
                                      ATTEN_CANCEL_TIME)
VALUES (9, 2, 3, 2, '2019-01-01 00:00:00', 0, '2019-01-01 00:00:00');
INSERT INTO youthchina.COM_ATTENTION (ATTEN_ID, TARGET_TYPE, TARGET_ID, USER_ID, ATTEN_TIME, ATTEN_CANCEL,
                                      ATTEN_CANCEL_TIME)
VALUES (10, 2, 3, 3, '2019-01-01 00:00:00', 0, '2019-01-01 00:00:00');
INSERT INTO youthchina.COM_ATTENTION (ATTEN_ID, TARGET_TYPE, TARGET_ID, USER_ID, ATTEN_TIME, ATTEN_CANCEL,
                                      ATTEN_CANCEL_TIME)
VALUES (11, 2, 3, 4, '2019-01-01 00:00:00', 0, '2019-01-01 00:00:00');
INSERT INTO youthchina.COM_ATTENTION (ATTEN_ID, TARGET_TYPE, TARGET_ID, USER_ID, ATTEN_TIME, ATTEN_CANCEL,
                                      ATTEN_CANCEL_TIME)
VALUES (12, 2, 3, 5, '2019-01-01 00:00:00', 0, '2019-01-01 00:00:00');
INSERT INTO youthchina.COM_ATTENTION (ATTEN_ID, TARGET_TYPE, TARGET_ID, USER_ID, ATTEN_TIME, ATTEN_CANCEL,
                                      ATTEN_CANCEL_TIME)
VALUES (13, 2, 4, 6, '2019-01-01 00:00:00', 0, '2019-01-01 00:00:00');
INSERT INTO youthchina.COM_ATTENTION (ATTEN_ID, TARGET_TYPE, TARGET_ID, USER_ID, ATTEN_TIME, ATTEN_CANCEL,
                                      ATTEN_CANCEL_TIME)
VALUES (14, 2, 4, 7, '2019-01-01 00:00:00', 0, '2019-01-01 00:00:00');
INSERT INTO youthchina.COM_ATTENTION (ATTEN_ID, TARGET_TYPE, TARGET_ID, USER_ID, ATTEN_TIME, ATTEN_CANCEL,
                                      ATTEN_CANCEL_TIME)
VALUES (15, 2, 4, 8, '2019-01-01 00:00:00', 0, '2019-01-01 00:00:00');
INSERT INTO youthchina.COM_ATTENTION (ATTEN_ID, TARGET_TYPE, TARGET_ID, USER_ID, ATTEN_TIME, ATTEN_CANCEL,
                                      ATTEN_CANCEL_TIME)
VALUES (16, 2, 4, 9, '2019-01-01 00:00:00', 0, '2019-01-01 00:00:00');
INSERT INTO youthchina.COM_ATTENTION (ATTEN_ID, TARGET_TYPE, TARGET_ID, USER_ID, ATTEN_TIME, ATTEN_CANCEL,
                                      ATTEN_CANCEL_TIME)
VALUES (17, 1, 1, 2, '2019-01-01 00:00:00', 0, '2019-01-01 00:00:00');
INSERT INTO youthchina.COM_ATTENTION (ATTEN_ID, TARGET_TYPE, TARGET_ID, USER_ID, ATTEN_TIME, ATTEN_CANCEL,
                                      ATTEN_CANCEL_TIME)
VALUES (18, 1, 1, 3, '2019-01-01 00:00:00', 0, '2019-01-01 00:00:00');
INSERT INTO youthchina.COM_ATTENTION (ATTEN_ID, TARGET_TYPE, TARGET_ID, USER_ID, ATTEN_TIME, ATTEN_CANCEL,
                                      ATTEN_CANCEL_TIME)
VALUES (19, 1, 1, 4, '2019-01-01 00:00:00', 0, '2019-01-01 00:00:00');
INSERT INTO youthchina.COM_ATTENTION (ATTEN_ID, TARGET_TYPE, TARGET_ID, USER_ID, ATTEN_TIME, ATTEN_CANCEL,
                                      ATTEN_CANCEL_TIME)
VALUES (20, 1, 1, 5, '2019-01-01 00:00:00', 0, '2019-01-01 00:00:00');
INSERT INTO youthchina.COM_ATTENTION (ATTEN_ID, TARGET_TYPE, TARGET_ID, USER_ID, ATTEN_TIME, ATTEN_CANCEL,
                                      ATTEN_CANCEL_TIME)
VALUES (21, 1, 2, 6, '2019-01-01 00:00:00', 0, '2019-01-01 00:00:00');
INSERT INTO youthchina.COM_ATTENTION (ATTEN_ID, TARGET_TYPE, TARGET_ID, USER_ID, ATTEN_TIME, ATTEN_CANCEL,
                                      ATTEN_CANCEL_TIME)
VALUES (22, 1, 2, 7, '2019-01-01 00:00:00', 0, '2019-01-01 00:00:00');
INSERT INTO youthchina.COM_ATTENTION (ATTEN_ID, TARGET_TYPE, TARGET_ID, USER_ID, ATTEN_TIME, ATTEN_CANCEL,
                                      ATTEN_CANCEL_TIME)
VALUES (23, 1, 2, 8, '2019-01-01 00:00:00', 0, '2019-01-01 00:00:00');
INSERT INTO youthchina.COM_ATTENTION (ATTEN_ID, TARGET_TYPE, TARGET_ID, USER_ID, ATTEN_TIME, ATTEN_CANCEL,
                                      ATTEN_CANCEL_TIME)
VALUES (24, 1, 2, 9, '2019-01-01 00:00:00', 0, '2019-01-01 00:00:00');
INSERT INTO youthchina.COM_ATTENTION (ATTEN_ID, TARGET_TYPE, TARGET_ID, USER_ID, ATTEN_TIME, ATTEN_CANCEL,
                                      ATTEN_CANCEL_TIME)
VALUES (25, 1, 3, 2, '2019-01-01 00:00:00', 0, '2019-01-01 00:00:00');
INSERT INTO youthchina.COM_ATTENTION (ATTEN_ID, TARGET_TYPE, TARGET_ID, USER_ID, ATTEN_TIME, ATTEN_CANCEL,
                                      ATTEN_CANCEL_TIME)
VALUES (26, 1, 3, 3, '2019-01-01 00:00:00', 0, '2019-01-01 00:00:00');
INSERT INTO youthchina.COM_ATTENTION (ATTEN_ID, TARGET_TYPE, TARGET_ID, USER_ID, ATTEN_TIME, ATTEN_CANCEL,
                                      ATTEN_CANCEL_TIME)
VALUES (27, 1, 3, 4, '2019-01-01 00:00:00', 0, '2019-01-01 00:00:00');
INSERT INTO youthchina.COM_ATTENTION (ATTEN_ID, TARGET_TYPE, TARGET_ID, USER_ID, ATTEN_TIME, ATTEN_CANCEL,
                                      ATTEN_CANCEL_TIME)
VALUES (28, 1, 3, 5, '2019-01-01 00:00:00', 0, '2019-01-01 00:00:00');
INSERT INTO youthchina.COM_ATTENTION (ATTEN_ID, TARGET_TYPE, TARGET_ID, USER_ID, ATTEN_TIME, ATTEN_CANCEL,
                                      ATTEN_CANCEL_TIME)
VALUES (29, 1, 4, 6, '2019-01-01 00:00:00', 0, '2019-01-01 00:00:00');
INSERT INTO youthchina.COM_ATTENTION (ATTEN_ID, TARGET_TYPE, TARGET_ID, USER_ID, ATTEN_TIME, ATTEN_CANCEL,
                                      ATTEN_CANCEL_TIME)
VALUES (30, 1, 4, 7, '2019-01-01 00:00:00', 0, '2019-01-01 00:00:00');
INSERT INTO youthchina.COM_ATTENTION (ATTEN_ID, TARGET_TYPE, TARGET_ID, USER_ID, ATTEN_TIME, ATTEN_CANCEL,
                                      ATTEN_CANCEL_TIME)
VALUES (31, 1, 4, 8, '2019-01-01 00:00:00', 0, '2019-01-01 00:00:00');
INSERT INTO youthchina.COM_ATTENTION (ATTEN_ID, TARGET_TYPE, TARGET_ID, USER_ID, ATTEN_TIME, ATTEN_CANCEL,
                                      ATTEN_CANCEL_TIME)
VALUES (32, 1, 4, 9, '2019-01-01 00:00:00', 0, '2019-01-01 00:00:00');
INSERT INTO youthchina.COM_ATTENTION (ATTEN_ID, TARGET_TYPE, TARGET_ID, USER_ID, ATTEN_TIME, ATTEN_CANCEL,
                                      ATTEN_CANCEL_TIME)
VALUES (33, 3, 1, 6, '2019-01-01 00:00:00', 0, '2019-01-01 00:00:00');
INSERT INTO youthchina.COM_ATTENTION (ATTEN_ID, TARGET_TYPE, TARGET_ID, USER_ID, ATTEN_TIME, ATTEN_CANCEL,
                                      ATTEN_CANCEL_TIME)
VALUES (34, 3, 1, 7, '2019-01-01 00:00:00', 0, '2019-01-01 00:00:00');
INSERT INTO youthchina.COM_ATTENTION (ATTEN_ID, TARGET_TYPE, TARGET_ID, USER_ID, ATTEN_TIME, ATTEN_CANCEL,
                                      ATTEN_CANCEL_TIME)
VALUES (35, 3, 1, 8, '2019-01-01 00:00:00', 0, '2019-01-01 00:00:00');
INSERT INTO youthchina.COM_ATTENTION (ATTEN_ID, TARGET_TYPE, TARGET_ID, USER_ID, ATTEN_TIME, ATTEN_CANCEL,
                                      ATTEN_CANCEL_TIME)
VALUES (36, 3, 1, 9, '2019-01-01 00:00:00', 0, '2019-01-01 00:00:00');
INSERT INTO youthchina.COM_ATTENTION (ATTEN_ID, TARGET_TYPE, TARGET_ID, USER_ID, ATTEN_TIME, ATTEN_CANCEL,
                                      ATTEN_CANCEL_TIME)
VALUES (37, 3, 2, 2, '2019-01-01 00:00:00', 0, '2019-01-01 00:00:00');
INSERT INTO youthchina.COM_ATTENTION (ATTEN_ID, TARGET_TYPE, TARGET_ID, USER_ID, ATTEN_TIME, ATTEN_CANCEL,
                                      ATTEN_CANCEL_TIME)
VALUES (38, 3, 2, 3, '2019-01-01 00:00:00', 0, '2019-01-01 00:00:00');
INSERT INTO youthchina.COM_ATTENTION (ATTEN_ID, TARGET_TYPE, TARGET_ID, USER_ID, ATTEN_TIME, ATTEN_CANCEL,
                                      ATTEN_CANCEL_TIME)
VALUES (39, 3, 2, 4, '2019-01-01 00:00:00', 0, '2019-01-01 00:00:00');
INSERT INTO youthchina.COM_ATTENTION (ATTEN_ID, TARGET_TYPE, TARGET_ID, USER_ID, ATTEN_TIME, ATTEN_CANCEL,
                                      ATTEN_CANCEL_TIME)
VALUES (40, 3, 2, 5, '2019-01-01 00:00:00', 0, '2019-01-01 00:00:00');
INSERT INTO youthchina.COM_ATTENTION (ATTEN_ID, TARGET_TYPE, TARGET_ID, USER_ID, ATTEN_TIME, ATTEN_CANCEL,
                                      ATTEN_CANCEL_TIME)
VALUES (41, 3, 3, 6, '2019-01-01 00:00:00', 0, '2019-01-01 00:00:00');
INSERT INTO youthchina.COM_ATTENTION (ATTEN_ID, TARGET_TYPE, TARGET_ID, USER_ID, ATTEN_TIME, ATTEN_CANCEL,
                                      ATTEN_CANCEL_TIME)
VALUES (42, 3, 3, 7, '2019-01-01 00:00:00', 0, '2019-01-01 00:00:00');
INSERT INTO youthchina.COM_ATTENTION (ATTEN_ID, TARGET_TYPE, TARGET_ID, USER_ID, ATTEN_TIME, ATTEN_CANCEL,
                                      ATTEN_CANCEL_TIME)
VALUES (43, 3, 3, 8, '2019-01-01 00:00:00', 0, '2019-01-01 00:00:00');
INSERT INTO youthchina.COM_ATTENTION (ATTEN_ID, TARGET_TYPE, TARGET_ID, USER_ID, ATTEN_TIME, ATTEN_CANCEL,
                                      ATTEN_CANCEL_TIME)
VALUES (44, 3, 3, 9, '2019-01-01 00:00:00', 0, '2019-01-01 00:00:00');
INSERT INTO youthchina.COM_ATTENTION (ATTEN_ID, TARGET_TYPE, TARGET_ID, USER_ID, ATTEN_TIME, ATTEN_CANCEL,
                                      ATTEN_CANCEL_TIME)
VALUES (45, 3, 4, 2, '2019-01-01 00:00:00', 0, '2019-01-01 00:00:00');
INSERT INTO youthchina.COM_ATTENTION (ATTEN_ID, TARGET_TYPE, TARGET_ID, USER_ID, ATTEN_TIME, ATTEN_CANCEL,
                                      ATTEN_CANCEL_TIME)
VALUES (46, 3, 4, 3, '2019-01-01 00:00:00', 0, '2019-01-01 00:00:00');
INSERT INTO youthchina.COM_ATTENTION (ATTEN_ID, TARGET_TYPE, TARGET_ID, USER_ID, ATTEN_TIME, ATTEN_CANCEL,
                                      ATTEN_CANCEL_TIME)
VALUES (47, 3, 4, 4, '2019-01-01 00:00:00', 0, '2019-01-01 00:00:00');
INSERT INTO youthchina.COM_ATTENTION (ATTEN_ID, TARGET_TYPE, TARGET_ID, USER_ID, ATTEN_TIME, ATTEN_CANCEL,
                                      ATTEN_CANCEL_TIME)
VALUES (48, 3, 4, 5, '2019-01-01 00:00:00', 0, '2019-01-01 00:00:00');
INSERT INTO youthchina.COM_ATTENTION (ATTEN_ID, TARGET_TYPE, TARGET_ID, USER_ID, ATTEN_TIME, ATTEN_CANCEL,
                                      ATTEN_CANCEL_TIME)
VALUES (49, 4, 1, 2, '2019-01-01 00:00:00', 0, '2019-01-01 00:00:00');
INSERT INTO youthchina.COM_ATTENTION (ATTEN_ID, TARGET_TYPE, TARGET_ID, USER_ID, ATTEN_TIME, ATTEN_CANCEL,
                                      ATTEN_CANCEL_TIME)
VALUES (50, 4, 2, 3, '2019-01-01 00:00:00', 0, '2019-01-01 00:00:00');
INSERT INTO youthchina.COM_ATTENTION (ATTEN_ID, TARGET_TYPE, TARGET_ID, USER_ID, ATTEN_TIME, ATTEN_CANCEL,
                                      ATTEN_CANCEL_TIME)
VALUES (51, 4, 3, 4, '2019-01-01 00:00:00', 0, '2019-01-01 00:00:00');
INSERT INTO youthchina.COM_ATTENTION (ATTEN_ID, TARGET_TYPE, TARGET_ID, USER_ID, ATTEN_TIME, ATTEN_CANCEL,
                                      ATTEN_CANCEL_TIME)
VALUES (52, 4, 4, 5, '2019-01-01 00:00:00', 0, '2019-01-01 00:00:00');
INSERT INTO youthchina.COM_ATTENTION (ATTEN_ID, TARGET_TYPE, TARGET_ID, USER_ID, ATTEN_TIME, ATTEN_CANCEL,
                                      ATTEN_CANCEL_TIME)
VALUES (53, 4, 5, 6, '2019-01-01 00:00:00', 0, '2019-01-01 00:00:00');
INSERT INTO youthchina.COM_BRIEF_REVIEW (REVIEW_ID, REVIEW_TIME, REVIEW_BODY, IS_DELETE, IS_DELETE_TIME, USER_ID,
                                         RELA_TYPE, RELA_ID)
VALUES (1, '2019-01-01 00:00:00', 102, 0, '2019-01-01 00:00:00', 1, 1, 37);
INSERT INTO youthchina.COM_BRIEF_REVIEW (REVIEW_ID, REVIEW_TIME, REVIEW_BODY, IS_DELETE, IS_DELETE_TIME, USER_ID,
                                         RELA_TYPE, RELA_ID)
VALUES (2, '2019-01-01 00:00:00', 103, 0, '2019-01-01 00:00:00', 1, 1, 37);
INSERT INTO youthchina.COM_BRIEF_REVIEW (REVIEW_ID, REVIEW_TIME, REVIEW_BODY, IS_DELETE, IS_DELETE_TIME, USER_ID,
                                         RELA_TYPE, RELA_ID)
VALUES (3, '2019-01-01 00:00:00', 104, 0, '2019-01-01 00:00:00', 1, 1, 37);
INSERT INTO youthchina.COM_BRIEF_REVIEW (REVIEW_ID, REVIEW_TIME, REVIEW_BODY, IS_DELETE, IS_DELETE_TIME, USER_ID,
                                         RELA_TYPE, RELA_ID)
VALUES (4, '2019-01-01 00:00:00', 105, 0, '2019-01-01 00:00:00', 1, 1, 37);
INSERT INTO youthchina.COM_COMMENT (COMMENT_ID, TARGET_TYPE, TARGET_ID, COMMENT_CONTENT, USER_ID, USER_ANONY,
                                    COMMENT_PUB_TIME, COMMENT_EDIT_TIME, IS_DELETE, IS_DELETE_TIME)
VALUES (1, 2, 1, '短评评论1', 2, 0, '2018-02-03 00:00:00', '2018-02-03 00:00:00', 0, '2018-02-03 00:00:00');
INSERT INTO youthchina.COM_COMMENT (COMMENT_ID, TARGET_TYPE, TARGET_ID, COMMENT_CONTENT, USER_ID, USER_ANONY,
                                    COMMENT_PUB_TIME, COMMENT_EDIT_TIME, IS_DELETE, IS_DELETE_TIME)
VALUES (2, 2, 2, '短评评论2', 3, 1, '2014-05-08 00:00:00', '2014-05-08 00:00:00', 0, '2014-05-08 00:00:00');
INSERT INTO youthchina.COM_COMMENT (COMMENT_ID, TARGET_TYPE, TARGET_ID, COMMENT_CONTENT, USER_ID, USER_ANONY,
                                    COMMENT_PUB_TIME, COMMENT_EDIT_TIME, IS_DELETE, IS_DELETE_TIME)
VALUES (3, 2, 3, '短评评论3', 4, 0, '2019-02-02 00:00:00', '2019-02-02 00:00:00', 0, '2019-02-02 00:00:00');
INSERT INTO youthchina.COM_COMMENT (COMMENT_ID, TARGET_TYPE, TARGET_ID, COMMENT_CONTENT, USER_ID, USER_ANONY,
                                    COMMENT_PUB_TIME, COMMENT_EDIT_TIME, IS_DELETE, IS_DELETE_TIME)
VALUES (4, 2, 4, '短评评论4', 5, 0, '2019-02-07 00:00:00', '2019-02-07 00:00:00', 0, '2019-02-07 00:00:00');
INSERT INTO youthchina.COM_COMMENT (COMMENT_ID, TARGET_TYPE, TARGET_ID, COMMENT_CONTENT, USER_ID, USER_ANONY,
                                    COMMENT_PUB_TIME, COMMENT_EDIT_TIME, IS_DELETE, IS_DELETE_TIME)
VALUES (5, 2, 5, '短评评论5', 6, 1, '2019-02-13 00:00:00', '2019-02-13 00:00:00', 0, '2019-02-13 00:00:00');
INSERT INTO youthchina.COM_COMMENT (COMMENT_ID, TARGET_TYPE, TARGET_ID, COMMENT_CONTENT, USER_ID, USER_ANONY,
                                    COMMENT_PUB_TIME, COMMENT_EDIT_TIME, IS_DELETE, IS_DELETE_TIME)
VALUES (6, 3, 1, '好好好', 2, 0, '2019-02-20 00:00:00', '2019-02-20 00:00:00', 0, '2019-02-20 00:00:00');
INSERT INTO youthchina.COM_COMMENT (COMMENT_ID, TARGET_TYPE, TARGET_ID, COMMENT_CONTENT, USER_ID, USER_ANONY,
                                    COMMENT_PUB_TIME, COMMENT_EDIT_TIME, IS_DELETE, IS_DELETE_TIME)
VALUES (7, 3, 1, '一般般', 3, 0, '2016-06-13 00:00:00', '2016-06-13 00:00:00', 0, '2016-06-13 00:00:00');
INSERT INTO youthchina.COM_COMMENT (COMMENT_ID, TARGET_TYPE, TARGET_ID, COMMENT_CONTENT, USER_ID, USER_ANONY,
                                    COMMENT_PUB_TIME, COMMENT_EDIT_TIME, IS_DELETE, IS_DELETE_TIME)
VALUES (8, 3, 2, '好好好', 4, 0, '2019-02-17 00:00:00', '2019-02-17 00:00:00', 0, '2019-02-17 00:00:00');
INSERT INTO youthchina.COM_COMMENT (COMMENT_ID, TARGET_TYPE, TARGET_ID, COMMENT_CONTENT, USER_ID, USER_ANONY,
                                    COMMENT_PUB_TIME, COMMENT_EDIT_TIME, IS_DELETE, IS_DELETE_TIME)
VALUES (9, 3, 2, '还行', 5, 1, '2018-09-09 00:00:00', '2018-09-09 00:00:00', 0, '2018-09-09 00:00:00');
INSERT INTO youthchina.COM_COMMENT (COMMENT_ID, TARGET_TYPE, TARGET_ID, COMMENT_CONTENT, USER_ID, USER_ANONY,
                                    COMMENT_PUB_TIME, COMMENT_EDIT_TIME, IS_DELETE, IS_DELETE_TIME)
VALUES (10, 3, 3, '好好好', 6, 0, '2019-02-12 00:00:00', '2019-02-12 00:00:00', 0, '2019-02-12 00:00:00');
INSERT INTO youthchina.COM_COMMENT (COMMENT_ID, TARGET_TYPE, TARGET_ID, COMMENT_CONTENT, USER_ID, USER_ANONY,
                                    COMMENT_PUB_TIME, COMMENT_EDIT_TIME, IS_DELETE, IS_DELETE_TIME)
VALUES (11, 3, 3, '烂透了', 2, 1, '2018-11-29 00:00:00', '2018-11-29 00:00:00', 0, '2018-11-29 00:00:00');
INSERT INTO youthchina.COM_COMMENT (COMMENT_ID, TARGET_TYPE, TARGET_ID, COMMENT_CONTENT, USER_ID, USER_ANONY,
                                    COMMENT_PUB_TIME, COMMENT_EDIT_TIME, IS_DELETE, IS_DELETE_TIME)
VALUES (12, 3, 4, '好好好', 3, 0, '2018-12-12 00:00:00', '2018-12-12 00:00:00', 0, '2018-12-12 00:00:00');
INSERT INTO youthchina.COM_COMMENT (COMMENT_ID, TARGET_TYPE, TARGET_ID, COMMENT_CONTENT, USER_ID, USER_ANONY,
                                    COMMENT_PUB_TIME, COMMENT_EDIT_TIME, IS_DELETE, IS_DELETE_TIME)
VALUES (13, 3, 4, '啥玩意', 4, 1, '2017-02-13 00:00:00', '2017-02-13 00:00:00', 0, '2017-02-13 00:00:00');
INSERT INTO youthchina.COM_COMMENT (COMMENT_ID, TARGET_TYPE, TARGET_ID, COMMENT_CONTENT, USER_ID, USER_ANONY,
                                    COMMENT_PUB_TIME, COMMENT_EDIT_TIME, IS_DELETE, IS_DELETE_TIME)
VALUES (14, 3, 5, '好好好', 5, 0, '2018-12-29 00:00:00', '2018-12-29 00:00:00', 0, '2018-12-29 00:00:00');
INSERT INTO youthchina.COM_COMMENT (COMMENT_ID, TARGET_TYPE, TARGET_ID, COMMENT_CONTENT, USER_ID, USER_ANONY,
                                    COMMENT_PUB_TIME, COMMENT_EDIT_TIME, IS_DELETE, IS_DELETE_TIME)
VALUES (15, 3, 5, '卡死了', 6, 0, '2019-02-16 00:00:00', '2019-02-16 00:00:00', 0, '2019-02-16 00:00:00');
INSERT INTO youthchina.COM_COMMENT (COMMENT_ID, TARGET_TYPE, TARGET_ID, COMMENT_CONTENT, USER_ID, USER_ANONY,
                                    COMMENT_PUB_TIME, COMMENT_EDIT_TIME, IS_DELETE, IS_DELETE_TIME)
VALUES (16, 1, 1, '好好好', 2, 1, '2019-02-12 00:00:00', '2019-02-12 00:00:00', 0, '2019-02-12 00:00:00');
INSERT INTO youthchina.COM_COMMENT (COMMENT_ID, TARGET_TYPE, TARGET_ID, COMMENT_CONTENT, USER_ID, USER_ANONY,
                                    COMMENT_PUB_TIME, COMMENT_EDIT_TIME, IS_DELETE, IS_DELETE_TIME)
VALUES (17, 1, 2, '一般般', 3, 0, '2019-02-19 00:00:00', '2019-02-19 00:00:00', 0, '2019-02-19 00:00:00');
INSERT INTO youthchina.COM_COMMENT (COMMENT_ID, TARGET_TYPE, TARGET_ID, COMMENT_CONTENT, USER_ID, USER_ANONY,
                                    COMMENT_PUB_TIME, COMMENT_EDIT_TIME, IS_DELETE, IS_DELETE_TIME)
VALUES (18, 1, 3, '有水平', 4, 0, '2019-02-04 00:00:00', '2019-02-04 00:00:00', 0, '2019-02-04 00:00:00');
INSERT INTO youthchina.COM_COMMENT (COMMENT_ID, TARGET_TYPE, TARGET_ID, COMMENT_CONTENT, USER_ID, USER_ANONY,
                                    COMMENT_PUB_TIME, COMMENT_EDIT_TIME, IS_DELETE, IS_DELETE_TIME)
VALUES (19, 1, 4, '还行', 5, 1, '2019-02-16 00:00:00', '2019-02-16 00:00:00', 0, '2019-02-16 00:00:00');
INSERT INTO youthchina.COM_COMMENT (COMMENT_ID, TARGET_TYPE, TARGET_ID, COMMENT_CONTENT, USER_ID, USER_ANONY,
                                    COMMENT_PUB_TIME, COMMENT_EDIT_TIME, IS_DELETE, IS_DELETE_TIME)
VALUES (20, 1, 5, '没读懂', 6, 0, '2018-12-31 00:00:00', '2018-12-31 00:00:00', 0, '2018-12-31 00:00:00');
INSERT INTO youthchina.COM_COMMENT (COMMENT_ID, TARGET_TYPE, TARGET_ID, COMMENT_CONTENT, USER_ID, USER_ANONY,
                                    COMMENT_PUB_TIME, COMMENT_EDIT_TIME, IS_DELETE, IS_DELETE_TIME)
VALUES (21, 1, 6, '烂透了', 2, 0, '2019-01-27 00:00:00', '2019-01-27 00:00:00', 0, '2019-01-27 00:00:00');
INSERT INTO youthchina.COM_COMMENT (COMMENT_ID, TARGET_TYPE, TARGET_ID, COMMENT_CONTENT, USER_ID, USER_ANONY,
                                    COMMENT_PUB_TIME, COMMENT_EDIT_TIME, IS_DELETE, IS_DELETE_TIME)
VALUES (22, 1, 7, '好好好', 3, 0, '2019-01-22 00:00:00', '2019-01-22 00:00:00', 0, '2019-01-22 00:00:00');
INSERT INTO youthchina.COM_COMMENT (COMMENT_ID, TARGET_TYPE, TARGET_ID, COMMENT_CONTENT, USER_ID, USER_ANONY,
                                    COMMENT_PUB_TIME, COMMENT_EDIT_TIME, IS_DELETE, IS_DELETE_TIME)
VALUES (23, 1, 8, '啥玩意', 4, 1, '2019-01-22 00:00:00', '2019-01-22 00:00:00', 0, '2019-01-22 00:00:00');
INSERT INTO youthchina.COM_COMMENT (COMMENT_ID, TARGET_TYPE, TARGET_ID, COMMENT_CONTENT, USER_ID, USER_ANONY,
                                    COMMENT_PUB_TIME, COMMENT_EDIT_TIME, IS_DELETE, IS_DELETE_TIME)
VALUES (24, 1, 9, '好好好', 5, 0, '2019-01-22 00:00:00', '2019-01-22 00:00:00', 0, '2019-01-22 00:00:00');
INSERT INTO youthchina.COM_DISCUSS (DISCUSS_ID, COMMENT_ID, DISCUSS_CONTENT, USER_ID, USER_ANONY, DISCUSS_PUB_TIME,
                                    IS_DELETE, IS_DELETE_TIME)
VALUES (1, 1, '讨论内容1 ', 3, 0, '2019-01-01 00:00:00', 0, '2019-01-01 00:00:00');
INSERT INTO youthchina.COM_DISCUSS (DISCUSS_ID, COMMENT_ID, DISCUSS_CONTENT, USER_ID, USER_ANONY, DISCUSS_PUB_TIME,
                                    IS_DELETE, IS_DELETE_TIME)
VALUES (2, 1, '讨论内容2 ', 4, 0, '2019-01-01 00:00:00', 0, '2019-01-01 00:00:00');
INSERT INTO youthchina.COM_DISCUSS (DISCUSS_ID, COMMENT_ID, DISCUSS_CONTENT, USER_ID, USER_ANONY, DISCUSS_PUB_TIME,
                                    IS_DELETE, IS_DELETE_TIME)
VALUES (3, 1, '讨论内容3 ', 5, 0, '2019-01-01 00:00:00', 0, '2019-01-01 00:00:00');
INSERT INTO youthchina.COM_DISCUSS (DISCUSS_ID, COMMENT_ID, DISCUSS_CONTENT, USER_ID, USER_ANONY, DISCUSS_PUB_TIME,
                                    IS_DELETE, IS_DELETE_TIME)
VALUES (4, 1, '讨论内容4 ', 6, 0, '2019-01-01 00:00:00', 0, '2019-01-01 00:00:00');
INSERT INTO youthchina.COM_DISCUSS (DISCUSS_ID, COMMENT_ID, DISCUSS_CONTENT, USER_ID, USER_ANONY, DISCUSS_PUB_TIME,
                                    IS_DELETE, IS_DELETE_TIME)
VALUES (5, 1, '讨论内容5 ', 7, 1, '2019-01-01 00:00:00', 0, '2019-01-01 00:00:00');
INSERT INTO youthchina.COM_DISCUSS (DISCUSS_ID, COMMENT_ID, DISCUSS_CONTENT, USER_ID, USER_ANONY, DISCUSS_PUB_TIME,
                                    IS_DELETE, IS_DELETE_TIME)
VALUES (6, 1, '讨论内容6 ', 8, 1, '2019-01-01 00:00:00', 0, '2019-01-01 00:00:00');
INSERT INTO youthchina.COM_DISCUSS (DISCUSS_ID, COMMENT_ID, DISCUSS_CONTENT, USER_ID, USER_ANONY, DISCUSS_PUB_TIME,
                                    IS_DELETE, IS_DELETE_TIME)
VALUES (7, 1, '讨论内容7 ', 9, 1, '2019-01-01 00:00:00', 0, '2019-01-01 00:00:00');
INSERT INTO youthchina.COM_DISCUSS (DISCUSS_ID, COMMENT_ID, DISCUSS_CONTENT, USER_ID, USER_ANONY, DISCUSS_PUB_TIME,
                                    IS_DELETE, IS_DELETE_TIME)
VALUES (8, 2, '讨论内容8 ', 3, 1, '2019-01-01 00:00:00', 0, '2019-01-01 00:00:00');
INSERT INTO youthchina.COM_DISCUSS (DISCUSS_ID, COMMENT_ID, DISCUSS_CONTENT, USER_ID, USER_ANONY, DISCUSS_PUB_TIME,
                                    IS_DELETE, IS_DELETE_TIME)
VALUES (9, 2, '讨论内容9 ', 4, 1, '2019-01-01 00:00:00', 0, '2019-01-01 00:00:00');
INSERT INTO youthchina.COM_DISCUSS (DISCUSS_ID, COMMENT_ID, DISCUSS_CONTENT, USER_ID, USER_ANONY, DISCUSS_PUB_TIME,
                                    IS_DELETE, IS_DELETE_TIME)
VALUES (10, 2, '讨论内容10', 5, 0, '2019-01-01 00:00:00', 0, '2019-01-01 00:00:00');
INSERT INTO youthchina.COM_DISCUSS (DISCUSS_ID, COMMENT_ID, DISCUSS_CONTENT, USER_ID, USER_ANONY, DISCUSS_PUB_TIME,
                                    IS_DELETE, IS_DELETE_TIME)
VALUES (11, 2, '讨论内容11', 6, 0, '2019-01-01 00:00:00', 0, '2019-01-01 00:00:00');
INSERT INTO youthchina.COM_DISCUSS (DISCUSS_ID, COMMENT_ID, DISCUSS_CONTENT, USER_ID, USER_ANONY, DISCUSS_PUB_TIME,
                                    IS_DELETE, IS_DELETE_TIME)
VALUES (12, 2, '讨论内容12', 7, 1, '2019-01-01 00:00:00', 0, '2019-01-01 00:00:00');
INSERT INTO youthchina.COM_DISCUSS (DISCUSS_ID, COMMENT_ID, DISCUSS_CONTENT, USER_ID, USER_ANONY, DISCUSS_PUB_TIME,
                                    IS_DELETE, IS_DELETE_TIME)
VALUES (13, 2, '讨论内容13', 8, 1, '2019-01-01 00:00:00', 0, '2019-01-01 00:00:00');
INSERT INTO youthchina.COM_DISCUSS (DISCUSS_ID, COMMENT_ID, DISCUSS_CONTENT, USER_ID, USER_ANONY, DISCUSS_PUB_TIME,
                                    IS_DELETE, IS_DELETE_TIME)
VALUES (14, 2, '讨论内容14', 9, 1, '2019-01-01 00:00:00', 0, '2019-01-01 00:00:00');
INSERT INTO youthchina.COM_DISCUSS (DISCUSS_ID, COMMENT_ID, DISCUSS_CONTENT, USER_ID, USER_ANONY, DISCUSS_PUB_TIME,
                                    IS_DELETE, IS_DELETE_TIME)
VALUES (15, 2, '讨论内容15', 10, 0, '2019-01-01 00:00:00', 0, '2019-01-01 00:00:00');
INSERT INTO youthchina.COM_DISCUSS (DISCUSS_ID, COMMENT_ID, DISCUSS_CONTENT, USER_ID, USER_ANONY, DISCUSS_PUB_TIME,
                                    IS_DELETE, IS_DELETE_TIME)
VALUES (16, 3, '讨论内容16', 3, 0, '2019-01-01 00:00:00', 0, '2019-01-01 00:00:00');
INSERT INTO youthchina.COM_DISCUSS (DISCUSS_ID, COMMENT_ID, DISCUSS_CONTENT, USER_ID, USER_ANONY, DISCUSS_PUB_TIME,
                                    IS_DELETE, IS_DELETE_TIME)
VALUES (17, 3, '讨论内容17', 4, 1, '2019-01-01 00:00:00', 0, '2019-01-01 00:00:00');
INSERT INTO youthchina.COM_DISCUSS (DISCUSS_ID, COMMENT_ID, DISCUSS_CONTENT, USER_ID, USER_ANONY, DISCUSS_PUB_TIME,
                                    IS_DELETE, IS_DELETE_TIME)
VALUES (18, 3, '讨论内容18', 5, 1, '2019-01-01 00:00:00', 0, '2019-01-01 00:00:00');
INSERT INTO youthchina.COM_DISCUSS (DISCUSS_ID, COMMENT_ID, DISCUSS_CONTENT, USER_ID, USER_ANONY, DISCUSS_PUB_TIME,
                                    IS_DELETE, IS_DELETE_TIME)
VALUES (19, 3, '讨论内容19', 6, 0, '2019-01-01 00:00:00', 0, '2019-01-01 00:00:00');
INSERT INTO youthchina.COM_DISCUSS (DISCUSS_ID, COMMENT_ID, DISCUSS_CONTENT, USER_ID, USER_ANONY, DISCUSS_PUB_TIME,
                                    IS_DELETE, IS_DELETE_TIME)
VALUES (20, 3, '讨论内容20', 7, 0, '2019-01-01 00:00:00', 0, '2019-01-01 00:00:00');
INSERT INTO youthchina.COM_DISCUSS (DISCUSS_ID, COMMENT_ID, DISCUSS_CONTENT, USER_ID, USER_ANONY, DISCUSS_PUB_TIME,
                                    IS_DELETE, IS_DELETE_TIME)
VALUES (21, 3, '讨论内容21', 8, 0, '2019-01-01 00:00:00', 0, '2019-01-01 00:00:00');
INSERT INTO youthchina.COM_DISCUSS (DISCUSS_ID, COMMENT_ID, DISCUSS_CONTENT, USER_ID, USER_ANONY, DISCUSS_PUB_TIME,
                                    IS_DELETE, IS_DELETE_TIME)
VALUES (22, 3, '讨论内容22', 9, 1, '2019-01-01 00:00:00', 0, '2019-01-01 00:00:00');
INSERT INTO youthchina.COM_DISCUSS (DISCUSS_ID, COMMENT_ID, DISCUSS_CONTENT, USER_ID, USER_ANONY, DISCUSS_PUB_TIME,
                                    IS_DELETE, IS_DELETE_TIME)
VALUES (23, 4, '讨论内容23', 3, 1, '2019-01-01 00:00:00', 0, '2019-01-01 00:00:00');
INSERT INTO youthchina.COM_DISCUSS (DISCUSS_ID, COMMENT_ID, DISCUSS_CONTENT, USER_ID, USER_ANONY, DISCUSS_PUB_TIME,
                                    IS_DELETE, IS_DELETE_TIME)
VALUES (24, 4, '讨论内容24', 4, 1, '2019-01-01 00:00:00', 0, '2019-01-01 00:00:00');
INSERT INTO youthchina.COM_ESSAY (ESSAY_ID, ESSAY_TITLE, ESSAY_ABBRE, ESSAY_BODY, USER_ID, USER_ANONY, ESSAY_PUB_TIME,
                                  ESSAY_EDIT_TIME, IS_DELETE, IS_DELETE_TIME, RELA_TYPE, RELA_ID)
VALUES (1, '翟天临们，放过博士学位吧', '翟天临道歉了，北京电影学院撤销了其博士学位，导师陈浥也被取消博导资格。', 50, 1, 1, '2019-01-01 00:00:00',
        '2019-01-01 00:00:00', 0, '2019-01-01 00:00:00', 0, 0);
INSERT INTO youthchina.COM_ESSAY (ESSAY_ID, ESSAY_TITLE, ESSAY_ABBRE, ESSAY_BODY, USER_ID, USER_ANONY, ESSAY_PUB_TIME,
                                  ESSAY_EDIT_TIME, IS_DELETE, IS_DELETE_TIME, RELA_TYPE, RELA_ID)
VALUES (2, '为什么富人会越富，穷人还是穷人？', '依据我身边的经验，在二三线城市的年轻人，月薪基本会稳定在四千左右。', 51, 2, 0, '2019-01-01 00:00:00',
        '2019-01-01 00:00:00', 0, '2019-01-01 00:00:00', 0, 0);
INSERT INTO youthchina.COM_ESSAY (ESSAY_ID, ESSAY_TITLE, ESSAY_ABBRE, ESSAY_BODY, USER_ID, USER_ANONY, ESSAY_PUB_TIME,
                                  ESSAY_EDIT_TIME, IS_DELETE, IS_DELETE_TIME, RELA_TYPE, RELA_ID)
VALUES (3, '你听过最美的网名是什么？', '各位看官 大家好? 我的这个回答是我在好多地方搜集到的 欢迎转载（ps不太接受商用呦 ） 不过尽量知会我一声呦', 52, 3, 0, '2019-01-01 00:00:00',
        '2019-01-01 00:00:00', 0, '2019-01-01 00:00:00', 0, 0);
INSERT INTO youthchina.COM_ESSAY (ESSAY_ID, ESSAY_TITLE, ESSAY_ABBRE, ESSAY_BODY, USER_ID, USER_ANONY, ESSAY_PUB_TIME,
                                  ESSAY_EDIT_TIME, IS_DELETE, IS_DELETE_TIME, RELA_TYPE, RELA_ID)
VALUES (4, '腾讯咋样', '腾讯好不好？', 53, 4, 0, '2019-01-01 00:00:00', '2019-01-01 00:00:00', 0, '2019-01-01 00:00:00', 1, 37);
INSERT INTO youthchina.COM_ESSAY (ESSAY_ID, ESSAY_TITLE, ESSAY_ABBRE, ESSAY_BODY, USER_ID, USER_ANONY, ESSAY_PUB_TIME,
                                  ESSAY_EDIT_TIME, IS_DELETE, IS_DELETE_TIME, RELA_TYPE, RELA_ID)
VALUES (5, '腾讯的软肋是什么？', '---', 54, 5, 1, '2019-01-01 00:00:00', '2019-01-01 00:00:00', 0, '2019-01-01 00:00:00', 1, 37);
INSERT INTO youthchina.COM_ESSAY (ESSAY_ID, ESSAY_TITLE, ESSAY_ABBRE, ESSAY_BODY, USER_ID, USER_ANONY, ESSAY_PUB_TIME,
                                  ESSAY_EDIT_TIME, IS_DELETE, IS_DELETE_TIME, RELA_TYPE, RELA_ID)
VALUES (6, '腾讯究竟强大在哪？是否被高估？', '---', 55, 6, 1, '2019-01-01 00:00:00', '2019-01-01 00:00:00', 0, '2019-01-01 00:00:00',
        1, 37);
INSERT INTO youthchina.COM_ESSAY (ESSAY_ID, ESSAY_TITLE, ESSAY_ABBRE, ESSAY_BODY, USER_ID, USER_ANONY, ESSAY_PUB_TIME,
                                  ESSAY_EDIT_TIME, IS_DELETE, IS_DELETE_TIME, RELA_TYPE, RELA_ID)
VALUES (7, '你习惯用支付宝还是微信支付？', '---', 56, 7, 1, '2019-01-01 00:00:00', '2019-01-01 00:00:00', 0, '2019-01-01 00:00:00', 0,
        0);
INSERT INTO youthchina.COM_ESSAY (ESSAY_ID, ESSAY_TITLE, ESSAY_ABBRE, ESSAY_BODY, USER_ID, USER_ANONY, ESSAY_PUB_TIME,
                                  ESSAY_EDIT_TIME, IS_DELETE, IS_DELETE_TIME, RELA_TYPE, RELA_ID)
VALUES (8, '如何看待温州乐清 20 岁女生乘坐滴滴顺风车遇害 ？是否反映出客服系统存在问题？', '在郑州空姐搭乘顺风车遇害百天之后，浙江乐清一名20岁女孩在8月24日搭乘滴滴顺风车的途中再次遇害。', 57, 8, 1,
        '2019-01-01 00:00:00', '2019-01-01 00:00:00', 0, '2019-01-01 00:00:00', 0, 0);
INSERT INTO youthchina.COM_ESSAY (ESSAY_ID, ESSAY_TITLE, ESSAY_ABBRE, ESSAY_BODY, USER_ID, USER_ANONY, ESSAY_PUB_TIME,
                                  ESSAY_EDIT_TIME, IS_DELETE, IS_DELETE_TIME, RELA_TYPE, RELA_ID)
VALUES (9, '你在乘坐出租车或网约车时发生过哪些让你难忘的故事？', '---', 58, 9, 1, '2019-01-01 00:00:00', '2019-01-01 00:00:00', 0,
        '2019-01-01 00:00:00', 0, 0);
INSERT INTO youthchina.COM_ESSAY (ESSAY_ID, ESSAY_TITLE, ESSAY_ABBRE, ESSAY_BODY, USER_ID, USER_ANONY, ESSAY_PUB_TIME,
                                  ESSAY_EDIT_TIME, IS_DELETE, IS_DELETE_TIME, RELA_TYPE, RELA_ID)
VALUES (10, '记滴滴惊魂1分钟：司机说，你陪我到床上玩玩吧', '---', 59, 1, 1, '2019-01-01 00:00:00', '2019-01-01 00:00:00', 0,
        '2019-01-01 00:00:00', 0, 0);
INSERT INTO youthchina.COM_ESSAY (ESSAY_ID, ESSAY_TITLE, ESSAY_ABBRE, ESSAY_BODY, USER_ID, USER_ANONY, ESSAY_PUB_TIME,
                                  ESSAY_EDIT_TIME, IS_DELETE, IS_DELETE_TIME, RELA_TYPE, RELA_ID)
VALUES (11, '如何看待 ofo 被曝账户现金仅能支撑一个月？', '---', 60, 2, 1, '2019-01-01 00:00:00', '2019-01-01 00:00:00', 0,
        '2019-01-01 00:00:00', 0, 0);
INSERT INTO youthchina.COM_ESSAY (ESSAY_ID, ESSAY_TITLE, ESSAY_ABBRE, ESSAY_BODY, USER_ID, USER_ANONY, ESSAY_PUB_TIME,
                                  ESSAY_EDIT_TIME, IS_DELETE, IS_DELETE_TIME, RELA_TYPE, RELA_ID)
VALUES (12, '你为什么从滴滴出行离职？', '---', 61, 3, 1, '2019-01-01 00:00:00', '2019-01-01 00:00:00', 0, '2019-01-01 00:00:00', 0,
        0);
INSERT INTO youthchina.COM_ESSAY (ESSAY_ID, ESSAY_TITLE, ESSAY_ABBRE, ESSAY_BODY, USER_ID, USER_ANONY, ESSAY_PUB_TIME,
                                  ESSAY_EDIT_TIME, IS_DELETE, IS_DELETE_TIME, RELA_TYPE, RELA_ID)
VALUES (13, '做滴滴快车司机是一种怎样的体验？', '---', 62, 4, 1, '2019-01-01 00:00:00', '2019-01-01 00:00:00', 0, '2019-01-01 00:00:00',
        0, 0);
INSERT INTO youthchina.COM_ESSAY (ESSAY_ID, ESSAY_TITLE, ESSAY_ABBRE, ESSAY_BODY, USER_ID, USER_ANONY, ESSAY_PUB_TIME,
                                  ESSAY_EDIT_TIME, IS_DELETE, IS_DELETE_TIME, RELA_TYPE, RELA_ID)
VALUES (14, '如何评价拉勾招聘会结束简历被扔垃圾箱这一事件？', '---', 63, 5, 1, '2019-01-01 00:00:00', '2019-01-01 00:00:00', 0,
        '2019-01-01 00:00:00', 0, 0);
INSERT INTO youthchina.COM_ESSAY (ESSAY_ID, ESSAY_TITLE, ESSAY_ABBRE, ESSAY_BODY, USER_ID, USER_ANONY, ESSAY_PUB_TIME,
                                  ESSAY_EDIT_TIME, IS_DELETE, IS_DELETE_TIME, RELA_TYPE, RELA_ID)
VALUES (15, '如何评价脉脉?', '---', 64, 6, 1, '2019-01-01 00:00:00', '2019-01-01 00:00:00', 0, '2019-01-01 00:00:00', 0, 0);
INSERT INTO youthchina.COM_ESSAY (ESSAY_ID, ESSAY_TITLE, ESSAY_ABBRE, ESSAY_BODY, USER_ID, USER_ANONY, ESSAY_PUB_TIME,
                                  ESSAY_EDIT_TIME, IS_DELETE, IS_DELETE_TIME, RELA_TYPE, RELA_ID)
VALUES (16, '如何评价脉脉?', '---', 65, 7, 1, '2019-01-01 00:00:00', '2019-01-01 00:00:00', 0, '2019-01-01 00:00:00', 0, 0);
INSERT INTO youthchina.COM_ESSAY (ESSAY_ID, ESSAY_TITLE, ESSAY_ABBRE, ESSAY_BODY, USER_ID, USER_ANONY, ESSAY_PUB_TIME,
                                  ESSAY_EDIT_TIME, IS_DELETE, IS_DELETE_TIME, RELA_TYPE, RELA_ID)
VALUES (17, '我是怎么被脉脉app给恶心到的', '---', 66, 8, 1, '2019-01-01 00:00:00', '2019-01-01 00:00:00', 0, '2019-01-01 00:00:00',
        0, 0);
INSERT INTO youthchina.COM_ESSAY (ESSAY_ID, ESSAY_TITLE, ESSAY_ABBRE, ESSAY_BODY, USER_ID, USER_ANONY, ESSAY_PUB_TIME,
                                  ESSAY_EDIT_TIME, IS_DELETE, IS_DELETE_TIME, RELA_TYPE, RELA_ID)
VALUES (18, '京东为什么年年亏损，但还是没有倒闭？', '---', 67, 9, 1, '2019-01-01 00:00:00', '2019-01-01 00:00:00', 0,
        '2019-01-01 00:00:00', 1, 39);
INSERT INTO youthchina.COM_ESSAY (ESSAY_ID, ESSAY_TITLE, ESSAY_ABBRE, ESSAY_BODY, USER_ID, USER_ANONY, ESSAY_PUB_TIME,
                                  ESSAY_EDIT_TIME, IS_DELETE, IS_DELETE_TIME, RELA_TYPE, RELA_ID)
VALUES (19, '章泽天喜欢/欣赏刘强东的什么？', '---', 68, 1, 0, '2019-01-01 00:00:00', '2019-01-01 00:00:00', 0, '2019-01-01 00:00:00',
        0, 0);
INSERT INTO youthchina.COM_ESSAY (ESSAY_ID, ESSAY_TITLE, ESSAY_ABBRE, ESSAY_BODY, USER_ID, USER_ANONY, ESSAY_PUB_TIME,
                                  ESSAY_EDIT_TIME, IS_DELETE, IS_DELETE_TIME, RELA_TYPE, RELA_ID)
VALUES (20, '京东一直在亏，为什么没有倒闭?刘强东为什么还那么有钱？', '---', 69, 2, 0, '2019-01-01 00:00:00', '2019-01-01 00:00:00', 0,
        '2019-01-01 00:00:00', 1, 39);
INSERT INTO youthchina.COM_ESSAY (ESSAY_ID, ESSAY_TITLE, ESSAY_ABBRE, ESSAY_BODY, USER_ID, USER_ANONY, ESSAY_PUB_TIME,
                                  ESSAY_EDIT_TIME, IS_DELETE, IS_DELETE_TIME, RELA_TYPE, RELA_ID)
VALUES (21, '如何看待被扣发工资的快递小哥哭诉刘强东的回应是对他的侮辱？', '这几天京东快递小哥刘仁军哭诉工资被扣发一事引起了社会广泛关注。就在新闻播出后，京东集团创始人刘强东也对此事进行了回应', 70, 3, 1,
        '2019-01-01 00:00:00', '2019-01-01 00:00:00', 0, '2019-01-01 00:00:00', 0, 0);
INSERT INTO youthchina.COM_ESSAY (ESSAY_ID, ESSAY_TITLE, ESSAY_ABBRE, ESSAY_BODY, USER_ID, USER_ANONY, ESSAY_PUB_TIME,
                                  ESSAY_EDIT_TIME, IS_DELETE, IS_DELETE_TIME, RELA_TYPE, RELA_ID)
VALUES (22, '如何评价苏宁被曝禁止员工在京东购物 一经发现立即开除？', '---', 71, 4, 0, '2019-01-01 00:00:00', '2019-01-01 00:00:00', 0,
        '2019-01-01 00:00:00', 0, 54);
INSERT INTO youthchina.COM_ESSAY (ESSAY_ID, ESSAY_TITLE, ESSAY_ABBRE, ESSAY_BODY, USER_ID, USER_ANONY, ESSAY_PUB_TIME,
                                  ESSAY_EDIT_TIME, IS_DELETE, IS_DELETE_TIME, RELA_TYPE, RELA_ID)
VALUES (23, '如何评价刘强东在京东聚餐上，对怀孕的副总的一番话呢？', '---', 72, 5, 0, '2019-01-01 00:00:00', '2019-01-01 00:00:00', 0,
        '2019-01-01 00:00:00', 0, 39);
INSERT INTO youthchina.COM_ESSAY (ESSAY_ID, ESSAY_TITLE, ESSAY_ABBRE, ESSAY_BODY, USER_ID, USER_ANONY, ESSAY_PUB_TIME,
                                  ESSAY_EDIT_TIME, IS_DELETE, IS_DELETE_TIME, RELA_TYPE, RELA_ID)
VALUES (24, '刘强东性侵事件真假，你是怎样看的？', '---', 73, 6, 0, '2019-01-01 00:00:00', '2019-01-01 00:00:00', 0,
        '2019-01-01 00:00:00', 1, 0);
INSERT INTO youthchina.COM_ESSAY (ESSAY_ID, ESSAY_TITLE, ESSAY_ABBRE, ESSAY_BODY, USER_ID, USER_ANONY, ESSAY_PUB_TIME,
                                  ESSAY_EDIT_TIME, IS_DELETE, IS_DELETE_TIME, RELA_TYPE, RELA_ID)
VALUES (25, '如何评价朋友圈所流传的刘强东的薪酬计划？', '---', 74, 7, 1, '2019-01-01 00:00:00', '2019-01-01 00:00:00', 0,
        '2019-01-01 00:00:00', 1, 0);
INSERT INTO youthchina.COM_ESSAY (ESSAY_ID, ESSAY_TITLE, ESSAY_ABBRE, ESSAY_BODY, USER_ID, USER_ANONY, ESSAY_PUB_TIME,
                                  ESSAY_EDIT_TIME, IS_DELETE, IS_DELETE_TIME, RELA_TYPE, RELA_ID)
VALUES (26, '如何看待百度将「血友病吧」吧主撤掉并售卖贴吧的行为？', '---', 75, 8, 1, '2019-01-01 00:00:00', '2019-01-01 00:00:00', 0,
        '2019-01-01 00:00:00', 1, 38);
INSERT INTO youthchina.COM_ESSAY (ESSAY_ID, ESSAY_TITLE, ESSAY_ABBRE, ESSAY_BODY, USER_ID, USER_ANONY, ESSAY_PUB_TIME,
                                  ESSAY_EDIT_TIME, IS_DELETE, IS_DELETE_TIME, RELA_TYPE, RELA_ID)
VALUES (27, '为什么有人说「百度全面降低了中国的互联网体验」？', '---', 76, 9, 1, '2019-01-01 00:00:00', '2019-01-01 00:00:00', 0,
        '2019-01-01 00:00:00', 0, 38);
INSERT INTO youthchina.COM_ESSAY (ESSAY_ID, ESSAY_TITLE, ESSAY_ABBRE, ESSAY_BODY, USER_ID, USER_ANONY, ESSAY_PUB_TIME,
                                  ESSAY_EDIT_TIME, IS_DELETE, IS_DELETE_TIME, RELA_TYPE, RELA_ID)
VALUES (28, '如今百度是否已经从中国互联网三大公司（BAT）中出局？', '---', 77, 1, 1, '2019-01-01 00:00:00', '2019-01-01 00:00:00', 0,
        '2019-01-01 00:00:00', 0, 38);
INSERT INTO youthchina.COM_ESSAY (ESSAY_ID, ESSAY_TITLE, ESSAY_ABBRE, ESSAY_BODY, USER_ID, USER_ANONY, ESSAY_PUB_TIME,
                                  ESSAY_EDIT_TIME, IS_DELETE, IS_DELETE_TIME, RELA_TYPE, RELA_ID)
VALUES (29, '百度和 Google 的搜索技术是一个量级吗？', '---', 78, 2, 1, '2019-01-01 00:00:00', '2019-01-01 00:00:00', 0,
        '2019-01-01 00:00:00', 0, 38);
INSERT INTO youthchina.COM_ESSAY (ESSAY_ID, ESSAY_TITLE, ESSAY_ABBRE, ESSAY_BODY, USER_ID, USER_ANONY, ESSAY_PUB_TIME,
                                  ESSAY_EDIT_TIME, IS_DELETE, IS_DELETE_TIME, RELA_TYPE, RELA_ID)
VALUES (30, '你为什么从百度离职？', '请前百度员工分享。最好也可以说说从百度离职后，去了新公司后得到了你想要的吗？', 79, 3, 1, '2019-01-01 00:00:00',
        '2019-01-01 00:00:00', 0, '2019-01-01 00:00:00', 0, 38);
INSERT INTO youthchina.COM_ESSAY (ESSAY_ID, ESSAY_TITLE, ESSAY_ABBRE, ESSAY_BODY, USER_ID, USER_ANONY, ESSAY_PUB_TIME,
                                  ESSAY_EDIT_TIME, IS_DELETE, IS_DELETE_TIME, RELA_TYPE, RELA_ID)
VALUES (31, '麦肯锡是一家什么样的公司？', '---', 80, 4, 1, '2019-01-01 00:00:00', '2019-01-01 00:00:00', 0, '2019-01-01 00:00:00', 0,
        0);
INSERT INTO youthchina.COM_ESSAY (ESSAY_ID, ESSAY_TITLE, ESSAY_ABBRE, ESSAY_BODY, USER_ID, USER_ANONY, ESSAY_PUB_TIME,
                                  ESSAY_EDIT_TIME, IS_DELETE, IS_DELETE_TIME, RELA_TYPE, RELA_ID)
VALUES (32, '麦肯锡是一家什么样的公司？', '---', 81, 5, 1, '2019-01-01 00:00:00', '2019-01-01 00:00:00', 0, '2019-01-01 00:00:00', 0,
        0);
INSERT INTO youthchina.COM_ESSAY (ESSAY_ID, ESSAY_TITLE, ESSAY_ABBRE, ESSAY_BODY, USER_ID, USER_ANONY, ESSAY_PUB_TIME,
                                  ESSAY_EDIT_TIME, IS_DELETE, IS_DELETE_TIME, RELA_TYPE, RELA_ID)
VALUES (33, '在麦肯锡工作是怎样的的体验？', '---', 82, 6, 1, '2019-01-01 00:00:00', '2019-01-01 00:00:00', 0, '2019-01-01 00:00:00',
        0, 0);
INSERT INTO youthchina.COM_ESSAY (ESSAY_ID, ESSAY_TITLE, ESSAY_ABBRE, ESSAY_BODY, USER_ID, USER_ANONY, ESSAY_PUB_TIME,
                                  ESSAY_EDIT_TIME, IS_DELETE, IS_DELETE_TIME, RELA_TYPE, RELA_ID)
VALUES (34, '麦肯锡、贝恩等著名咨询公司的失败案例？', '---', 83, 7, 1, '2019-01-01 00:00:00', '2019-01-01 00:00:00', 0,
        '2019-01-01 00:00:00', 0, 0);
INSERT INTO youthchina.COM_ESSAY (ESSAY_ID, ESSAY_TITLE, ESSAY_ABBRE, ESSAY_BODY, USER_ID, USER_ANONY, ESSAY_PUB_TIME,
                                  ESSAY_EDIT_TIME, IS_DELETE, IS_DELETE_TIME, RELA_TYPE, RELA_ID)
VALUES (35, '在麦肯锡、贝恩、BCG 这类顶尖外资咨询公司的中国区工作是一种什么样的体验？', '---', 84, 8, 1, '2019-01-01 00:00:00', '2019-01-01 00:00:00', 0,
        '2019-01-01 00:00:00', 0, 0);
INSERT INTO youthchina.COM_ESSAY (ESSAY_ID, ESSAY_TITLE, ESSAY_ABBRE, ESSAY_BODY, USER_ID, USER_ANONY, ESSAY_PUB_TIME,
                                  ESSAY_EDIT_TIME, IS_DELETE, IS_DELETE_TIME, RELA_TYPE, RELA_ID)
VALUES (36, '想从事咨询行业，有哪些书可以增加对咨询行业的认识理解？', '---', 85, 9, 1, '2019-01-01 00:00:00', '2019-01-01 00:00:00', 0,
        '2019-01-01 00:00:00', 0, 0);
INSERT INTO youthchina.COM_ESSAY (ESSAY_ID, ESSAY_TITLE, ESSAY_ABBRE, ESSAY_BODY, USER_ID, USER_ANONY, ESSAY_PUB_TIME,
                                  ESSAY_EDIT_TIME, IS_DELETE, IS_DELETE_TIME, RELA_TYPE, RELA_ID)
VALUES (37, '如何看待「拼多多」这个 app？', '---', 86, 1, 1, '2019-01-01 00:00:00', '2019-01-01 00:00:00', 0, '2019-01-01 00:00:00',
        0, 0);
INSERT INTO youthchina.COM_ESSAY (ESSAY_ID, ESSAY_TITLE, ESSAY_ABBRE, ESSAY_BODY, USER_ID, USER_ANONY, ESSAY_PUB_TIME,
                                  ESSAY_EDIT_TIME, IS_DELETE, IS_DELETE_TIME, RELA_TYPE, RELA_ID)
VALUES (38, '如何看待「拼多多」这个 app？', '---', 87, 2, 1, '2019-01-01 00:00:00', '2019-01-01 00:00:00', 0, '2019-01-01 00:00:00',
        1, 0);
INSERT INTO youthchina.COM_ESSAY (ESSAY_ID, ESSAY_TITLE, ESSAY_ABBRE, ESSAY_BODY, USER_ID, USER_ANONY, ESSAY_PUB_TIME,
                                  ESSAY_EDIT_TIME, IS_DELETE, IS_DELETE_TIME, RELA_TYPE, RELA_ID)
VALUES (39, '拼多多的员工感觉这家公司怎么样？', '---', 88, 3, 0, '2019-01-01 00:00:00', '2019-01-01 00:00:00', 0, '2019-01-01 00:00:00',
        0, 0);
INSERT INTO youthchina.COM_ESSAY (ESSAY_ID, ESSAY_TITLE, ESSAY_ABBRE, ESSAY_BODY, USER_ID, USER_ANONY, ESSAY_PUB_TIME,
                                  ESSAY_EDIT_TIME, IS_DELETE, IS_DELETE_TIME, RELA_TYPE, RELA_ID)
VALUES (40, '美团外卖是否已经战胜饿了么？', '---', 89, 4, 0, '2019-01-01 00:00:00', '2019-01-01 00:00:00', 0, '2019-01-01 00:00:00',
        1, 0);
INSERT INTO youthchina.COM_ESSAY (ESSAY_ID, ESSAY_TITLE, ESSAY_ABBRE, ESSAY_BODY, USER_ID, USER_ANONY, ESSAY_PUB_TIME,
                                  ESSAY_EDIT_TIME, IS_DELETE, IS_DELETE_TIME, RELA_TYPE, RELA_ID)
VALUES (41, '如何看待美团外卖送餐员送餐过程中偷吃外卖并吐回里面的行为？', '据用户 10 月 21 日查看监控得知，在订了一份外卖后，从电梯监控中看到外卖送餐员拿出筷子偷吃了两口，又吐在里面', 90, 5, 1,
        '2019-01-01 00:00:00', '2019-01-01 00:00:00', 0, '2019-01-01 00:00:00', 0, 0);
INSERT INTO youthchina.COM_ESSAY (ESSAY_ID, ESSAY_TITLE, ESSAY_ABBRE, ESSAY_BODY, USER_ID, USER_ANONY, ESSAY_PUB_TIME,
                                  ESSAY_EDIT_TIME, IS_DELETE, IS_DELETE_TIME, RELA_TYPE, RELA_ID)
VALUES (42, '互联网行业有哪些闷声发大财的公司？', '--- ', 91, 6, 0, '2019-01-01 00:00:00', '2019-01-01 00:00:00', 0,
        '2019-01-01 00:00:00', 0, 0);
INSERT INTO youthchina.COM_ESSAY (ESSAY_ID, ESSAY_TITLE, ESSAY_ABBRE, ESSAY_BODY, USER_ID, USER_ANONY, ESSAY_PUB_TIME,
                                  ESSAY_EDIT_TIME, IS_DELETE, IS_DELETE_TIME, RELA_TYPE, RELA_ID)
VALUES (43, '微信的短暂崩溃撕开了互联网可怖的一角', '今天下午3点左右微信部分功能出现故障，影响公众号、微信支付、搜索、小程序等功能的正常使用，瞬间就上了微博热搜，引发热议：', 92, 7, 0,
        '2019-01-01 00:00:00', '2019-01-01 00:00:00', 0, '2019-01-01 00:00:00', 0, 0);
INSERT INTO youthchina.COM_ESSAY (ESSAY_ID, ESSAY_TITLE, ESSAY_ABBRE, ESSAY_BODY, USER_ID, USER_ANONY, ESSAY_PUB_TIME,
                                  ESSAY_EDIT_TIME, IS_DELETE, IS_DELETE_TIME, RELA_TYPE, RELA_ID)
VALUES (44, '中国有哪些衰落的互联网公司？他们衰落的原因是什么？', '---', 93, 8, 0, '2019-01-01 00:00:00', '2019-01-01 00:00:00', 0,
        '2019-01-01 00:00:00', 1, 0);
INSERT INTO youthchina.COM_ESSAY (ESSAY_ID, ESSAY_TITLE, ESSAY_ABBRE, ESSAY_BODY, USER_ID, USER_ANONY, ESSAY_PUB_TIME,
                                  ESSAY_EDIT_TIME, IS_DELETE, IS_DELETE_TIME, RELA_TYPE, RELA_ID)
VALUES (45, '互联网行业有哪些鲜为人知的秘密？', '---', 94, 9, 1, '2019-01-01 00:00:00', '2019-01-01 00:00:00', 0, '2019-01-01 00:00:00',
        1, 0);
INSERT INTO youthchina.COM_ESSAY (ESSAY_ID, ESSAY_TITLE, ESSAY_ABBRE, ESSAY_BODY, USER_ID, USER_ANONY, ESSAY_PUB_TIME,
                                  ESSAY_EDIT_TIME, IS_DELETE, IS_DELETE_TIME, RELA_TYPE, RELA_ID)
VALUES (46, '为什么很多人向往投行这个行业？', '---', 95, 1, 1, '2019-01-01 00:00:00', '2019-01-01 00:00:00', 0, '2019-01-01 00:00:00',
        1, 0);
INSERT INTO youthchina.COM_ESSAY (ESSAY_ID, ESSAY_TITLE, ESSAY_ABBRE, ESSAY_BODY, USER_ID, USER_ANONY, ESSAY_PUB_TIME,
                                  ESSAY_EDIT_TIME, IS_DELETE, IS_DELETE_TIME, RELA_TYPE, RELA_ID)
VALUES (47, '女生该不该拼力进投行、券商这类高工作量的地方？', '---', 96, 2, 1, '2019-01-01 00:00:00', '2019-01-01 00:00:00', 0,
        '2019-01-01 00:00:00', 0, 0);
INSERT INTO youthchina.COM_ESSAY (ESSAY_ID, ESSAY_TITLE, ESSAY_ABBRE, ESSAY_BODY, USER_ID, USER_ANONY, ESSAY_PUB_TIME,
                                  ESSAY_EDIT_TIME, IS_DELETE, IS_DELETE_TIME, RELA_TYPE, RELA_ID)
VALUES (48, '听说投行的工作强度非常大，是真的吗？如果是，投行员工是如何坚持下来的？', '---', 97, 3, 1, '2019-01-01 00:00:00', '2019-01-01 00:00:00', 0,
        '2019-01-01 00:00:00', 0, 0);
INSERT INTO youthchina.COM_ESSAY (ESSAY_ID, ESSAY_TITLE, ESSAY_ABBRE, ESSAY_BODY, USER_ID, USER_ANONY, ESSAY_PUB_TIME,
                                  ESSAY_EDIT_TIME, IS_DELETE, IS_DELETE_TIME, RELA_TYPE, RELA_ID)
VALUES (49, '都说金融从业者压力大，大部分工作也很枯燥，那么金融从业者的乐趣在哪？', '---', 98, 4, 1, '2019-01-01 00:00:00', '2019-01-01 00:00:00', 0,
        '2019-01-01 00:00:00', 0, 0);
INSERT INTO youthchina.COM_ESSAY (ESSAY_ID, ESSAY_TITLE, ESSAY_ABBRE, ESSAY_BODY, USER_ID, USER_ANONY, ESSAY_PUB_TIME,
                                  ESSAY_EDIT_TIME, IS_DELETE, IS_DELETE_TIME, RELA_TYPE, RELA_ID)
VALUES (50, '为华为工作几年之后华为会卸磨杀驴是真的吗？', '末流985研二小硕一枚，专业为机械设计及理论，有意向去华为做结构工程师。', 99, 5, 1, '2019-01-01 00:00:00',
        '2019-01-01 00:00:00', 0, '2019-01-01 00:00:00', 0, 0);
INSERT INTO youthchina.COM_ESSAY (ESSAY_ID, ESSAY_TITLE, ESSAY_ABBRE, ESSAY_BODY, USER_ID, USER_ANONY, ESSAY_PUB_TIME,
                                  ESSAY_EDIT_TIME, IS_DELETE, IS_DELETE_TIME, RELA_TYPE, RELA_ID)
VALUES (51, '华为是一家怎样的公司？', '---', 100, 6, 1, '2019-01-01 00:00:00', '2019-01-01 00:00:00', 0, '2019-01-01 00:00:00', 0,
        0);
INSERT INTO youthchina.COM_ESSAY (ESSAY_ID, ESSAY_TITLE, ESSAY_ABBRE, ESSAY_BODY, USER_ID, USER_ANONY, ESSAY_PUB_TIME,
                                  ESSAY_EDIT_TIME, IS_DELETE, IS_DELETE_TIME, RELA_TYPE, RELA_ID)
VALUES (52, '如何评价《离开华为三年，我才真正认同狼性文化》？', '---', 101, 7, 1, '2019-01-01 00:00:00', '2019-01-01 00:00:00', 0,
        '2019-01-01 00:00:00', 0, 0);
INSERT INTO youthchina.COM_EVALUATE (EVALUATE_ID, TARGET_TYPE, TARGET_ID, USER_ID, EVALUATE_TYPE, EVALUATE_TIME)
VALUES (1, 1, 1, 2, 1, '2018-02-03 00:00:00');
INSERT INTO youthchina.COM_EVALUATE (EVALUATE_ID, TARGET_TYPE, TARGET_ID, USER_ID, EVALUATE_TYPE, EVALUATE_TIME)
VALUES (2, 1, 1, 3, 1, '2014-05-08 00:00:00');
INSERT INTO youthchina.COM_EVALUATE (EVALUATE_ID, TARGET_TYPE, TARGET_ID, USER_ID, EVALUATE_TYPE, EVALUATE_TIME)
VALUES (3, 1, 2, 4, 1, '2019-02-02 00:00:00');
INSERT INTO youthchina.COM_EVALUATE (EVALUATE_ID, TARGET_TYPE, TARGET_ID, USER_ID, EVALUATE_TYPE, EVALUATE_TIME)
VALUES (4, 1, 2, 5, 1, '2019-02-07 00:00:00');
INSERT INTO youthchina.COM_EVALUATE (EVALUATE_ID, TARGET_TYPE, TARGET_ID, USER_ID, EVALUATE_TYPE, EVALUATE_TIME)
VALUES (5, 1, 3, 6, 1, '2019-02-13 00:00:00');
INSERT INTO youthchina.COM_EVALUATE (EVALUATE_ID, TARGET_TYPE, TARGET_ID, USER_ID, EVALUATE_TYPE, EVALUATE_TIME)
VALUES (6, 1, 3, 7, 1, '2019-02-20 00:00:00');
INSERT INTO youthchina.COM_EVALUATE (EVALUATE_ID, TARGET_TYPE, TARGET_ID, USER_ID, EVALUATE_TYPE, EVALUATE_TIME)
VALUES (7, 1, 4, 8, 1, '2016-06-13 00:00:00');
INSERT INTO youthchina.COM_EVALUATE (EVALUATE_ID, TARGET_TYPE, TARGET_ID, USER_ID, EVALUATE_TYPE, EVALUATE_TIME)
VALUES (8, 1, 4, 9, 1, '2019-02-17 00:00:00');
INSERT INTO youthchina.COM_EVALUATE (EVALUATE_ID, TARGET_TYPE, TARGET_ID, USER_ID, EVALUATE_TYPE, EVALUATE_TIME)
VALUES (9, 1, 5, 10, 2, '2018-09-09 00:00:00');
INSERT INTO youthchina.COM_EVALUATE (EVALUATE_ID, TARGET_TYPE, TARGET_ID, USER_ID, EVALUATE_TYPE, EVALUATE_TIME)
VALUES (10, 1, 5, 2, 1, '2019-02-12 00:00:00');
INSERT INTO youthchina.COM_EVALUATE (EVALUATE_ID, TARGET_TYPE, TARGET_ID, USER_ID, EVALUATE_TYPE, EVALUATE_TIME)
VALUES (11, 1, 6, 3, 1, '2018-11-29 00:00:00');
INSERT INTO youthchina.COM_EVALUATE (EVALUATE_ID, TARGET_TYPE, TARGET_ID, USER_ID, EVALUATE_TYPE, EVALUATE_TIME)
VALUES (12, 1, 6, 4, 1, '2018-12-12 00:00:00');
INSERT INTO youthchina.COM_EVALUATE (EVALUATE_ID, TARGET_TYPE, TARGET_ID, USER_ID, EVALUATE_TYPE, EVALUATE_TIME)
VALUES (13, 1, 7, 5, 1, '2017-02-13 00:00:00');
INSERT INTO youthchina.COM_EVALUATE (EVALUATE_ID, TARGET_TYPE, TARGET_ID, USER_ID, EVALUATE_TYPE, EVALUATE_TIME)
VALUES (14, 1, 7, 6, 1, '2018-12-29 00:00:00');
INSERT INTO youthchina.COM_EVALUATE (EVALUATE_ID, TARGET_TYPE, TARGET_ID, USER_ID, EVALUATE_TYPE, EVALUATE_TIME)
VALUES (15, 1, 8, 7, 2, '2019-02-16 00:00:00');
INSERT INTO youthchina.COM_EVALUATE (EVALUATE_ID, TARGET_TYPE, TARGET_ID, USER_ID, EVALUATE_TYPE, EVALUATE_TIME)
VALUES (16, 1, 8, 8, 2, '2019-02-12 00:00:00');
INSERT INTO youthchina.COM_EVALUATE (EVALUATE_ID, TARGET_TYPE, TARGET_ID, USER_ID, EVALUATE_TYPE, EVALUATE_TIME)
VALUES (17, 1, 9, 9, 2, '2019-02-19 00:00:00');
INSERT INTO youthchina.COM_EVALUATE (EVALUATE_ID, TARGET_TYPE, TARGET_ID, USER_ID, EVALUATE_TYPE, EVALUATE_TIME)
VALUES (18, 1, 9, 10, 2, '2019-02-04 00:00:00');
INSERT INTO youthchina.COM_EVALUATE (EVALUATE_ID, TARGET_TYPE, TARGET_ID, USER_ID, EVALUATE_TYPE, EVALUATE_TIME)
VALUES (19, 1, 10, 2, 2, '2019-02-16 00:00:00');
INSERT INTO youthchina.COM_EVALUATE (EVALUATE_ID, TARGET_TYPE, TARGET_ID, USER_ID, EVALUATE_TYPE, EVALUATE_TIME)
VALUES (20, 1, 10, 3, 2, '2018-12-31 00:00:00');
INSERT INTO youthchina.COM_EVALUATE (EVALUATE_ID, TARGET_TYPE, TARGET_ID, USER_ID, EVALUATE_TYPE, EVALUATE_TIME)
VALUES (21, 2, 1, 4, 2, '2019-01-27 00:00:00');
INSERT INTO youthchina.COM_EVALUATE (EVALUATE_ID, TARGET_TYPE, TARGET_ID, USER_ID, EVALUATE_TYPE, EVALUATE_TIME)
VALUES (22, 2, 1, 5, 1, '2019-01-22 00:00:00');
INSERT INTO youthchina.COM_EVALUATE (EVALUATE_ID, TARGET_TYPE, TARGET_ID, USER_ID, EVALUATE_TYPE, EVALUATE_TIME)
VALUES (23, 2, 2, 6, 1, '2019-01-22 00:00:00');
INSERT INTO youthchina.COM_EVALUATE (EVALUATE_ID, TARGET_TYPE, TARGET_ID, USER_ID, EVALUATE_TYPE, EVALUATE_TIME)
VALUES (24, 2, 2, 7, 1, '2019-01-22 00:00:00');
INSERT INTO youthchina.COM_EVALUATE (EVALUATE_ID, TARGET_TYPE, TARGET_ID, USER_ID, EVALUATE_TYPE, EVALUATE_TIME)
VALUES (25, 2, 3, 8, 1, '2019-02-21 00:00:00');
INSERT INTO youthchina.COM_EVALUATE (EVALUATE_ID, TARGET_TYPE, TARGET_ID, USER_ID, EVALUATE_TYPE, EVALUATE_TIME)
VALUES (26, 2, 3, 9, 1, '2019-01-20 00:00:00');
INSERT INTO youthchina.COM_EVALUATE (EVALUATE_ID, TARGET_TYPE, TARGET_ID, USER_ID, EVALUATE_TYPE, EVALUATE_TIME)
VALUES (27, 2, 4, 10, 1, '2012-03-28 00:00:00');
INSERT INTO youthchina.COM_EVALUATE (EVALUATE_ID, TARGET_TYPE, TARGET_ID, USER_ID, EVALUATE_TYPE, EVALUATE_TIME)
VALUES (28, 2, 4, 2, 1, '2019-02-16 00:00:00');
INSERT INTO youthchina.COM_EVALUATE (EVALUATE_ID, TARGET_TYPE, TARGET_ID, USER_ID, EVALUATE_TYPE, EVALUATE_TIME)
VALUES (29, 2, 5, 3, 1, '2018-12-12 00:00:00');
INSERT INTO youthchina.COM_EVALUATE (EVALUATE_ID, TARGET_TYPE, TARGET_ID, USER_ID, EVALUATE_TYPE, EVALUATE_TIME)
VALUES (30, 2, 5, 4, 1, '2019-01-14 00:00:00');
INSERT INTO youthchina.COM_EVALUATE (EVALUATE_ID, TARGET_TYPE, TARGET_ID, USER_ID, EVALUATE_TYPE, EVALUATE_TIME)
VALUES (31, 2, 6, 5, 1, '2019-01-14 00:00:00');
INSERT INTO youthchina.COM_EVALUATE (EVALUATE_ID, TARGET_TYPE, TARGET_ID, USER_ID, EVALUATE_TYPE, EVALUATE_TIME)
VALUES (32, 2, 6, 6, 1, '2019-02-02 00:00:00');
INSERT INTO youthchina.COM_EVALUATE (EVALUATE_ID, TARGET_TYPE, TARGET_ID, USER_ID, EVALUATE_TYPE, EVALUATE_TIME)
VALUES (33, 2, 7, 7, 2, '2018-02-11 00:00:00');
INSERT INTO youthchina.COM_EVALUATE (EVALUATE_ID, TARGET_TYPE, TARGET_ID, USER_ID, EVALUATE_TYPE, EVALUATE_TIME)
VALUES (34, 2, 7, 8, 2, '2018-01-03 00:00:00');
INSERT INTO youthchina.COM_EVALUATE (EVALUATE_ID, TARGET_TYPE, TARGET_ID, USER_ID, EVALUATE_TYPE, EVALUATE_TIME)
VALUES (35, 2, 8, 9, 2, '2017-09-11 00:00:00');
INSERT INTO youthchina.COM_EVALUATE (EVALUATE_ID, TARGET_TYPE, TARGET_ID, USER_ID, EVALUATE_TYPE, EVALUATE_TIME)
VALUES (36, 2, 8, 10, 2, '2019-01-15 00:00:00');
INSERT INTO youthchina.COM_EVALUATE (EVALUATE_ID, TARGET_TYPE, TARGET_ID, USER_ID, EVALUATE_TYPE, EVALUATE_TIME)
VALUES (37, 2, 9, 2, 2, '2019-02-23 00:00:00');
INSERT INTO youthchina.COM_EVALUATE (EVALUATE_ID, TARGET_TYPE, TARGET_ID, USER_ID, EVALUATE_TYPE, EVALUATE_TIME)
VALUES (38, 2, 9, 3, 2, '2019-02-04 00:00:00');
INSERT INTO youthchina.COM_EVALUATE (EVALUATE_ID, TARGET_TYPE, TARGET_ID, USER_ID, EVALUATE_TYPE, EVALUATE_TIME)
VALUES (39, 2, 10, 4, 2, '2019-01-08 00:00:00');
INSERT INTO youthchina.COM_EVALUATE (EVALUATE_ID, TARGET_TYPE, TARGET_ID, USER_ID, EVALUATE_TYPE, EVALUATE_TIME)
VALUES (40, 2, 10, 5, 2, '2015-05-21 00:00:00');
INSERT INTO youthchina.COM_EVALUATE (EVALUATE_ID, TARGET_TYPE, TARGET_ID, USER_ID, EVALUATE_TYPE, EVALUATE_TIME)
VALUES (41, 3, 1, 6, 2, '2019-01-02 00:00:00');
INSERT INTO youthchina.COM_EVALUATE (EVALUATE_ID, TARGET_TYPE, TARGET_ID, USER_ID, EVALUATE_TYPE, EVALUATE_TIME)
VALUES (42, 3, 1, 7, 2, '2019-01-08 00:00:00');
INSERT INTO youthchina.COM_EVALUATE (EVALUATE_ID, TARGET_TYPE, TARGET_ID, USER_ID, EVALUATE_TYPE, EVALUATE_TIME)
VALUES (43, 3, 2, 8, 2, '2018-12-03 00:00:00');
INSERT INTO youthchina.COM_EVALUATE (EVALUATE_ID, TARGET_TYPE, TARGET_ID, USER_ID, EVALUATE_TYPE, EVALUATE_TIME)
VALUES (44, 3, 2, 9, 1, '2018-12-27 00:00:00');
INSERT INTO youthchina.COM_EVALUATE (EVALUATE_ID, TARGET_TYPE, TARGET_ID, USER_ID, EVALUATE_TYPE, EVALUATE_TIME)
VALUES (45, 3, 3, 10, 1, '2019-03-03 00:00:00');
INSERT INTO youthchina.COM_EVALUATE (EVALUATE_ID, TARGET_TYPE, TARGET_ID, USER_ID, EVALUATE_TYPE, EVALUATE_TIME)
VALUES (46, 3, 3, 2, 1, '2016-06-20 00:00:00');
INSERT INTO youthchina.COM_EVALUATE (EVALUATE_ID, TARGET_TYPE, TARGET_ID, USER_ID, EVALUATE_TYPE, EVALUATE_TIME)
VALUES (47, 3, 4, 3, 1, '2018-12-17 00:00:00');
INSERT INTO youthchina.COM_EVALUATE (EVALUATE_ID, TARGET_TYPE, TARGET_ID, USER_ID, EVALUATE_TYPE, EVALUATE_TIME)
VALUES (48, 3, 4, 4, 1, '2019-02-14 00:00:00');
INSERT INTO youthchina.COM_EVALUATE (EVALUATE_ID, TARGET_TYPE, TARGET_ID, USER_ID, EVALUATE_TYPE, EVALUATE_TIME)
VALUES (49, 4, 1, 8, 1, '2018-12-12 00:00:00');
INSERT INTO youthchina.COM_EVALUATE (EVALUATE_ID, TARGET_TYPE, TARGET_ID, USER_ID, EVALUATE_TYPE, EVALUATE_TIME)
VALUES (50, 4, 1, 9, 1, '2017-02-13 00:00:00');
INSERT INTO youthchina.COM_EVALUATE (EVALUATE_ID, TARGET_TYPE, TARGET_ID, USER_ID, EVALUATE_TYPE, EVALUATE_TIME)
VALUES (51, 4, 2, 10, 1, '2018-12-29 00:00:00');
INSERT INTO youthchina.COM_EVALUATE (EVALUATE_ID, TARGET_TYPE, TARGET_ID, USER_ID, EVALUATE_TYPE, EVALUATE_TIME)
VALUES (52, 4, 2, 2, 1, '2019-02-16 00:00:00');
INSERT INTO youthchina.COM_EVALUATE (EVALUATE_ID, TARGET_TYPE, TARGET_ID, USER_ID, EVALUATE_TYPE, EVALUATE_TIME)
VALUES (53, 4, 3, 3, 2, '2019-02-12 00:00:00');
INSERT INTO youthchina.COM_EVALUATE (EVALUATE_ID, TARGET_TYPE, TARGET_ID, USER_ID, EVALUATE_TYPE, EVALUATE_TIME)
VALUES (54, 4, 3, 4, 2, '2019-02-19 00:00:00');
INSERT INTO youthchina.COM_EVALUATE (EVALUATE_ID, TARGET_TYPE, TARGET_ID, USER_ID, EVALUATE_TYPE, EVALUATE_TIME)
VALUES (55, 4, 4, 5, 2, '2019-02-04 00:00:00');
INSERT INTO youthchina.COM_EVALUATE (EVALUATE_ID, TARGET_TYPE, TARGET_ID, USER_ID, EVALUATE_TYPE, EVALUATE_TIME)
VALUES (56, 4, 4, 6, 2, '2019-02-16 00:00:00');
INSERT INTO youthchina.COM_EVALUATE (EVALUATE_ID, TARGET_TYPE, TARGET_ID, USER_ID, EVALUATE_TYPE, EVALUATE_TIME)
VALUES (57, 4, 5, 7, 1, '2018-12-31 00:00:00');
INSERT INTO youthchina.COM_EVALUATE (EVALUATE_ID, TARGET_TYPE, TARGET_ID, USER_ID, EVALUATE_TYPE, EVALUATE_TIME)
VALUES (58, 4, 5, 8, 1, '2019-01-27 00:00:00');
INSERT INTO youthchina.COM_FRIEND_APPLY (APPLY_ID, USER_ID, FRIEND_ID, FRI_APPLY_TIME, FRI_APPLY_ACCEPT)
VALUES (1, 1, 2, '2019-01-01 00:00:00', 1);
INSERT INTO youthchina.COM_FRIEND_APPLY (APPLY_ID, USER_ID, FRIEND_ID, FRI_APPLY_TIME, FRI_APPLY_ACCEPT)
VALUES (2, 1, 3, '2019-01-01 00:00:00', 1);
INSERT INTO youthchina.COM_FRIEND_APPLY (APPLY_ID, USER_ID, FRIEND_ID, FRI_APPLY_TIME, FRI_APPLY_ACCEPT)
VALUES (3, 1, 4, '2019-01-01 00:00:00', 1);
INSERT INTO youthchina.COM_FRIEND_APPLY (APPLY_ID, USER_ID, FRIEND_ID, FRI_APPLY_TIME, FRI_APPLY_ACCEPT)
VALUES (4, 1, 5, '2019-01-01 00:00:00', 0);
INSERT INTO youthchina.COM_FRIEND_APPLY (APPLY_ID, USER_ID, FRIEND_ID, FRI_APPLY_TIME, FRI_APPLY_ACCEPT)
VALUES (5, 1, 6, '2019-01-01 00:00:00', 0);
INSERT INTO youthchina.COM_FRIEND_RELATION (RELA_ID, USER_ID, ADD_TIME, IS_DELETE, IS_DELETE_TIME, FRIEND_ID)
VALUES (1, 1, '2019-01-01 00:00:00', 0, '2019-01-01 00:00:00', 2);
INSERT INTO youthchina.COM_FRIEND_RELATION (RELA_ID, USER_ID, ADD_TIME, IS_DELETE, IS_DELETE_TIME, FRIEND_ID)
VALUES (2, 1, '2019-01-01 00:00:00', 0, '2019-01-01 00:00:00', 3);
INSERT INTO youthchina.COM_FRIEND_RELATION (RELA_ID, USER_ID, ADD_TIME, IS_DELETE, IS_DELETE_TIME, FRIEND_ID)
VALUES (3, 1, '2019-01-01 00:00:00', 0, '2019-01-01 00:00:00', 4);
INSERT INTO youthchina.COM_FRIEND_RELATION (RELA_ID, USER_ID, ADD_TIME, IS_DELETE, IS_DELETE_TIME, FRIEND_ID)
VALUES (4, 2, '2019-01-01 00:00:00', 0, '2019-01-01 00:00:00', 1);
INSERT INTO youthchina.COM_FRIEND_RELATION (RELA_ID, USER_ID, ADD_TIME, IS_DELETE, IS_DELETE_TIME, FRIEND_ID)
VALUES (5, 3, '2019-01-01 00:00:00', 0, '2019-01-01 00:00:00', 1);
INSERT INTO youthchina.COM_FRIEND_RELATION (RELA_ID, USER_ID, ADD_TIME, IS_DELETE, IS_DELETE_TIME, FRIEND_ID)
VALUES (6, 4, '2019-01-01 00:00:00', 0, '2019-01-01 00:00:00', 1);
INSERT INTO youthchina.COM_QUESTION (QUES_ID, QUES_TITLE, QUES_ABBRE, QUES_BODY, USER_ID, USER_ANONY, QUES_PUB_TIME,
                                     QUES_EDIT_TIME, IS_DELETE, IS_DELETE_TIME, RELA_TYPE, RELA_ID)
VALUES (1, '腾讯好么？', 'asdasd', 1, 1, 1, '2019-01-01 00:00:00', '2019-01-01 00:00:00', 0, '2019-01-01 00:00:00', 1, 37);
INSERT INTO youthchina.COM_QUESTION (QUES_ID, QUES_TITLE, QUES_ABBRE, QUES_BODY, USER_ID, USER_ANONY, QUES_PUB_TIME,
                                     QUES_EDIT_TIME, IS_DELETE, IS_DELETE_TIME, RELA_TYPE, RELA_ID)
VALUES (2, '腾讯的问题是什么？', '腾讯未来的发展趋势会向哪里', 2, 1, 1, '2019-01-01 00:00:00', '2019-01-01 00:00:00', 0,
        '2019-01-01 00:00:00', 1, 37);
INSERT INTO youthchina.COM_QUESTION (QUES_ID, QUES_TITLE, QUES_ABBRE, QUES_BODY, USER_ID, USER_ANONY, QUES_PUB_TIME,
                                     QUES_EDIT_TIME, IS_DELETE, IS_DELETE_TIME, RELA_TYPE, RELA_ID)
VALUES (3, '百度这家企业还有什么存在的意义?', '数据归属权将会是未来十年最重要的政治议题。曾经完全不懂互联网、不懂保护自己的数据。不知道原来现在的互联网公司本质都是大数据公司。', 3, 1, 1,
        '2019-01-01 00:00:00', '2019-01-01 00:00:00', 0, '2019-01-01 00:00:00', 1, 38);
INSERT INTO youthchina.COM_QUESTION (QUES_ID, QUES_TITLE, QUES_ABBRE, QUES_BODY, USER_ID, USER_ANONY, QUES_PUB_TIME,
                                     QUES_EDIT_TIME, IS_DELETE, IS_DELETE_TIME, RELA_TYPE, RELA_ID)
VALUES (4, '腾讯，百度，网易，华为，小米，阿里，这六家互联网巨头公司，你最讨厌哪家公司？',
        '腾讯，百度，网易，华为，小米，阿里，这六家互联网巨头公司，你最讨厌哪家公司？最讨厌的公司的哪些行为对你造成了“真实伤害”可否举例说明？', 4, 1, 0, '2019-01-01 00:00:00',
        '2019-01-01 00:00:00', 0, '2019-01-01 00:00:00', 0, 0);
INSERT INTO youthchina.COM_QUESTION (QUES_ID, QUES_TITLE, QUES_ABBRE, QUES_BODY, USER_ID, USER_ANONY, QUES_PUB_TIME,
                                     QUES_EDIT_TIME, IS_DELETE, IS_DELETE_TIME, RELA_TYPE, RELA_ID)
VALUES (5, '如何看待 百度春晚营销', '如何看待2019年央视春晚的百度红包，不到一块钱还需要下载App 才能领取？', 5, 1, 0, '2019-01-01 00:00:00',
        '2019-01-01 00:00:00', 0, '2019-01-01 00:00:00', 1, 38);
INSERT INTO youthchina.COM_QUESTION (QUES_ID, QUES_TITLE, QUES_ABBRE, QUES_BODY, USER_ID, USER_ANONY, QUES_PUB_TIME,
                                     QUES_EDIT_TIME, IS_DELETE, IS_DELETE_TIME, RELA_TYPE, RELA_ID)
VALUES (6, '百度收购或投资过哪些公司？', '百度收购或投资过哪些公司？', 6, 1, 0, '2019-01-01 00:00:00', '2019-01-01 00:00:00', 0,
        '2019-01-01 00:00:00', 1, 38);
INSERT INTO youthchina.COM_QUESTION (QUES_ID, QUES_TITLE, QUES_ABBRE, QUES_BODY, USER_ID, USER_ANONY, QUES_PUB_TIME,
                                     QUES_EDIT_TIME, IS_DELETE, IS_DELETE_TIME, RELA_TYPE, RELA_ID)
VALUES (7, '如何看待从阿里离职的漂亮女高管，从来不过情人节', '从阿里离职的女员工开淘宝店，表明从来不过情人节', 7, 1, 0, '2019-01-01 00:00:00', '2019-01-01 00:00:00',
        0, '2019-01-01 00:00:00', 1, 36);
INSERT INTO youthchina.COM_QUESTION (QUES_ID, QUES_TITLE, QUES_ABBRE, QUES_BODY, USER_ID, USER_ANONY, QUES_PUB_TIME,
                                     QUES_EDIT_TIME, IS_DELETE, IS_DELETE_TIME, RELA_TYPE, RELA_ID)
VALUES (8, '阿里系软件体验好吗？', '为什么阿里系软件体验都不好？', 8, 1, 0, '2019-01-01 00:00:00', '2019-01-01 00:00:00', 0,
        '2019-01-01 00:00:00', 1, 36);
INSERT INTO youthchina.COM_QUESTION (QUES_ID, QUES_TITLE, QUES_ABBRE, QUES_BODY, USER_ID, USER_ANONY, QUES_PUB_TIME,
                                     QUES_EDIT_TIME, IS_DELETE, IS_DELETE_TIME, RELA_TYPE, RELA_ID)
VALUES (9, '阿里未来会如何发展？', '如何看待马云宣布明年（2019年）不再担任阿里巴巴董事局主席职务，逍遥子接班，阿里未来会如何发展？', 9, 1, 0, '2019-01-01 00:00:00',
        '2019-01-01 00:00:00', 0, '2019-01-01 00:00:00', 1, 36);
INSERT INTO youthchina.COM_QUESTION (QUES_ID, QUES_TITLE, QUES_ABBRE, QUES_BODY, USER_ID, USER_ANONY, QUES_PUB_TIME,
                                     QUES_EDIT_TIME, IS_DELETE, IS_DELETE_TIME, RELA_TYPE, RELA_ID)
VALUES (10, '本科生如何才能进入腾讯，阿里等一流的互联网公司？', '有什么招聘经验适用于本科生。', 10, 1, 0, '2019-01-01 00:00:00', '2019-01-01 00:00:00', 0,
        '2019-01-01 00:00:00', 0, 0);
INSERT INTO youthchina.COM_QUESTION (QUES_ID, QUES_TITLE, QUES_ABBRE, QUES_BODY, USER_ID, USER_ANONY, QUES_PUB_TIME,
                                     QUES_EDIT_TIME, IS_DELETE, IS_DELETE_TIME, RELA_TYPE, RELA_ID)
VALUES (11, '如何看待阿里 2018 年的组织架构调整？天猫升级又体现在哪些方面？', '如何看待阿里2018年的组织架构调整？天猫升级又体现在哪些方面？', 11, 1, 0, '2019-01-01 00:00:00',
        '2019-01-01 00:00:00', 0, '2019-01-01 00:00:00', 1, 36);
INSERT INTO youthchina.COM_QUESTION (QUES_ID, QUES_TITLE, QUES_ABBRE, QUES_BODY, USER_ID, USER_ANONY, QUES_PUB_TIME,
                                     QUES_EDIT_TIME, IS_DELETE, IS_DELETE_TIME, RELA_TYPE, RELA_ID)
VALUES (12, '如何看待此次阿里架构调整？胡晓明离任阿里云总裁？', '如何看待此次阿里架构调整？胡晓明离任阿里云总裁？', 12, 1, 0, '2019-01-01 00:00:00',
        '2019-01-01 00:00:00', 0, '2019-01-01 00:00:00', 1, 36);
INSERT INTO youthchina.COM_QUESTION (QUES_ID, QUES_TITLE, QUES_ABBRE, QUES_BODY, USER_ID, USER_ANONY, QUES_PUB_TIME,
                                     QUES_EDIT_TIME, IS_DELETE, IS_DELETE_TIME, RELA_TYPE, RELA_ID)
VALUES (13, '车联网布局，阿里领先了百度腾讯多少？', '车联网布局，阿里领先了百度腾讯多少？', 13, 1, 0, '2019-01-01 00:00:00', '2019-01-01 00:00:00', 0,
        '2019-01-01 00:00:00', 0, 0);
INSERT INTO youthchina.COM_QUESTION (QUES_ID, QUES_TITLE, QUES_ABBRE, QUES_BODY, USER_ID, USER_ANONY, QUES_PUB_TIME,
                                     QUES_EDIT_TIME, IS_DELETE, IS_DELETE_TIME, RELA_TYPE, RELA_ID)
VALUES (14, '京东和天猫到底哪个比较好？', '京东和天猫到底哪个比较好？', 14, 1, 0, '2019-01-01 00:00:00', '2019-01-01 00:00:00', 0,
        '2019-01-01 00:00:00', 0, 0);
INSERT INTO youthchina.COM_QUESTION (QUES_ID, QUES_TITLE, QUES_ABBRE, QUES_BODY, USER_ID, USER_ANONY, QUES_PUB_TIME,
                                     QUES_EDIT_TIME, IS_DELETE, IS_DELETE_TIME, RELA_TYPE, RELA_ID)
VALUES (15, '「京东金融 app 疑似自行获取用户私人图片」是真的吗？可能有哪些风险？', '「京东金融app疑似自行获取用户私人图片」是真的吗？可能有哪些风险？', 15, 1, 0,
        '2019-01-01 00:00:00', '2019-01-01 00:00:00', 0, '2019-01-01 00:00:00', 1, 21);
INSERT INTO youthchina.COM_QUESTION (QUES_ID, QUES_TITLE, QUES_ABBRE, QUES_BODY, USER_ID, USER_ANONY, QUES_PUB_TIME,
                                     QUES_EDIT_TIME, IS_DELETE, IS_DELETE_TIME, RELA_TYPE, RELA_ID)
VALUES (16, '如何看待京东27亿收购北京翠宫饭店？', '如何看待京东27亿收购北京翠宫饭店？', 16, 1, 0, '2019-01-01 00:00:00', '2019-01-01 00:00:00', 0,
        '2019-01-01 00:00:00', 1, 21);
INSERT INTO youthchina.COM_QUESTION (QUES_ID, QUES_TITLE, QUES_ABBRE, QUES_BODY, USER_ID, USER_ANONY, QUES_PUB_TIME,
                                     QUES_EDIT_TIME, IS_DELETE, IS_DELETE_TIME, RELA_TYPE, RELA_ID)
VALUES (17, '如何看待京东 2019 年将末位淘汰 10% 高管？', '如何看待京东2019年将末位淘汰10%高管？', 17, 1, 0, '2019-01-01 00:00:00',
        '2019-01-01 00:00:00', 0, '2019-01-01 00:00:00', 1, 21);
INSERT INTO youthchina.COM_QUESTION (QUES_ID, QUES_TITLE, QUES_ABBRE, QUES_BODY, USER_ID, USER_ANONY, QUES_PUB_TIME,
                                     QUES_EDIT_TIME, IS_DELETE, IS_DELETE_TIME, RELA_TYPE, RELA_ID)
VALUES (18, '如何看京东市值腰斩？', '如何看京东市值腰斩？', 18, 1, 0, '2019-01-01 00:00:00', '2019-01-01 00:00:00', 0,
        '2019-01-01 00:00:00', 1, 21);
INSERT INTO youthchina.COM_QUESTION (QUES_ID, QUES_TITLE, QUES_ABBRE, QUES_BODY, USER_ID, USER_ANONY, QUES_PUB_TIME,
                                     QUES_EDIT_TIME, IS_DELETE, IS_DELETE_TIME, RELA_TYPE, RELA_ID)
VALUES (19, '如何评价京东金融app被曝光会获取用户的敏感图片并上传？', '如何评价京东金融app被曝光会获取用户的敏感图片并上传？', 19, 1, 0, '2019-01-01 00:00:00',
        '2019-01-01 00:00:00', 0, '2019-01-01 00:00:00', 1, 21);
INSERT INTO youthchina.COM_QUESTION (QUES_ID, QUES_TITLE, QUES_ABBRE, QUES_BODY, USER_ID, USER_ANONY, QUES_PUB_TIME,
                                     QUES_EDIT_TIME, IS_DELETE, IS_DELETE_TIME, RELA_TYPE, RELA_ID)
VALUES (20, '怎么运营好京东店铺?', '怎么运营好京东店铺?', 20, 1, 1, '2019-01-01 00:00:00', '2019-01-01 00:00:00', 0,
        '2019-01-01 00:00:00', 1, 21);
INSERT INTO youthchina.COM_QUESTION (QUES_ID, QUES_TITLE, QUES_ABBRE, QUES_BODY, USER_ID, USER_ANONY, QUES_PUB_TIME,
                                     QUES_EDIT_TIME, IS_DELETE, IS_DELETE_TIME, RELA_TYPE, RELA_ID)
VALUES (21, '如何看待《搜索引擎百度已死》', '如何看待《搜索引擎百度已死》一文？百度沦为百家号的引流工具这一描述是否准确？百度的「护城河」是什么？', 21, 1, 1, '2019-01-01 00:00:00',
        '2019-01-01 00:00:00', 0, '2019-01-01 00:00:00', 1, 38);
INSERT INTO youthchina.COM_QUESTION (QUES_ID, QUES_TITLE, QUES_ABBRE, QUES_BODY, USER_ID, USER_ANONY, QUES_PUB_TIME,
                                     QUES_EDIT_TIME, IS_DELETE, IS_DELETE_TIME, RELA_TYPE, RELA_ID)
VALUES (22, '为什么新闻搜索结果中有更多百家号内容？', '为什么新闻搜索结果中有更多百家号内容？', 22, 1, 1, '2019-01-01 00:00:00', '2019-01-01 00:00:00', 0,
        '2019-01-01 00:00:00', 1, 38);
INSERT INTO youthchina.COM_QUESTION (QUES_ID, QUES_TITLE, QUES_ABBRE, QUES_BODY, USER_ID, USER_ANONY, QUES_PUB_TIME,
                                     QUES_EDIT_TIME, IS_DELETE, IS_DELETE_TIME, RELA_TYPE, RELA_ID)
VALUES (23, '搜索引擎是否可以做自己的内容平台？', '搜索引擎是否可以做自己的内容平台？', 23, 1, 1, '2019-01-01 00:00:00', '2019-01-01 00:00:00', 0,
        '2019-01-01 00:00:00', 0, 0);
INSERT INTO youthchina.COM_QUESTION (QUES_ID, QUES_TITLE, QUES_ABBRE, QUES_BODY, USER_ID, USER_ANONY, QUES_PUB_TIME,
                                     QUES_EDIT_TIME, IS_DELETE, IS_DELETE_TIME, RELA_TYPE, RELA_ID)
VALUES (24, '搜索引擎内容是否有价值', '搜索引擎内容是否有价值', 24, 1, 1, '2019-01-01 00:00:00', '2019-01-01 00:00:00', 0,
        '2019-01-01 00:00:00', 0, 0);
INSERT INTO youthchina.COM_QUESTION (QUES_ID, QUES_TITLE, QUES_ABBRE, QUES_BODY, USER_ID, USER_ANONY, QUES_PUB_TIME,
                                     QUES_EDIT_TIME, IS_DELETE, IS_DELETE_TIME, RELA_TYPE, RELA_ID)
VALUES (25, '百度对百度网盘用户限速会不会毁掉自己?', '百度对百度网盘用户限速会不会毁掉自己?', 25, 1, 1, '2019-01-01 00:00:00', '2019-01-01 00:00:00', 0,
        '2019-01-01 00:00:00', 1, 38);
INSERT INTO youthchina.COM_QUESTION (QUES_ID, QUES_TITLE, QUES_ABBRE, QUES_BODY, USER_ID, USER_ANONY, QUES_PUB_TIME,
                                     QUES_EDIT_TIME, IS_DELETE, IS_DELETE_TIME, RELA_TYPE, RELA_ID)
VALUES (26, '苏宁易购维权是一种怎样的体验？', '苏宁易购维权是一种怎样的体验？', 26, 1, 1, '2019-01-01 00:00:00', '2019-01-01 00:00:00', 0,
        '2019-01-01 00:00:00', 1, 54);
INSERT INTO youthchina.COM_QUESTION (QUES_ID, QUES_TITLE, QUES_ABBRE, QUES_BODY, USER_ID, USER_ANONY, QUES_PUB_TIME,
                                     QUES_EDIT_TIME, IS_DELETE, IS_DELETE_TIME, RELA_TYPE, RELA_ID)
VALUES (27, '苏宁易购会是京东的最大竞争对手吗？', '苏宁易购会是京东的最大竞争对手吗？', 27, 1, 1, '2019-01-01 00:00:00', '2019-01-01 00:00:00', 0,
        '2019-01-01 00:00:00', 1, 54);
INSERT INTO youthchina.COM_QUESTION (QUES_ID, QUES_TITLE, QUES_ABBRE, QUES_BODY, USER_ID, USER_ANONY, QUES_PUB_TIME,
                                     QUES_EDIT_TIME, IS_DELETE, IS_DELETE_TIME, RELA_TYPE, RELA_ID)
VALUES (28, '华为是一家怎样的公司？', '华为是一家怎样的公司？', 28, 1, 1, '2019-01-01 00:00:00', '2019-01-01 00:00:00', 0,
        '2019-01-01 00:00:00', 0, 0);
INSERT INTO youthchina.COM_QUESTION (QUES_ID, QUES_TITLE, QUES_ABBRE, QUES_BODY, USER_ID, USER_ANONY, QUES_PUB_TIME,
                                     QUES_EDIT_TIME, IS_DELETE, IS_DELETE_TIME, RELA_TYPE, RELA_ID)
VALUES (29, '华为的遭遇是因为什么？', '华为的遭遇是因为什么？华为，你终于活成了他们害怕的样子', 29, 1, 1, '2019-01-01 00:00:00', '2019-01-01 00:00:00', 0,
        '2019-01-01 00:00:00', 0, 0);
INSERT INTO youthchina.COM_QUESTION (QUES_ID, QUES_TITLE, QUES_ABBRE, QUES_BODY, USER_ID, USER_ANONY, QUES_PUB_TIME,
                                     QUES_EDIT_TIME, IS_DELETE, IS_DELETE_TIME, RELA_TYPE, RELA_ID)
VALUES (30, '在华为工作是怎样一番体验？', '在华为工作是怎样一番体验？', 30, 1, 1, '2019-01-01 00:00:00', '2019-01-01 00:00:00', 0,
        '2019-01-01 00:00:00', 0, 0);
INSERT INTO youthchina.COM_QUESTION (QUES_ID, QUES_TITLE, QUES_ABBRE, QUES_BODY, USER_ID, USER_ANONY, QUES_PUB_TIME,
                                     QUES_EDIT_TIME, IS_DELETE, IS_DELETE_TIME, RELA_TYPE, RELA_ID)
VALUES (31, '华为真的很了不起吗？有它没它有什么区别？', '华为真的很了不起吗？有它没它有什么区别？', 31, 1, 1, '2019-01-01 00:00:00', '2019-01-01 00:00:00', 0,
        '2019-01-01 00:00:00', 0, 0);
INSERT INTO youthchina.COM_QUESTION (QUES_ID, QUES_TITLE, QUES_ABBRE, QUES_BODY, USER_ID, USER_ANONY, QUES_PUB_TIME,
                                     QUES_EDIT_TIME, IS_DELETE, IS_DELETE_TIME, RELA_TYPE, RELA_ID)
VALUES (32, '当下近乎全民对华为的追捧理智吗？', '当下近乎全民对华为的追捧理智吗？', 32, 1, 1, '2019-01-01 00:00:00', '2019-01-01 00:00:00', 0,
        '2019-01-01 00:00:00', 0, 0);
INSERT INTO youthchina.COM_QUESTION (QUES_ID, QUES_TITLE, QUES_ABBRE, QUES_BODY, USER_ID, USER_ANONY, QUES_PUB_TIME,
                                     QUES_EDIT_TIME, IS_DELETE, IS_DELETE_TIME, RELA_TYPE, RELA_ID)
VALUES (33, '小米手机7的成败对于小米有多重要？', '小米手机7的成败对于小米有多重要？', 33, 1, 1, '2019-01-01 00:00:00', '2019-01-01 00:00:00', 0,
        '2019-01-01 00:00:00', 0, 0);
INSERT INTO youthchina.COM_QUESTION (QUES_ID, QUES_TITLE, QUES_ABBRE, QUES_BODY, USER_ID, USER_ANONY, QUES_PUB_TIME,
                                     QUES_EDIT_TIME, IS_DELETE, IS_DELETE_TIME, RELA_TYPE, RELA_ID)
VALUES (34, '如何看待小米的战略选择？', '如何看待小米的战略选择？', 34, 1, 1, '2019-01-01 00:00:00', '2019-01-01 00:00:00', 0,
        '2019-01-01 00:00:00', 0, 0);
INSERT INTO youthchina.COM_QUESTION (QUES_ID, QUES_TITLE, QUES_ABBRE, QUES_BODY, USER_ID, USER_ANONY, QUES_PUB_TIME,
                                     QUES_EDIT_TIME, IS_DELETE, IS_DELETE_TIME, RELA_TYPE, RELA_ID)
VALUES (35, '如何看待小米的价值观？', '如何看待小米的价值观？', 35, 1, 1, '2019-01-01 00:00:00', '2019-01-01 00:00:00', 0,
        '2019-01-01 00:00:00', 0, 0);
INSERT INTO youthchina.COM_QUESTION (QUES_ID, QUES_TITLE, QUES_ABBRE, QUES_BODY, USER_ID, USER_ANONY, QUES_PUB_TIME,
                                     QUES_EDIT_TIME, IS_DELETE, IS_DELETE_TIME, RELA_TYPE, RELA_ID)
VALUES (36, '小米公司在未来会发展成像苹果，三星之类的世界顶级公司吗，并且拥有自己的核心技术。？', '小米公司在未来会发展成像苹果，三星之类的世界顶级公司吗，并且拥有自己的核心技术。？', 36, 1, 1,
        '2019-01-01 00:00:00', '2019-01-01 00:00:00', 0, '2019-01-01 00:00:00', 0, 0);
INSERT INTO youthchina.COM_QUESTION (QUES_ID, QUES_TITLE, QUES_ABBRE, QUES_BODY, USER_ID, USER_ANONY, QUES_PUB_TIME,
                                     QUES_EDIT_TIME, IS_DELETE, IS_DELETE_TIME, RELA_TYPE, RELA_ID)
VALUES (37, '为什么小米公司的发展感觉不如以前了？', '为什么小米公司的发展感觉不如以前了？', 37, 1, 1, '2019-01-01 00:00:00', '2019-01-01 00:00:00', 0,
        '2019-01-01 00:00:00', 0, 0);
INSERT INTO youthchina.COM_QUESTION (QUES_ID, QUES_TITLE, QUES_ABBRE, QUES_BODY, USER_ID, USER_ANONY, QUES_PUB_TIME,
                                     QUES_EDIT_TIME, IS_DELETE, IS_DELETE_TIME, RELA_TYPE, RELA_ID)
VALUES (38, '魅族，华为，小米那家公司更具有发展前景（手机业务）？', '魅族，华为，小米那家公司更具有发展前景（手机业务）？', 38, 1, 1, '2019-01-01 00:00:00',
        '2019-01-01 00:00:00', 0, '2019-01-01 00:00:00', 0, 0);
INSERT INTO youthchina.COM_QUESTION (QUES_ID, QUES_TITLE, QUES_ABBRE, QUES_BODY, USER_ID, USER_ANONY, QUES_PUB_TIME,
                                     QUES_EDIT_TIME, IS_DELETE, IS_DELETE_TIME, RELA_TYPE, RELA_ID)
VALUES (39, '对于高端旗舰手机，小米是做不出还是不想做？', '对于高端旗舰手机，小米是做不出还是不想做？', 39, 1, 1, '2019-01-01 00:00:00', '2019-01-01 00:00:00', 0,
        '2019-01-01 00:00:00', 0, 0);
INSERT INTO youthchina.COM_QUESTION (QUES_ID, QUES_TITLE, QUES_ABBRE, QUES_BODY, USER_ID, USER_ANONY, QUES_PUB_TIME,
                                     QUES_EDIT_TIME, IS_DELETE, IS_DELETE_TIME, RELA_TYPE, RELA_ID)
VALUES (40, '麦肯锡是一家什么样的公司？', '麦肯锡是一家什么样的公司？', 40, 1, 1, '2019-01-01 00:00:00', '2019-01-01 00:00:00', 0,
        '2019-01-01 00:00:00', 0, 0);
INSERT INTO youthchina.COM_QUESTION (QUES_ID, QUES_TITLE, QUES_ABBRE, QUES_BODY, USER_ID, USER_ANONY, QUES_PUB_TIME,
                                     QUES_EDIT_TIME, IS_DELETE, IS_DELETE_TIME, RELA_TYPE, RELA_ID)
VALUES (41, '麦肯锡到底有多强？', '麦肯锡到底有多强？', 41, 1, 1, '2019-01-01 00:00:00', '2019-01-01 00:00:00', 0, '2019-01-01 00:00:00',
        0, 0);
INSERT INTO youthchina.COM_QUESTION (QUES_ID, QUES_TITLE, QUES_ABBRE, QUES_BODY, USER_ID, USER_ANONY, QUES_PUB_TIME,
                                     QUES_EDIT_TIME, IS_DELETE, IS_DELETE_TIME, RELA_TYPE, RELA_ID)
VALUES (42, '如何成为麦肯锡的员工？', '如何成为麦肯锡的员工？', 42, 1, 1, '2019-01-01 00:00:00', '2019-01-01 00:00:00', 0,
        '2019-01-01 00:00:00', 0, 0);
INSERT INTO youthchina.COM_QUESTION (QUES_ID, QUES_TITLE, QUES_ABBRE, QUES_BODY, USER_ID, USER_ANONY, QUES_PUB_TIME,
                                     QUES_EDIT_TIME, IS_DELETE, IS_DELETE_TIME, RELA_TYPE, RELA_ID)
VALUES (43, '麦肯锡、BCG、大摩等等国际顶级咨询公司&投行非清北复交等名校毕业的就一点希望都没有了？', '麦肯锡、BCG、大摩等等国际顶级咨询公司&投行，是不是非清北复交等名校毕业的就一点希望都没有了？', 43, 1,
        0, '2019-01-01 00:00:00', '2019-01-01 00:00:00', 0, '2019-01-01 00:00:00', 0, 0);
INSERT INTO youthchina.COM_QUESTION (QUES_ID, QUES_TITLE, QUES_ABBRE, QUES_BODY, USER_ID, USER_ANONY, QUES_PUB_TIME,
                                     QUES_EDIT_TIME, IS_DELETE, IS_DELETE_TIME, RELA_TYPE, RELA_ID)
VALUES (44, '如果锤子科技由别人接手，从此跟罗永浩没有关系，你会买锤子的手机吗？', '如果锤子科技由别人接手，从此跟罗永浩没有关系，你会买锤子的手机吗？', 44, 1, 0, '2019-01-01 00:00:00',
        '2019-01-01 00:00:00', 0, '2019-01-01 00:00:00', 0, 0);
INSERT INTO youthchina.COM_QUESTION (QUES_ID, QUES_TITLE, QUES_ABBRE, QUES_BODY, USER_ID, USER_ANONY, QUES_PUB_TIME,
                                     QUES_EDIT_TIME, IS_DELETE, IS_DELETE_TIME, RELA_TYPE, RELA_ID)
VALUES (45, '罗永浩还能支撑锤子科技多久？', '罗永浩还能支撑锤子科技多久？', 45, 1, 0, '2019-01-01 00:00:00', '2019-01-01 00:00:00', 0,
        '2019-01-01 00:00:00', 0, 0);
INSERT INTO youthchina.COM_QUESTION (QUES_ID, QUES_TITLE, QUES_ABBRE, QUES_BODY, USER_ID, USER_ANONY, QUES_PUB_TIME,
                                     QUES_EDIT_TIME, IS_DELETE, IS_DELETE_TIME, RELA_TYPE, RELA_ID)
VALUES (46, '目前来看，锤子科技未来的命运会如何？', '目前来看，锤子科技未来的命运会如何？', 46, 1, 0, '2019-01-01 00:00:00', '2019-01-01 00:00:00', 0,
        '2019-01-01 00:00:00', 0, 0);
INSERT INTO youthchina.COM_QUESTION (QUES_ID, QUES_TITLE, QUES_ABBRE, QUES_BODY, USER_ID, USER_ANONY, QUES_PUB_TIME,
                                     QUES_EDIT_TIME, IS_DELETE, IS_DELETE_TIME, RELA_TYPE, RELA_ID)
VALUES (47, '如何看待苹果手机越来越高的起售价？', '如何看待苹果手机越来越高的起售价？', 47, 1, 0, '2019-01-01 00:00:00', '2019-01-01 00:00:00', 0,
        '2019-01-01 00:00:00', 0, 0);
INSERT INTO youthchina.COM_QUESTION (QUES_ID, QUES_TITLE, QUES_ABBRE, QUES_BODY, USER_ID, USER_ANONY, QUES_PUB_TIME,
                                     QUES_EDIT_TIME, IS_DELETE, IS_DELETE_TIME, RELA_TYPE, RELA_ID)
VALUES (48, '苹果为什么要自研 5G 基带芯片？对下一代 iPhone 意味着什么？', '苹果为什么要自研5G基带芯片？对下一代iPhone意味着什么？', 48, 1, 0, '2019-01-01 00:00:00',
        '2019-01-01 00:00:00', 0, '2019-01-01 00:00:00', 0, 0);
INSERT INTO youthchina.COM_QUESTION (QUES_ID, QUES_TITLE, QUES_ABBRE, QUES_BODY, USER_ID, USER_ANONY, QUES_PUB_TIME,
                                     QUES_EDIT_TIME, IS_DELETE, IS_DELETE_TIME, RELA_TYPE, RELA_ID)
VALUES (49, '如何评价苹果重启iPhone X救场？', '如何评价苹果重启iPhoneX救场？', 49, 1, 0, '2019-01-01 00:00:00', '2019-01-01 00:00:00', 0,
        '2019-01-01 00:00:00', 0, 0);
INSERT INTO youthchina.COM_RICH_TEXT (TEXT_ID, COMPILE_TYPE, JSON_CONTENT, TEXT_CONTENT)
VALUES (1, 1,
        '{"braftEditorRaw":{"blocks":[{"key":"dtj4a","text":"<asdasd>","type":"unstyled","depth":0,"inlineStyleRanges":[],"entityRanges":[],"data":{}}],"entityMap":{}},"previewText":"<在此填入你的文字>","resourceIdList":[]}',
        'asdasd');
INSERT INTO youthchina.COM_RICH_TEXT (TEXT_ID, COMPILE_TYPE, JSON_CONTENT, TEXT_CONTENT)
VALUES (2, 1,
        '{"braftEditorRaw":{"blocks":[{"key":"dtj4a","text":"<在软件行业，操作系统平台就是那个八，其他的应用软件就是那个二。微软已经踩到了一次狗屎运，得到了软件行业80%的利润，现在，他所需要做的，就是保持住这个地位。但技术不是静止不动的，不断有新的技术生长出来，在成千上万种技术中，有一种会长成参天大树，利润无比丰厚，取代原来的技术平台，成为新的主流趋势。>","type":"unstyled","depth":0,"inlineStyleRanges":[],"entityRanges":[],"data":{}}],"entityMap":{}},"previewText":"<在此填入你的文字>","resourceIdList":[]}',
        '在软件行业，操作系统平台就是那个八，其他的应用软件就是那个二。微软已经踩到了一次狗屎运，得到了软件行业80%的利润，现在，他所需要做的，就是保持住这个地位。但技术不是静止不动的，不断有新的技术生长出来，在成千上万种技术中，有一种会长成参天大树，利润无比丰厚，取代原来的技术平台，成为新的主流趋势。');
INSERT INTO youthchina.COM_RICH_TEXT (TEXT_ID, COMPILE_TYPE, JSON_CONTENT, TEXT_CONTENT)
VALUES (3, 1,
        '{"braftEditorRaw":{"blocks":[{"key":"dtj4a","text":"<百度在经营过程中是否犯过严重的错误，探讨百度是否还有存在意义。>","type":"unstyled","depth":0,"inlineStyleRanges":[],"entityRanges":[],"data":{}}],"entityMap":{}},"previewText":"<在此填入你的文字>","resourceIdList":[]}',
        '百度在经营过程中是否犯过严重的错误，探讨百度是否还有存在意义。');
INSERT INTO youthchina.COM_RICH_TEXT (TEXT_ID, COMPILE_TYPE, JSON_CONTENT, TEXT_CONTENT)
VALUES (4, 1,
        '{"braftEditorRaw":{"blocks":[{"key":"dtj4a","text":"<腾讯，百度，网易，华为，小米，阿里，这六家互联网巨头公司，你最讨厌哪家公司？最讨厌的公司的哪些行为对你造成了“真实伤害”可否举例说明？>","type":"unstyled","depth":0,"inlineStyleRanges":[],"entityRanges":[],"data":{}}],"entityMap":{}},"previewText":"<在此填入你的文字>","resourceIdList":[]}',
        '腾讯，百度，网易，华为，小米，阿里，这六家互联网巨头公司，你最讨厌哪家公司？最讨厌的公司的哪些行为对你造成了“真实伤害”可否举例说明？');
INSERT INTO youthchina.COM_RICH_TEXT (TEXT_ID, COMPILE_TYPE, JSON_CONTENT, TEXT_CONTENT)
VALUES (5, 1,
        '{"braftEditorRaw":{"blocks":[{"key":"dtj4a","text":"<如何看待 2019 年央视春晚的百度红包，不到一块钱还需要下载 App 才能领取？>","type":"unstyled","depth":0,"inlineStyleRanges":[],"entityRanges":[],"data":{}}],"entityMap":{}},"previewText":"<在此填入你的文字>","resourceIdList":[]}',
        '如何看待 2019 年央视春晚的百度红包，不到一块钱还需要下载 App 才能领取？');
INSERT INTO youthchina.COM_RICH_TEXT (TEXT_ID, COMPILE_TYPE, JSON_CONTENT, TEXT_CONTENT)
VALUES (6, 1,
        '{"braftEditorRaw":{"blocks":[{"key":"dtj4a","text":"<百度收购或投资过哪些公司？>","type":"unstyled","depth":0,"inlineStyleRanges":[],"entityRanges":[],"data":{}}],"entityMap":{}},"previewText":"<在此填入你的文字>","resourceIdList":[]}',
        '百度收购或投资过哪些公司？');
INSERT INTO youthchina.COM_RICH_TEXT (TEXT_ID, COMPILE_TYPE, JSON_CONTENT, TEXT_CONTENT)
VALUES (7, 1,
        '{"braftEditorRaw":{"blocks":[{"key":"dtj4a","text":"<如何看待《从阿里离职的漂亮女高管，从来不过情人节》及蚂蚁金服副总裁怼离职「女高管」：吹牛要有个度？>","type":"unstyled","depth":0,"inlineStyleRanges":[],"entityRanges":[],"data":{}}],"entityMap":{}},"previewText":"<在此填入你的文字>","resourceIdList":[]}',
        '如何看待《从阿里离职的漂亮女高管，从来不过情人节》及蚂蚁金服副总裁怼离职「女高管」：吹牛要有个度？');
INSERT INTO youthchina.COM_RICH_TEXT (TEXT_ID, COMPILE_TYPE, JSON_CONTENT, TEXT_CONTENT)
VALUES (8, 1,
        '{"braftEditorRaw":{"blocks":[{"key":"dtj4a","text":"<为什么阿里系软件体验都不好？>","type":"unstyled","depth":0,"inlineStyleRanges":[],"entityRanges":[],"data":{}}],"entityMap":{}},"previewText":"<在此填入你的文字>","resourceIdList":[]}',
        '为什么阿里系软件体验都不好？');
INSERT INTO youthchina.COM_RICH_TEXT (TEXT_ID, COMPILE_TYPE, JSON_CONTENT, TEXT_CONTENT)
VALUES (9, 1,
        '{"braftEditorRaw":{"blocks":[{"key":"dtj4a","text":"<如何看待马云宣布明年（2019 年）不再担任阿里巴巴董事局主席职务，逍遥子接班，阿里未来会如何发展？>","type":"unstyled","depth":0,"inlineStyleRanges":[],"entityRanges":[],"data":{}}],"entityMap":{}},"previewText":"<在此填入你的文字>","resourceIdList":[]}',
        '如何看待马云宣布明年（2019 年）不再担任阿里巴巴董事局主席职务，逍遥子接班，阿里未来会如何发展？');
INSERT INTO youthchina.COM_RICH_TEXT (TEXT_ID, COMPILE_TYPE, JSON_CONTENT, TEXT_CONTENT)
VALUES (10, 1,
        '{"braftEditorRaw":{"blocks":[{"key":"dtj4a","text":"<本科生如何才能进入腾讯，阿里等一流的互联网公司？>","type":"unstyled","depth":0,"inlineStyleRanges":[],"entityRanges":[],"data":{}}],"entityMap":{}},"previewText":"<在此填入你的文字>","resourceIdList":[]}',
        '本科生如何才能进入腾讯，阿里等一流的互联网公司？');
INSERT INTO youthchina.COM_RICH_TEXT (TEXT_ID, COMPILE_TYPE, JSON_CONTENT, TEXT_CONTENT)
VALUES (11, 1,
        '{"braftEditorRaw":{"blocks":[{"key":"dtj4a","text":"<如何看待阿里 2018 年的组织架构调整？天猫升级又体现在哪些方面？>","type":"unstyled","depth":0,"inlineStyleRanges":[],"entityRanges":[],"data":{}}],"entityMap":{}},"previewText":"<在此填入你的文字>","resourceIdList":[]}',
        '如何看待阿里 2018 年的组织架构调整？天猫升级又体现在哪些方面？');
INSERT INTO youthchina.COM_RICH_TEXT (TEXT_ID, COMPILE_TYPE, JSON_CONTENT, TEXT_CONTENT)
VALUES (12, 1,
        '{"braftEditorRaw":{"blocks":[{"key":"dtj4a","text":"<如何看待此次阿里架构调整？胡晓明离任阿里云总裁？>","type":"unstyled","depth":0,"inlineStyleRanges":[],"entityRanges":[],"data":{}}],"entityMap":{}},"previewText":"<在此填入你的文字>","resourceIdList":[]}',
        '如何看待此次阿里架构调整？胡晓明离任阿里云总裁？');
INSERT INTO youthchina.COM_RICH_TEXT (TEXT_ID, COMPILE_TYPE, JSON_CONTENT, TEXT_CONTENT)
VALUES (13, 1,
        '{"braftEditorRaw":{"blocks":[{"key":"dtj4a","text":"<车联网布局，阿里领先了百度腾讯多少？>","type":"unstyled","depth":0,"inlineStyleRanges":[],"entityRanges":[],"data":{}}],"entityMap":{}},"previewText":"<在此填入你的文字>","resourceIdList":[]}',
        '车联网布局，阿里领先了百度腾讯多少？');
INSERT INTO youthchina.COM_RICH_TEXT (TEXT_ID, COMPILE_TYPE, JSON_CONTENT, TEXT_CONTENT)
VALUES (14, 1,
        '{"braftEditorRaw":{"blocks":[{"key":"dtj4a","text":"<京东和天猫到底哪个比较好？>","type":"unstyled","depth":0,"inlineStyleRanges":[],"entityRanges":[],"data":{}}],"entityMap":{}},"previewText":"<在此填入你的文字>","resourceIdList":[]}',
        '京东和天猫到底哪个比较好？');
INSERT INTO youthchina.COM_RICH_TEXT (TEXT_ID, COMPILE_TYPE, JSON_CONTENT, TEXT_CONTENT)
VALUES (15, 1,
        '{"braftEditorRaw":{"blocks":[{"key":"dtj4a","text":"<「京东金融 app 疑似自行获取用户私人图片」是真的吗？可能有哪些风险？>","type":"unstyled","depth":0,"inlineStyleRanges":[],"entityRanges":[],"data":{}}],"entityMap":{}},"previewText":"<在此填入你的文字>","resourceIdList":[]}',
        '「京东金融 app 疑似自行获取用户私人图片」是真的吗？可能有哪些风险？');
INSERT INTO youthchina.COM_RICH_TEXT (TEXT_ID, COMPILE_TYPE, JSON_CONTENT, TEXT_CONTENT)
VALUES (16, 1,
        '{"braftEditorRaw":{"blocks":[{"key":"dtj4a","text":"<如何看待京东27亿收购北京翠宫饭店？>","type":"unstyled","depth":0,"inlineStyleRanges":[],"entityRanges":[],"data":{}}],"entityMap":{}},"previewText":"<在此填入你的文字>","resourceIdList":[]}',
        '如何看待京东27亿收购北京翠宫饭店？');
INSERT INTO youthchina.COM_RICH_TEXT (TEXT_ID, COMPILE_TYPE, JSON_CONTENT, TEXT_CONTENT)
VALUES (17, 1,
        '{"braftEditorRaw":{"blocks":[{"key":"dtj4a","text":"<如何看待京东 2019 年将末位淘汰 10% 高管？>","type":"unstyled","depth":0,"inlineStyleRanges":[],"entityRanges":[],"data":{}}],"entityMap":{}},"previewText":"<在此填入你的文字>","resourceIdList":[]}',
        '如何看待京东 2019 年将末位淘汰 10% 高管？');
INSERT INTO youthchina.COM_RICH_TEXT (TEXT_ID, COMPILE_TYPE, JSON_CONTENT, TEXT_CONTENT)
VALUES (18, 1,
        '{"braftEditorRaw":{"blocks":[{"key":"dtj4a","text":"<如何看京东市值腰斩？>","type":"unstyled","depth":0,"inlineStyleRanges":[],"entityRanges":[],"data":{}}],"entityMap":{}},"previewText":"<在此填入你的文字>","resourceIdList":[]}',
        '如何看京东市值腰斩？');
INSERT INTO youthchina.COM_RICH_TEXT (TEXT_ID, COMPILE_TYPE, JSON_CONTENT, TEXT_CONTENT)
VALUES (19, 1,
        '{"braftEditorRaw":{"blocks":[{"key":"dtj4a","text":"<如何评价京东金融app被曝光会获取用户的敏感图片并上传？>","type":"unstyled","depth":0,"inlineStyleRanges":[],"entityRanges":[],"data":{}}],"entityMap":{}},"previewText":"<在此填入你的文字>","resourceIdList":[]}',
        '如何评价京东金融app被曝光会获取用户的敏感图片并上传？');
INSERT INTO youthchina.COM_RICH_TEXT (TEXT_ID, COMPILE_TYPE, JSON_CONTENT, TEXT_CONTENT)
VALUES (20, 1,
        '{"braftEditorRaw":{"blocks":[{"key":"dtj4a","text":"<怎么运营好京东店铺?>","type":"unstyled","depth":0,"inlineStyleRanges":[],"entityRanges":[],"data":{}}],"entityMap":{}},"previewText":"<在此填入你的文字>","resourceIdList":[]}',
        '怎么运营好京东店铺?');
INSERT INTO youthchina.COM_RICH_TEXT (TEXT_ID, COMPILE_TYPE, JSON_CONTENT, TEXT_CONTENT)
VALUES (21, 1,
        '{"braftEditorRaw":{"blocks":[{"key":"dtj4a","text":"<如何看待《搜索引擎百度已死》一文？百度沦为百家号的引流工具这一描述是否准确？百度的「护城河」是什么？>","type":"unstyled","depth":0,"inlineStyleRanges":[],"entityRanges":[],"data":{}}],"entityMap":{}},"previewText":"<在此填入你的文字>","resourceIdList":[]}',
        '如何看待《搜索引擎百度已死》一文？百度沦为百家号的引流工具这一描述是否准确？百度的「护城河」是什么？');
INSERT INTO youthchina.COM_RICH_TEXT (TEXT_ID, COMPILE_TYPE, JSON_CONTENT, TEXT_CONTENT)
VALUES (22, 1,
        '{"braftEditorRaw":{"blocks":[{"key":"dtj4a","text":"<为什么新闻搜索结果中有更多百家号内容？>","type":"unstyled","depth":0,"inlineStyleRanges":[],"entityRanges":[],"data":{}}],"entityMap":{}},"previewText":"<在此填入你的文字>","resourceIdList":[]}',
        '为什么新闻搜索结果中有更多百家号内容？');
INSERT INTO youthchina.COM_RICH_TEXT (TEXT_ID, COMPILE_TYPE, JSON_CONTENT, TEXT_CONTENT)
VALUES (23, 1,
        '{"braftEditorRaw":{"blocks":[{"key":"dtj4a","text":"<搜索引擎是否可以做自己的内容平台？>","type":"unstyled","depth":0,"inlineStyleRanges":[],"entityRanges":[],"data":{}}],"entityMap":{}},"previewText":"<在此填入你的文字>","resourceIdList":[]}',
        '搜索引擎是否可以做自己的内容平台？');
INSERT INTO youthchina.COM_RICH_TEXT (TEXT_ID, COMPILE_TYPE, JSON_CONTENT, TEXT_CONTENT)
VALUES (24, 1,
        '{"braftEditorRaw":{"blocks":[{"key":"dtj4a","text":"<搜索引擎内容是否有价值>","type":"unstyled","depth":0,"inlineStyleRanges":[],"entityRanges":[],"data":{}}],"entityMap":{}},"previewText":"<在此填入你的文字>","resourceIdList":[]}',
        '搜索引擎内容是否有价值');
INSERT INTO youthchina.COM_RICH_TEXT (TEXT_ID, COMPILE_TYPE, JSON_CONTENT, TEXT_CONTENT)
VALUES (25, 1,
        '{"braftEditorRaw":{"blocks":[{"key":"dtj4a","text":"<百度对百度网盘用户限速会不会毁掉自己? >","type":"unstyled","depth":0,"inlineStyleRanges":[],"entityRanges":[],"data":{}}],"entityMap":{}},"previewText":"<在此填入你的文字>","resourceIdList":[]}',
        '百度对百度网盘用户限速会不会毁掉自己?');
INSERT INTO youthchina.COM_RICH_TEXT (TEXT_ID, COMPILE_TYPE, JSON_CONTENT, TEXT_CONTENT)
VALUES (26, 1,
        '{"braftEditorRaw":{"blocks":[{"key":"dtj4a","text":"<苏宁易购维权是一种怎样的体验？>","type":"unstyled","depth":0,"inlineStyleRanges":[],"entityRanges":[],"data":{}}],"entityMap":{}},"previewText":"<在此填入你的文字>","resourceIdList":[]}',
        '苏宁易购维权是一种怎样的体验？');
INSERT INTO youthchina.COM_RICH_TEXT (TEXT_ID, COMPILE_TYPE, JSON_CONTENT, TEXT_CONTENT)
VALUES (27, 1,
        '{"braftEditorRaw":{"blocks":[{"key":"dtj4a","text":"<苏宁易购会是京东的最大竞争对手吗？>","type":"unstyled","depth":0,"inlineStyleRanges":[],"entityRanges":[],"data":{}}],"entityMap":{}},"previewText":"<在此填入你的文字>","resourceIdList":[]}',
        '苏宁易购会是京东的最大竞争对手吗？');
INSERT INTO youthchina.COM_RICH_TEXT (TEXT_ID, COMPILE_TYPE, JSON_CONTENT, TEXT_CONTENT)
VALUES (28, 1,
        '{"braftEditorRaw":{"blocks":[{"key":"dtj4a","text":"<华为是一家怎样的公司？>","type":"unstyled","depth":0,"inlineStyleRanges":[],"entityRanges":[],"data":{}}],"entityMap":{}},"previewText":"<在此填入你的文字>","resourceIdList":[]}',
        '华为是一家怎样的公司？');
INSERT INTO youthchina.COM_RICH_TEXT (TEXT_ID, COMPILE_TYPE, JSON_CONTENT, TEXT_CONTENT)
VALUES (29, 1,
        '{"braftEditorRaw":{"blocks":[{"key":"dtj4a","text":"<华为的遭遇是因为什么？华为，你终于活成了他们害怕的样子>","type":"unstyled","depth":0,"inlineStyleRanges":[],"entityRanges":[],"data":{}}],"entityMap":{}},"previewText":"<在此填入你的文字>","resourceIdList":[]}',
        '华为的遭遇是因为什么？华为，你终于活成了他们害怕的样子');
INSERT INTO youthchina.COM_RICH_TEXT (TEXT_ID, COMPILE_TYPE, JSON_CONTENT, TEXT_CONTENT)
VALUES (30, 1,
        '{"braftEditorRaw":{"blocks":[{"key":"dtj4a","text":"<在华为工作是怎样一番体验？>","type":"unstyled","depth":0,"inlineStyleRanges":[],"entityRanges":[],"data":{}}],"entityMap":{}},"previewText":"<在此填入你的文字>","resourceIdList":[]}',
        '在华为工作是怎样一番体验？');
INSERT INTO youthchina.COM_RICH_TEXT (TEXT_ID, COMPILE_TYPE, JSON_CONTENT, TEXT_CONTENT)
VALUES (31, 1,
        '{"braftEditorRaw":{"blocks":[{"key":"dtj4a","text":"<华为真的很了不起吗？有它没它有什么区别？>","type":"unstyled","depth":0,"inlineStyleRanges":[],"entityRanges":[],"data":{}}],"entityMap":{}},"previewText":"<在此填入你的文字>","resourceIdList":[]}',
        '华为真的很了不起吗？有它没它有什么区别？');
INSERT INTO youthchina.COM_RICH_TEXT (TEXT_ID, COMPILE_TYPE, JSON_CONTENT, TEXT_CONTENT)
VALUES (32, 1,
        '{"braftEditorRaw":{"blocks":[{"key":"dtj4a","text":"<当下近乎全民对华为的追捧理智吗？>","type":"unstyled","depth":0,"inlineStyleRanges":[],"entityRanges":[],"data":{}}],"entityMap":{}},"previewText":"<在此填入你的文字>","resourceIdList":[]}',
        '当下近乎全民对华为的追捧理智吗？');
INSERT INTO youthchina.COM_RICH_TEXT (TEXT_ID, COMPILE_TYPE, JSON_CONTENT, TEXT_CONTENT)
VALUES (33, 1,
        '{"braftEditorRaw":{"blocks":[{"key":"dtj4a","text":"<小米手机7的成败对于小米有多重要？>","type":"unstyled","depth":0,"inlineStyleRanges":[],"entityRanges":[],"data":{}}],"entityMap":{}},"previewText":"<在此填入你的文字>","resourceIdList":[]}',
        '小米手机7的成败对于小米有多重要？');
INSERT INTO youthchina.COM_RICH_TEXT (TEXT_ID, COMPILE_TYPE, JSON_CONTENT, TEXT_CONTENT)
VALUES (34, 1,
        '{"braftEditorRaw":{"blocks":[{"key":"dtj4a","text":"<如何看待小米的战略选择？>","type":"unstyled","depth":0,"inlineStyleRanges":[],"entityRanges":[],"data":{}}],"entityMap":{}},"previewText":"<在此填入你的文字>","resourceIdList":[]}',
        '如何看待小米的战略选择？');
INSERT INTO youthchina.COM_RICH_TEXT (TEXT_ID, COMPILE_TYPE, JSON_CONTENT, TEXT_CONTENT)
VALUES (35, 1,
        '{"braftEditorRaw":{"blocks":[{"key":"dtj4a","text":"<如何看待小米的价值观？>","type":"unstyled","depth":0,"inlineStyleRanges":[],"entityRanges":[],"data":{}}],"entityMap":{}},"previewText":"<在此填入你的文字>","resourceIdList":[]}',
        '如何看待小米的价值观？');
INSERT INTO youthchina.COM_RICH_TEXT (TEXT_ID, COMPILE_TYPE, JSON_CONTENT, TEXT_CONTENT)
VALUES (36, 1,
        '{"braftEditorRaw":{"blocks":[{"key":"dtj4a","text":"<小米公司在未来会发展成像苹果，三星之类的世界顶级公司吗，并且拥有自己的核心技术。？                  >","type":"unstyled","depth":0,"inlineStyleRanges":[],"entityRanges":[],"data":{}}],"entityMap":{}},"previewText":"<在此填入你的文字>","resourceIdList":[]}',
        '小米公司在未来会发展成像苹果，三星之类的世界顶级公司吗，并且拥有自己的核心技术。？');
INSERT INTO youthchina.COM_RICH_TEXT (TEXT_ID, COMPILE_TYPE, JSON_CONTENT, TEXT_CONTENT)
VALUES (37, 1,
        '{"braftEditorRaw":{"blocks":[{"key":"dtj4a","text":"<为什么小米公司的发展感觉不如以前了？>","type":"unstyled","depth":0,"inlineStyleRanges":[],"entityRanges":[],"data":{}}],"entityMap":{}},"previewText":"<在此填入你的文字>","resourceIdList":[]}',
        '为什么小米公司的发展感觉不如以前了？');
INSERT INTO youthchina.COM_RICH_TEXT (TEXT_ID, COMPILE_TYPE, JSON_CONTENT, TEXT_CONTENT)
VALUES (38, 1,
        '{"braftEditorRaw":{"blocks":[{"key":"dtj4a","text":"<魅族，华为，小米那家公司更具有发展前景（手机业务）？>","type":"unstyled","depth":0,"inlineStyleRanges":[],"entityRanges":[],"data":{}}],"entityMap":{}},"previewText":"<在此填入你的文字>","resourceIdList":[]}',
        '魅族，华为，小米那家公司更具有发展前景（手机业务）？');
INSERT INTO youthchina.COM_RICH_TEXT (TEXT_ID, COMPILE_TYPE, JSON_CONTENT, TEXT_CONTENT)
VALUES (39, 1,
        '{"braftEditorRaw":{"blocks":[{"key":"dtj4a","text":"<对于高端旗舰手机，小米是做不出还是不想做？>","type":"unstyled","depth":0,"inlineStyleRanges":[],"entityRanges":[],"data":{}}],"entityMap":{}},"previewText":"<在此填入你的文字>","resourceIdList":[]}',
        '对于高端旗舰手机，小米是做不出还是不想做？');
INSERT INTO youthchina.COM_RICH_TEXT (TEXT_ID, COMPILE_TYPE, JSON_CONTENT, TEXT_CONTENT)
VALUES (40, 1,
        '{"braftEditorRaw":{"blocks":[{"key":"dtj4a","text":"<麦肯锡是一家什么样的公司？>","type":"unstyled","depth":0,"inlineStyleRanges":[],"entityRanges":[],"data":{}}],"entityMap":{}},"previewText":"<在此填入你的文字>","resourceIdList":[]}',
        '麦肯锡是一家什么样的公司？');
INSERT INTO youthchina.COM_RICH_TEXT (TEXT_ID, COMPILE_TYPE, JSON_CONTENT, TEXT_CONTENT)
VALUES (41, 1,
        '{"braftEditorRaw":{"blocks":[{"key":"dtj4a","text":"<麦肯锡到底有多强？>","type":"unstyled","depth":0,"inlineStyleRanges":[],"entityRanges":[],"data":{}}],"entityMap":{}},"previewText":"<在此填入你的文字>","resourceIdList":[]}',
        '麦肯锡到底有多强？');
INSERT INTO youthchina.COM_RICH_TEXT (TEXT_ID, COMPILE_TYPE, JSON_CONTENT, TEXT_CONTENT)
VALUES (42, 1,
        '{"braftEditorRaw":{"blocks":[{"key":"dtj4a","text":"<如何成为麦肯锡的员工？>","type":"unstyled","depth":0,"inlineStyleRanges":[],"entityRanges":[],"data":{}}],"entityMap":{}},"previewText":"<在此填入你的文字>","resourceIdList":[]}',
        '如何成为麦肯锡的员工？');
INSERT INTO youthchina.COM_RICH_TEXT (TEXT_ID, COMPILE_TYPE, JSON_CONTENT, TEXT_CONTENT)
VALUES (43, 1,
        '{"braftEditorRaw":{"blocks":[{"key":"dtj4a","text":"<麦肯锡、BCG、大摩等等国际顶级咨询公司&投行，是不是非清北复交等名校毕业的就一点希望都没有了？        >","type":"unstyled","depth":0,"inlineStyleRanges":[],"entityRanges":[],"data":{}}],"entityMap":{}},"previewText":"<在此填入你的文字>","resourceIdList":[]}',
        '麦肯锡、BCG、大摩等等国际顶级咨询公司&投行，是不是非清北复交等名校毕业的就一点希望都没有了？');
INSERT INTO youthchina.COM_RICH_TEXT (TEXT_ID, COMPILE_TYPE, JSON_CONTENT, TEXT_CONTENT)
VALUES (44, 1,
        '{"braftEditorRaw":{"blocks":[{"key":"dtj4a","text":"<如果锤子科技由别人接手，从此跟罗永浩没有关系，你会买锤子的手机吗？>","type":"unstyled","depth":0,"inlineStyleRanges":[],"entityRanges":[],"data":{}}],"entityMap":{}},"previewText":"<在此填入你的文字>","resourceIdList":[]}',
        '如果锤子科技由别人接手，从此跟罗永浩没有关系，你会买锤子的手机吗？');
INSERT INTO youthchina.COM_RICH_TEXT (TEXT_ID, COMPILE_TYPE, JSON_CONTENT, TEXT_CONTENT)
VALUES (45, 1,
        '{"braftEditorRaw":{"blocks":[{"key":"dtj4a","text":"<罗永浩还能支撑锤子科技多久？>","type":"unstyled","depth":0,"inlineStyleRanges":[],"entityRanges":[],"data":{}}],"entityMap":{}},"previewText":"<在此填入你的文字>","resourceIdList":[]}',
        '罗永浩还能支撑锤子科技多久？');
INSERT INTO youthchina.COM_RICH_TEXT (TEXT_ID, COMPILE_TYPE, JSON_CONTENT, TEXT_CONTENT)
VALUES (46, 1,
        '{"braftEditorRaw":{"blocks":[{"key":"dtj4a","text":"<目前来看，锤子科技未来的命运会如何？>","type":"unstyled","depth":0,"inlineStyleRanges":[],"entityRanges":[],"data":{}}],"entityMap":{}},"previewText":"<在此填入你的文字>","resourceIdList":[]}',
        '目前来看，锤子科技未来的命运会如何？');
INSERT INTO youthchina.COM_RICH_TEXT (TEXT_ID, COMPILE_TYPE, JSON_CONTENT, TEXT_CONTENT)
VALUES (47, 1,
        '{"braftEditorRaw":{"blocks":[{"key":"dtj4a","text":"<如何看待苹果手机越来越高的起售价？>","type":"unstyled","depth":0,"inlineStyleRanges":[],"entityRanges":[],"data":{}}],"entityMap":{}},"previewText":"<在此填入你的文字>","resourceIdList":[]}',
        '如何看待苹果手机越来越高的起售价？');
INSERT INTO youthchina.COM_RICH_TEXT (TEXT_ID, COMPILE_TYPE, JSON_CONTENT, TEXT_CONTENT)
VALUES (48, 1,
        '{"braftEditorRaw":{"blocks":[{"key":"dtj4a","text":"<苹果为什么要自研 5G 基带芯片？对下一代 iPhone 意味着什么？>","type":"unstyled","depth":0,"inlineStyleRanges":[],"entityRanges":[],"data":{}}],"entityMap":{}},"previewText":"<在此填入你的文字>","resourceIdList":[]}',
        '苹果为什么要自研 5G 基带芯片？对下一代 iPhone 意味着什么？');
INSERT INTO youthchina.COM_RICH_TEXT (TEXT_ID, COMPILE_TYPE, JSON_CONTENT, TEXT_CONTENT)
VALUES (49, 1,
        '{"braftEditorRaw":{"blocks":[{"key":"dtj4a","text":"<如何评价苹果重启iPhone X救场？>","type":"unstyled","depth":0,"inlineStyleRanges":[],"entityRanges":[],"data":{}}],"entityMap":{}},"previewText":"<在此填入你的文字>","resourceIdList":[]}',
        '如何评价苹果重启iPhone X救场？');
INSERT INTO youthchina.COM_RICH_TEXT (TEXT_ID, COMPILE_TYPE, JSON_CONTENT, TEXT_CONTENT)
VALUES (50, 1,
        '{"braftEditorRaw":{"blocks":[{"key":"dtj4a","text":"<这只是针对《谈电视剧[白鹿原]中“白孝文”的表演创作》一文问题的查处结果单就这个问题所作的查处结果对陈邑和翟天临来说很合适。一起观望后续其他问题的查处结果唯一需要担心的是，北电别有用心，先抛出这个结果来试探全国广大网民的对翟天临事件的较真程度如果网民们较真，北电只需要回应这只是这个问题的查处结果，其他问题正在查处中如果网名们淡忘了，热度消失了，公众麻木了，不感兴趣了这起事件淡出了公众的视线那么后续相关问题可能慢慢地就不了了之了而后续相关问题即翟天临如何能通过北电学术委员会和答辩委员会的评审以及这其中是否存在拉帮结派利益勾结，才是翟天临事件的重中之重，也是北电最为害怕公之于众的所以最后望广大学术一线人员苟富贵，莫相忘哈哈哈>","type":"unstyled","depth":0,"inlineStyleRanges":[],"entityRanges":[],"data":{}}],"entityMap":{}},"previewText":"<在此填入你的文字>","resourceIdList":[]}',
        '这只是针对《谈电视剧[白鹿原]中“白孝文”的表演创作》一文问题的查处结果单就这个问题所作的查处结果对陈邑和翟天临来说很合适。一起观望后续其他问题的查处结果唯一需要担心的是，北电别有用心，先抛出这个结果来试探全国广大网民的对翟天临事件的较真程度如果网民们较真，北电只需要回应这只是这个问题的查处结果，其他问题正在查处中如果网名们淡忘了，热度消失了，公众麻木了，不感兴趣了这起事件淡出了公众的视线那么后续相关问题可能慢慢地就不了了之了而后续相关问题即翟天临如何能通过北电学术委员会和答辩委员会的评审以及这其中是否存在拉帮结派利益勾结，才是翟天临事件的重中之重，也是北电最为害怕公之于众的所以最后望广大学术一线人员苟富贵，莫相忘哈哈哈');
INSERT INTO youthchina.COM_RICH_TEXT (TEXT_ID, COMPILE_TYPE, JSON_CONTENT, TEXT_CONTENT)
VALUES (51, 1,
        '{"braftEditorRaw":{"blocks":[{"key":"dtj4a","text":"<依据我身边的经验，在二三线城市的年轻人，月薪基本会稳定在四千左右。我是山东的，山东这边拿得上台面的城市，就举青岛吧，认识的一个做房产销售的姑娘，从济南打拼到青岛，天天加班，工资在五六千左右。一个朋友做摄影的工作室，作为领头人，工资也才拿四千多。而在发达一些的地方，同等资质的年轻人，月薪大概会翻番。我一个朋友跟我讲她的小闺蜜，在深圳做文员，连ppt也做不好的主儿，在深圳拿六千。而题主你在知乎见到的月薪过万的，大多数是有点儿本事的那种。我一个学妹就这种人，有点儿本事，上大学的时候就很活跃，毕业去了北京做金融，月薪好像刚去就过万了。她的朋友圈和知乎里那些大神一样，天天就是配个苹果在咖啡厅里在办公室里写表格，要不然就是新马泰旅游，还养了只拉布拉多。去年人家还结婚了，在北京，据说是男友炒股挣了钱。所以我觉得月薪过万不算普遍。第一月薪过万，得满足你有本事或者踩了狗屎，或者有本事到随便踩狗屎。会钻营，会取巧，会吃苦，会进取，哪一样干到极致，月薪过万都不是梦。有能耐，到哪儿都吃香。而我们很大一部分人，既没有本事，也没把握好环境。有的人北京待好几年工资都上不了五位数，有的人就能。这没法说，成功的途径很多，但哪一条路都不会特别好走。第二是行业的问题。恕我见识少，我是没见过技术要求低的岗位上出现过月薪过万的人。平时打个表格的小职员，公司呼来喝去的，哪能过万啊。你看那些发帖的，做销售的，干工程的，自主创业的，哪有个街道清洁的的出来说自己月薪过万。而从目前的环境看，技术要求低的岗位，仍然是主流啊，毕竟是基层。基层待遇好了，谁还想着往上爬啊是吧。第三就是某些答主金玉其外败絮其中了。不少人有虚荣心，无可厚非，但很多人的虚荣心和本身的价值不匹配。你说你用的是苹果嘴上抹的是YSL挎的是香奈儿去的是游轮度假，家里摆的是顶配电脑外加所有主机约的是极品大长腿，可有多少是真正靠自己，不是靠着家庭背景和另一半得来的，有多少是在自己月薪过万的承受范围内得来的。有的人，父母给买套房觉得是自己的，另一半给买到购物车清空觉得是自己的，还着上万的花呗觉得是自己的。拜托，吃了上顿没下顿的主儿，自己心里没点儿数是怎么着。还有我觉得最重要的是，普遍这个词儿怎么定义。我是觉得，十个人里面，一个人月薪过万我就认为这事儿普遍了。但现在的情况是，十亿人里，有几十万人挣得多，在社交圈子里一晒，人们就觉得普遍。网络拉近了人们的距离，也拉低了人们的智商和下限。综上，我觉得不算普遍。月薪过万的人虽然很多，真的很多。但这世上，多的还是苟且着的普通人。以上都是一家之言，冒犯了诸位，请多包涵。数据对不对的，反正我这个没见过什么世面的人，对于身边的感触就是这样，错了也没法改咯。在知乎灌水一年，看惯了某些人的沾沾自喜，多少有些反胃。人与人之间的交往，本不该有这么多的优越感。大家开开心心地坐在苞谷地里一块儿聊聊天喝喝酒多好。非得坐在埃菲尔铁塔尖儿上冻屁股，我还跟你喝酒呢，去你的吧。>","type":"unstyled","depth":0,"inlineStyleRanges":[],"entityRanges":[],"data":{}}],"entityMap":{}},"previewText":"<在此填入你的文字>","resourceIdList":[]}',
        '依据我身边的经验，在二三线城市的年轻人，月薪基本会稳定在四千左右。我是山东的，山东这边拿得上台面的城市，就举青岛吧，认识的一个做房产销售的姑娘，从济南打拼到青岛，天天加班，工资在五六千左右。一个朋友做摄影的工作室，作为领头人，工资也才拿四千多。而在发达一些的地方，同等资质的年轻人，月薪大概会翻番。我一个朋友跟我讲她的小闺蜜，在深圳做文员，连ppt也做不好的主儿，在深圳拿六千。而题主你在知乎见到的月薪过万的，大多数是有点儿本事的那种。我一个学妹就这种人，有点儿本事，上大学的时候就很活跃，毕业去了北京做金融，月薪好像刚去就过万了。她的朋友圈和知乎里那些大神一样，天天就是配个苹果在咖啡厅里在办公室里写表格，要不然就是新马泰旅游，还养了只拉布拉多。去年人家还结婚了，在北京，据说是男友炒股挣了钱。所以我觉得月薪过万不算普遍。第一月薪过万，得满足你有本事或者踩了狗屎，或者有本事到随便踩狗屎。会钻营，会取巧，会吃苦，会进取，哪一样干到极致，月薪过万都不是梦。有能耐，到哪儿都吃香。而我们很大一部分人，既没有本事，也没把握好环境。有的人北京待好几年工资都上不了五位数，有的人就能。这没法说，成功的途径很多，但哪一条路都不会特别好走。第二是行业的问题。恕我见识少，我是没见过技术要求低的岗位上出现过月薪过万的人。平时打个表格的小职员，公司呼来喝去的，哪能过万啊。你看那些发帖的，做销售的，干工程的，自主创业的，哪有个街道清洁的的出来说自己月薪过万。而从目前的环境看，技术要求低的岗位，仍然是主流啊，毕竟是基层。基层待遇好了，谁还想着往上爬啊是吧。第三就是某些答主金玉其外败絮其中了。不少人有虚荣心，无可厚非，但很多人的虚荣心和本身的价值不匹配。你说你用的是苹果嘴上抹的是YSL挎的是香奈儿去的是游轮度假，家里摆的是顶配电脑外加所有主机约的是极品大长腿，可有多少是真正靠自己，不是靠着家庭背景和另一半得来的，有多少是在自己月薪过万的承受范围内得来的。有的人，父母给买套房觉得是自己的，另一半给买到购物车清空觉得是自己的，还着上万的花呗觉得是自己的。拜托，吃了上顿没下顿的主儿，自己心里没点儿数是怎么着。还有我觉得最重要的是，普遍这个词儿怎么定义。我是觉得，十个人里面，一个人月薪过万我就认为这事儿普遍了。但现在的情况是，十亿人里，有几十万人挣得多，在社交圈子里一晒，人们就觉得普遍。网络拉近了人们的距离，也拉低了人们的智商和下限。综上，我觉得不算普遍。月薪过万的人虽然很多，真的很多。但这世上，多的还是苟且着的普通人。以上都是一家之言，冒犯了诸位，请多包涵。数据对不对的，反正我这个没见过什么世面的人，对于身边的感触就是这样，错了也没法改咯。在知乎灌水一年，看惯了某些人的沾沾自喜，多少有些反胃。人与人之间的交往，本不该有这么多的优越感。大家开开心心地坐在苞谷地里一块儿聊聊天喝喝酒多好。非得坐在埃菲尔铁塔尖儿上冻屁股，我还跟你喝酒呢，去你的吧。');
INSERT INTO youthchina.COM_RICH_TEXT (TEXT_ID, COMPILE_TYPE, JSON_CONTENT, TEXT_CONTENT)
VALUES (52, 1,
        '{"braftEditorRaw":{"blocks":[{"key":"dtj4a","text":"<1 Pluto.（冥王星）  太阳系中离太阳最遥远的星星  几乎没有阳光能穿越59亿公里的旅程找他  有颗同力矮行星叫做卡戎(Charon)的距离只有地球和月球距离的十五分之一  她一直陪着冥王星走着这一段冷清的旅程  每一个Pluto都有他的Charon2 427℃           -173℃  水星  温差最大的行星  白天最高达427℃  夜晚最低零下173℃近在咫尺  触不可及你望一眼  我便可以兴奋到427℃你转过身  我也可以忍受零下173℃的冰冷3 37.2℃  人的正常温度是37℃  而遇到喜欢的人后就会增长到37.2℃4 TiAmo  在意大利语中是我爱你  在法语中却是我爱过你  当我遇见你的那一天  我希望是在意大利5 Agoni  法语是痛苦的意思  中文发音却是爱过你（4和5好像不太对   不学法语的大一狗表示很抱歉   但是布吉岛为啥就是不想删    所以大家看看就好哈 ）6 长安某  世人谓我恋长安  其实只恋长安某7 清欢渡  你有你的清欢渡我有我的不归途8 扶苏  姑苏一杯倒  夷陵见狗怂9 拾柒  无人为我挡枪口就做自己的英雄10撒野  我要赢一壶酒  拿来娶你11水下月  海底月是天上月  眼前人是心上人12西洲  南风知我意  吹梦到西洲13南川   北鱼  南有西川  北冥有鱼14 嘉木  相思>","type":"unstyled","depth":0,"inlineStyleRanges":[],"entityRanges":[],"data":{}}],"entityMap":{}},"previewText":"<在此填入你的文字>","resourceIdList":[]}',
        '1 Pluto.（冥王星）  太阳系中离太阳最遥远的星星  几乎没有阳光能穿越59亿公里的旅程找他  有颗同力矮行星叫做卡戎(Charon)的距离只有地球和月球距离的十五分之一  她一直陪着冥王星走着这一段冷清的旅程  每一个Pluto都有他的Charon2 427℃           -173℃  水星  温差最大的行星  白天最高达427℃  夜晚最低零下173℃近在咫尺  触不可及你望一眼  我便可以兴奋到427℃你转过身  我也可以忍受零下173℃的冰冷3 37.2℃  人的正常温度是37℃  而遇到喜欢的人后就会增长到37.2℃4 TiAmo  在意大利语中是我爱你  在法语中却是我爱过你  当我遇见你的那一天  我希望是在意大利5 Agoni  法语是痛苦的意思  中文发音却是爱过你（4和5好像不太对   不学法语的大一狗表示很抱歉   但是布吉岛为啥就是不想删    所以大家看看就好哈 ）6 长安某  世人谓我恋长安  其实只恋长安某7 清欢渡  你有你的清欢渡我有我的不归途8 扶苏  姑苏一杯倒  夷陵见狗怂9 拾柒  无人为我挡枪口就做自己的英雄10撒野  我要赢一壶酒  拿来娶你11水下月  海底月是天上月  眼前人是心上人12西洲  南风知我意  吹梦到西洲13南川   北鱼  南有西川  北冥有鱼14 嘉木  相思');
INSERT INTO youthchina.COM_RICH_TEXT (TEXT_ID, COMPILE_TYPE, JSON_CONTENT, TEXT_CONTENT)
VALUES (53, 1,
        '{"braftEditorRaw":{"blocks":[{"key":"dtj4a","text":"<>","type":"unstyled","depth":0,"inlineStyleRanges":[],"entityRanges":[],"data":{}}],"entityMap":{}},"previewText":"<在此填入你的文字>","resourceIdList":[]}',
        '未知');
INSERT INTO youthchina.COM_RICH_TEXT (TEXT_ID, COMPILE_TYPE, JSON_CONTENT, TEXT_CONTENT)
VALUES (54, 1,
        '{"braftEditorRaw":{"blocks":[{"key":"dtj4a","text":"<在今天的中国互联网行业，腾讯拥有近乎垄断的平台，庞大的人气，源源不断的现金流，一般的小问题对腾讯是构成不了威胁的。那么，腾讯的问题在哪里？我们可以回顾一下微软的历史。在1990年代的科技界，微软同样是这么一家神一般存在的巨头。他有钱，有人才，有技术，有垄断的平台，貌似战无不胜。但微软也不是通吃的，在一些小的细分行业，比如PS绘图软件，财务软件，人家就不做。不是不想做，而是精力不允许太分散。对于一家科技巨头来说，永远要记住一件事——“我之所以拥有今天的江湖地位，是因为我有战略眼光，或者说，我踩到了狗屎运，抓住了技术发展的主流趋势。”吐槽一句，尼玛，要不是那次伟大的空手套白狼，在一无所有的情况下拿下了IBM的操作系统外包合同，哪会有微软今日的地位啊。要知道，在一个时代，主流技术应用可以带来80%的商业利润，其他的边角料技术就只能获得剩余的20%而已。这就是技术领域的二八法则。在软件行业，操作系统平台就是那个八，其他的应用软件就是那个二。微软已经踩到了一次狗屎运，得到了软件行业80%的利润，现在，他所需要做的，就是保持住这个地位。但技术不是静止不动的，不断有新的技术生长出来，在成千上万种技术中，有一种会长成参天大树，利润无比丰厚，取代原来的技术平台，成为新的主流趋势。1995年之后，科技行业进入互联网时代。林林总总的技术像小草一样生长出来。bbs，电子邮件，即时通信，新闻门户……哪一个才是互联网时代的主流趋势呢？嗯，比尔盖茨一定很头痛。不过，在这么多的技术中，有一个技术貌似是大BOSS。浏览器。所有人上网都要经过这个大杀器。而那时候的网景，因为第一个做出了可以看图片的浏览器，将互联网从文字时代带入多媒体时代，迅速的一炮而红。更要命的是，网景的老板安德森野心勃发，将一个浏览器增加成五个软件的套装来卖，里面包含了电子邮件、网页编辑、新闻订阅等等，他甚至对媒体喊话“我要将网景打造成网络操作系统，成为互联网时代的微软。”真是有够嚣张的。比尔盖茨将烟头丢到地上，用脚狠狠踩灭，然后迅速的调集资金和人才，从一家叫望远镜的小浏览器公司那里买来了源代码，改头换面的推出了自己的IE浏览器，而且这个浏览器是随操作系统赠送的，免费，不要钱。不过两年时间，网景就撑不住了，败下阵来。微软松了一口气，有了上网通道，互联网时代就是我的了吧？！可惜，历史的走向总是变幻莫测。浏览器并没有为微软贡献一毛钱利润，而在和网景旷日持久的战争中，一家叫雅虎的新闻门户越来越火了。在他1996年上市的那一天，股价一天就涨了3倍！貌似这才是新时代的主流呢。尼玛呀，要不要这么耍我啊？？？没办法，为了互联网时代的江湖地位，微软再次重操故伎，大洒金钱，买下了hotmail电子邮箱，做了MSN即时通讯，推出了MSN新闻网站，我也要做门户！雅虎上面有的我都要有，谁也别拦着我！微软花了很多很多钱去买流量，花了很多很多精力去改进技术，但是…………臣妾做不到啊…………雅虎那丫就是免费的，咱免费也没用，那丫很酷耶，咱微软的都是技术宅，气场不对路。微软花了整整五年在和雅虎的战争上，使用人盯人的战术，耗费了他所有的精力。然后…………然后，谷歌上市了。比尔盖茨一看谷歌的财报，傻眼了。营收以火箭般的数字蹿升，发展的速度和势头马上就要超过雅虎了，原来这个搜索引擎才是互联网时代的主流技术啊。可是谷歌已经打下了一片地盘，再想摁已经摁不住了，即使微软在后来推出了bing搜索，也只能徒呼奈何…………到了今天，微软在互联网时代江河日下，谷歌和facebook大肆收购，花上百亿美元去买下新兴的技术，为的是什么？就是在押宝呀。技术在不断向前升级，哪一个方向才是未来的主流趋势呢？没有人知道。在历史上，一个公司，能够押中一次宝就可以做成大公司，押中两次宝，就可以做成伟大的公司，押中三次宝的，有且只有一个，那就是IBM。从制表机，到大型机，到个人计算机，IBM简直可以称之为“神算子”。不过，在下一次主流技术趋势明朗之前，这些科技巨头只怕每夜都要提心吊胆。太多的教训历历在目了，好一点的像微软、英特尔、IBM还有一口饭吃，命运悲催的，像诺基亚、摩托罗拉、朗讯、3com、柯达、黑莓、AOL，就这么凄凄惨惨的要被人凭吊了。对于腾讯来说，也是一样的。小马哥每天都在为这件事情而焦虑。截至目前，在国内，押中两次宝的就只有腾讯和阿里。阿里押中了淘宝和支付宝，腾讯押中了QQ和微信。在移动互联网时代，腾讯可以稍稍松一口气了，但是在下一个主流技术趋势到来的时候，还有这个好运气么？是谷歌押宝的智能互联技术吗？是facebook押宝的oculus体感技术吗？是百度发力的大数据技术吗？是腾讯现在发力的移动支付技术吗？没有人知道。如果小马哥能押中宝，那他就是神了。>","type":"unstyled","depth":0,"inlineStyleRanges":[],"entityRanges":[],"data":{}}],"entityMap":{}},"previewText":"<在此填入你的文字>","resourceIdList":[]}',
        '在今天的中国互联网行业，腾讯拥有近乎垄断的平台，庞大的人气，源源不断的现金流，一般的小问题对腾讯是构成不了威胁的。那么，腾讯的问题在哪里？我们可以回顾一下微软的历史。在1990年代的科技界，微软同样是这么一家神一般存在的巨头。他有钱，有人才，有技术，有垄断的平台，貌似战无不胜。但微软也不是通吃的，在一些小的细分行业，比如PS绘图软件，财务软件，人家就不做。不是不想做，而是精力不允许太分散。对于一家科技巨头来说，永远要记住一件事——“我之所以拥有今天的江湖地位，是因为我有战略眼光，或者说，我踩到了狗屎运，抓住了技术发展的主流趋势。”吐槽一句，尼玛，要不是那次伟大的空手套白狼，在一无所有的情况下拿下了IBM的操作系统外包合同，哪会有微软今日的地位啊。要知道，在一个时代，主流技术应用可以带来80%的商业利润，其他的边角料技术就只能获得剩余的20%而已。这就是技术领域的二八法则。在软件行业，操作系统平台就是那个八，其他的应用软件就是那个二。微软已经踩到了一次狗屎运，得到了软件行业80%的利润，现在，他所需要做的，就是保持住这个地位。但技术不是静止不动的，不断有新的技术生长出来，在成千上万种技术中，有一种会长成参天大树，利润无比丰厚，取代原来的技术平台，成为新的主流趋势。1995年之后，科技行业进入互联网时代。林林总总的技术像小草一样生长出来。bbs，电子邮件，即时通信，新闻门户……哪一个才是互联网时代的主流趋势呢？嗯，比尔盖茨一定很头痛。不过，在这么多的技术中，有一个技术貌似是大BOSS。浏览器。所有人上网都要经过这个大杀器。而那时候的网景，因为第一个做出了可以看图片的浏览器，将互联网从文字时代带入多媒体时代，迅速的一炮而红。更要命的是，网景的老板安德森野心勃发，将一个浏览器增加成五个软件的套装来卖，里面包含了电子邮件、网页编辑、新闻订阅等等，他甚至对媒体喊话“我要将网景打造成网络操作系统，成为互联网时代的微软。”真是有够嚣张的。比尔盖茨将烟头丢到地上，用脚狠狠踩灭，然后迅速的调集资金和人才，从一家叫望远镜的小浏览器公司那里买来了源代码，改头换面的推出了自己的IE浏览器，而且这个浏览器是随操作系统赠送的，免费，不要钱。不过两年时间，网景就撑不住了，败下阵来。微软松了一口气，有了上网通道，互联网时代就是我的了吧？！可惜，历史的走向总是变幻莫测。浏览器并没有为微软贡献一毛钱利润，而在和网景旷日持久的战争中，一家叫雅虎的新闻门户越来越火了。在他1996年上市的那一天，股价一天就涨了3倍！貌似这才是新时代的主流呢。尼玛呀，要不要这么耍我啊？？？没办法，为了互联网时代的江湖地位，微软再次重操故伎，大洒金钱，买下了hotmail电子邮箱，做了MSN即时通讯，推出了MSN新闻网站，我也要做门户！雅虎上面有的我都要有，谁也别拦着我！微软花了很多很多钱去买流量，花了很多很多精力去改进技术，但是…………臣妾做不到啊…………雅虎那丫就是免费的，咱免费也没用，那丫很酷耶，咱微软的都是技术宅，气场不对路。微软花了整整五年在和雅虎的战争上，使用人盯人的战术，耗费了他所有的精力。然后…………然后，谷歌上市了。比尔盖茨一看谷歌的财报，傻眼了。营收以火箭般的数字蹿升，发展的速度和势头马上就要超过雅虎了，原来这个搜索引擎才是互联网时代的主流技术啊。可是谷歌已经打下了一片地盘，再想摁已经摁不住了，即使微软在后来推出了bing搜索，也只能徒呼奈何…………到了今天，微软在互联网时代江河日下，谷歌和facebook大肆收购，花上百亿美元去买下新兴的技术，为的是什么？就是在押宝呀。技术在不断向前升级，哪一个方向才是未来的主流趋势呢？没有人知道。在历史上，一个公司，能够押中一次宝就可以做成大公司，押中两次宝，就可以做成伟大的公司，押中三次宝的，有且只有一个，那就是IBM。从制表机，到大型机，到个人计算机，IBM简直可以称之为“神算子”。不过，在下一次主流技术趋势明朗之前，这些科技巨头只怕每夜都要提心吊胆。太多的教训历历在目了，好一点的像微软、英特尔、IBM还有一口饭吃，命运悲催的，像诺基亚、摩托罗拉、朗讯、3com、柯达、黑莓、AOL，就这么凄凄惨惨的要被人凭吊了。对于腾讯来说，也是一样的。小马哥每天都在为这件事情而焦虑。截至目前，在国内，押中两次宝的就只有腾讯和阿里。阿里押中了淘宝和支付宝，腾讯押中了QQ和微信。在移动互联网时代，腾讯可以稍稍松一口气了，但是在下一个主流技术趋势到来的时候，还有这个好运气么？是谷歌押宝的智能互联技术吗？是facebook押宝的oculus体感技术吗？是百度发力的大数据技术吗？是腾讯现在发力的移动支付技术吗？没有人知道。如果小马哥能押中宝，那他就是神了。');
INSERT INTO youthchina.COM_RICH_TEXT (TEXT_ID, COMPILE_TYPE, JSON_CONTENT, TEXT_CONTENT)
VALUES (55, 1,
        '{"braftEditorRaw":{"blocks":[{"key":"dtj4a","text":"<转一篇职业投资者的分析文章吧。为啥知乎现在的问题都透着一股中二病气息。我早说了，腾讯厉害在于人伦。你可以卸载任何游戏软件，应用软件，你无法抛弃你的社会关系总和。腾讯的本质是什么https://xueqiu.com/4097105650/95792175上一篇文章里，我泛泛的谈了谈腾讯的战略，这篇文章来详细解读下。腾讯，从封闭抄袭转向开放合作，利用微信qq平台作为基础，一方面发展自营业务（游戏、视频、广告、云服务等），另一方面用自营业务的利润买买买，投资其余互联网公司，利用自身平台帮它们导流，成为了最大的互联网VC，本质上是互联网行业的伯克希尔。传统的产业发展有几个要素：土地、人力、资金、能源。高大上的企业需要核心区域的土地做办公楼，加工制造业需要便宜的土地办工厂；高端产业需要高水平人才，加工制造业需要廉价劳动力；企业都需要资金支持，不管是直接融资还是间接融资；社会发展需要能源，能源结构的变化会影响区域格局兴衰。互联网企业则需要一个新的要素，流量入口。流量入口的重要性仅排在人力之后，位于资金、土地和能源之前。对于互联网企业来说，几大要素里，最重要的人才这一端是开放的，没有人可以垄断；资金也到处都是，不缺；土地和能源的重要性又非常低。第二重要的流量入口，则被腾讯阿里给把持住了，而互联网又处于大发展期。历史上有类似的时刻吗？大航海时代初期，英国打败了西班牙无敌舰队，掌握了海上霸权，随即带来了300年的辉煌；二战后，石油成为了经济命脉，美国掌控了石油交易，获得了世界霸权。我认为不能仅仅从企业经营层面去看待腾讯，更应该从世界经济变迁这个更高的角度去看待。当下仅仅是这个趋势的开端。目前腾讯在做什么？拿着流量入口，去低价换取互联网创业企业的股权。14年2亿美元入股京东，如今变成了100亿美元；14年50亿收购盛大文学，组建阅文集团，如今变成了400多亿港币；13年4.48亿美元注资搜狗，如今变成了20亿美元；还有易鑫、众安等，后边还有数不完的腾讯系企业等着IPO，每年都会有几个大案子。世界上还有更暴利的赚钱方式吗？腾讯的投资模式更接近于PE，而不是VC，只找那些有较大概率成功的企业，再用流量入口和产业协同给予支持，能使投资对象在几年内就迅速做大，且成功率超高。把1块钱的东西卖给腾讯，借着微信平台，能变成3块钱。各业务板块之间会有协同反应，3块钱又变成了5块钱。现在腾讯的报表利润，是基本没有反应这些的，都是腾讯自身的经营利润。相信未来，投资收益的占比会越来越大，经营收益的占比会越来越小。但投资收益，腾讯肯定会尽量不给做到报表里边，原因后边再写。腾讯到现在为止，大概是投出去了将近2400亿的投资。如果按照5倍的收益来计算，这些资产现在值1.2万亿，腾讯自身的3.2万亿市值，减去这部分就是2万亿市值，按照今年的700亿利润，动态pe不到30倍，不算贵。在研究腾讯的时候，我想到了乐视和复星。乐视的生态化反和复星的富足健康快乐，在腾讯这里已经实现了。乐视和复星天天喊口号，为什么不见腾讯喊口号？因为没赚钱的总要吆喝两句，真赚钱是要低调的。腾讯的本质是什么？看待腾讯有四个层次：1. 社交和游戏企业2. 互联网平台型企业3. 以流量换股权的金融控股企业4. 收创业税的企业从1到4越来越不好听，但利润却是越来越厚。腾讯行的是收税之实，名义上却是个社交和游戏企业，所谓社交和游戏，是用来掩盖其收税的本质。未来但凡有互联网初创企业，想要成功，都躲不开腾讯和阿里，没有腾讯和阿里的扶持便很难成功。给腾讯或阿里股份，换取一个更高的创业成功率，何乐不为？不仅仅是互联网，腾讯和阿里的触角已经伸到了各个行业，但凡政府不限制的行业，都会慢慢成为他们的天下。收税有多赚钱？中世纪欧洲有十一税，教会赚的盆满钵满。相信有一天，腾讯的实质利润会超过80%的国家的财政收入，那可真是富可敌国了。做企业做到这个份上，已经不仅仅是企业了，肯定会牵涉到政治。所以腾讯最大的风险是什么？政治风险。腾讯和阿里的势力太大了，如果不是有强大的党和政府，我怀疑他们完全可以操控政治。所以腾讯越强大就会越低调，一定不会去宣传腾讯战略，一定会尽量避免把投资利润计入到报表里边，腾讯的报表pe也会越来越高。现在大多数人还在盯着腾讯游戏，盯着王者荣耀和吃鸡。>","type":"unstyled","depth":0,"inlineStyleRanges":[],"entityRanges":[],"data":{}}],"entityMap":{}},"previewText":"<在此填入你的文字>","resourceIdList":[]}',
        '转一篇职业投资者的分析文章吧。为啥知乎现在的问题都透着一股中二病气息。我早说了，腾讯厉害在于人伦。你可以卸载任何游戏软件，应用软件，你无法抛弃你的社会关系总和。腾讯的本质是什么https://xueqiu.com/4097105650/95792175上一篇文章里，我泛泛的谈了谈腾讯的战略，这篇文章来详细解读下。腾讯，从封闭抄袭转向开放合作，利用微信qq平台作为基础，一方面发展自营业务（游戏、视频、广告、云服务等），另一方面用自营业务的利润买买买，投资其余互联网公司，利用自身平台帮它们导流，成为了最大的互联网VC，本质上是互联网行业的伯克希尔。传统的产业发展有几个要素：土地、人力、资金、能源。高大上的企业需要核心区域的土地做办公楼，加工制造业需要便宜的土地办工厂；高端产业需要高水平人才，加工制造业需要廉价劳动力；企业都需要资金支持，不管是直接融资还是间接融资；社会发展需要能源，能源结构的变化会影响区域格局兴衰。互联网企业则需要一个新的要素，流量入口。流量入口的重要性仅排在人力之后，位于资金、土地和能源之前。对于互联网企业来说，几大要素里，最重要的人才这一端是开放的，没有人可以垄断；资金也到处都是，不缺；土地和能源的重要性又非常低。第二重要的流量入口，则被腾讯阿里给把持住了，而互联网又处于大发展期。历史上有类似的时刻吗？大航海时代初期，英国打败了西班牙无敌舰队，掌握了海上霸权，随即带来了300年的辉煌；二战后，石油成为了经济命脉，美国掌控了石油交易，获得了世界霸权。我认为不能仅仅从企业经营层面去看待腾讯，更应该从世界经济变迁这个更高的角度去看待。当下仅仅是这个趋势的开端。目前腾讯在做什么？拿着流量入口，去低价换取互联网创业企业的股权。14年2亿美元入股京东，如今变成了100亿美元；14年50亿收购盛大文学，组建阅文集团，如今变成了400多亿港币；13年4.48亿美元注资搜狗，如今变成了20亿美元；还有易鑫、众安等，后边还有数不完的腾讯系企业等着IPO，每年都会有几个大案子。世界上还有更暴利的赚钱方式吗？腾讯的投资模式更接近于PE，而不是VC，只找那些有较大概率成功的企业，再用流量入口和产业协同给予支持，能使投资对象在几年内就迅速做大，且成功率超高。把1块钱的东西卖给腾讯，借着微信平台，能变成3块钱。各业务板块之间会有协同反应，3块钱又变成了5块钱。现在腾讯的报表利润，是基本没有反应这些的，都是腾讯自身的经营利润。相信未来，投资收益的占比会越来越大，经营收益的占比会越来越小。但投资收益，腾讯肯定会尽量不给做到报表里边，原因后边再写。腾讯到现在为止，大概是投出去了将近2400亿的投资。如果按照5倍的收益来计算，这些资产现在值1.2万亿，腾讯自身的3.2万亿市值，减去这部分就是2万亿市值，按照今年的700亿利润，动态pe不到30倍，不算贵。在研究腾讯的时候，我想到了乐视和复星。乐视的生态化反和复星的富足健康快乐，在腾讯这里已经实现了。乐视和复星天天喊口号，为什么不见腾讯喊口号？因为没赚钱的总要吆喝两句，真赚钱是要低调的。腾讯的本质是什么？看待腾讯有四个层次：1. 社交和游戏企业2. 互联网平台型企业3. 以流量换股权的金融控股企业4. 收创业税的企业从1到4越来越不好听，但利润却是越来越厚。腾讯行的是收税之实，名义上却是个社交和游戏企业，所谓社交和游戏，是用来掩盖其收税的本质。未来但凡有互联网初创企业，想要成功，都躲不开腾讯和阿里，没有腾讯和阿里的扶持便很难成功。给腾讯或阿里股份，换取一个更高的创业成功率，何乐不为？不仅仅是互联网，腾讯和阿里的触角已经伸到了各个行业，但凡政府不限制的行业，都会慢慢成为他们的天下。收税有多赚钱？中世纪欧洲有十一税，教会赚的盆满钵满。相信有一天，腾讯的实质利润会超过80%的国家的财政收入，那可真是富可敌国了。做企业做到这个份上，已经不仅仅是企业了，肯定会牵涉到政治。所以腾讯最大的风险是什么？政治风险。腾讯和阿里的势力太大了，如果不是有强大的党和政府，我怀疑他们完全可以操控政治。所以腾讯越强大就会越低调，一定不会去宣传腾讯战略，一定会尽量避免把投资利润计入到报表里边，腾讯的报表pe也会越来越高。现在大多数人还在盯着腾讯游戏，盯着王者荣耀和吃鸡。');
INSERT INTO youthchina.COM_RICH_TEXT (TEXT_ID, COMPILE_TYPE, JSON_CONTENT, TEXT_CONTENT)
VALUES (56, 1,
        '{"braftEditorRaw":{"blocks":[{"key":"dtj4a","text":"<先说结论——我习惯并且主张使用支付宝为什么？我来详细说说微信极其不可思议的因为账号申诉逻辑漏洞被盗让我的400元钱跑了而且拒不承认的事情吧我以前使用的微信号是用手机注册的，绑定了QQ，绑定了声音锁，很安全对吧？ 那是我以为。2017年3月4日，我春节过完我刚刚回到学校宿舍，被子什么的都没打开所以想着就在椅子上坐着玩电脑，困了再睡，星期六嘛，也没有课，就一直玩不知不觉到了凌晨两点，突然，手机亮了，提醒我微信被人登录，我当时就是很困惑，我微信密码自己都差点忘记，也从来没有给过别人，怎么可能被登录？这不就是被盗了嘛，然后我试图登陆回来，让我用我的密保手机发送申述，很正常很安全对吧，我发了，没有任何反应，然后我慌了，开始打腾讯客服，半夜三更的哪有那么容易呢？打了好半天才找到一个，告诉我不归他管，归微信安全管，然后又不告诉我应该打哪个电话让我自己找，然后我想再试试发密保短信。WTF!!!我tm真是惊了，没见过这样的！手机绑定被取消了？没有给绑定手机发短信问是不是真的取消就直接越过我取消了？法院判决我失去所有权还要通知我一声呢？!然后我去申诉了，身份证银行卡密码姓名电话，所有的资料我都填了，这些东西能让人在校园贷贷款几十万了我都眉头不眨的填了，因为我当时还相信腾讯嘛，就像一个人拿着自己所有的身份证明不能证明自己的身份，我气笑了我乖乖的等到9点钟，一夜没睡头都要炸了还耐心的给客服讲我的事情，花了10分钟讲完了，她告诉我转给客服经理，我说好，然后这个经理要我再讲一遍，好，我又花了10分钟讲了一遍，她说了一堆废话然后让我再次登陆，然后申诉，还问我是不是电话号码记错了？我要是能把自己电话号码记错那也是我自己活该。我按她说的做了，还是失败，此时有两个消息传来，我的微信找我同学要钱，我同学给了200。后来我自己掏了200还他了，还有我自己微信钱包里的100多也没了。再后来的日子里我无数次打电话申诉，终于腾讯回了我一条信息。时隔11天给我发的短信，还是废话这条短信我到现在都没删，我提醒我自己不要再犯错误，我也劝屏幕前的你，不要再把一分钱放在微信钱包里，收到钱了马不停蹄转支付宝，一秒钟都不能耽误。我后来想明白可能是怎么被盗号的了，盗号的人先拿两个微信分别加我好友，因为我那时在学生会工作嘛，加的人非常多，根本不会注意有两个不认识的微信好友，然后在一个月深人静的夜晚，估计是想趁我睡着了，然后用找回密码的好友辅助申述，直接获取我的微信，然后进去之后就没有绑定的任何东西了，什么电话QQ邮箱声音锁，腾讯通通“贴心”的帮你解开，然后还告诉你要重新绑定哦，然后盗号者绑定自己的电话，然后我再也没有机会申诉成功。这应该算产品经理的锅了吧？这应该是bug了吧？我也不知道时隔一年半修复了没有，我也不知道那个盗号者用这种手段抢了多少钱，我也报警了，但学校里的警察说根本没什么希望，除非抓到人了他自己承认。故事讲完了，现在你知道我站哪边了吧？我打了近30分钟的电话反复交涉，腾讯不仅不承认是“盗号”行为，而且客服说的都是“您遗失了您的账号”。还有质疑我支付密码怎么没有起作用的，再说一遍申诉成功后所有密码都被新的密保手机重置了!包括登陆密码绑定手机号QQ号声音锁绑定邮箱以及支付密码!还有质疑我为什么截图的，我截图就是想证明这个不可思议的操作，给腾讯客服当证据，谁知道人根本不看啊。还有质疑我编故事的，我要是能编这么真我还只有这点粉?我总共回答了36个问题写了8篇文章，除了这个答案，最高的赞也才37个，总共才不到两百个赞，我要是能有这编故事的水平我至于这么惨?我结尾说故事讲完了，就是为了告诉你们这事是多么多么不可思议好吗？>","type":"unstyled","depth":0,"inlineStyleRanges":[],"entityRanges":[],"data":{}}],"entityMap":{}},"previewText":"<在此填入你的文字>","resourceIdList":[]}',
        '先说结论——我习惯并且主张使用支付宝为什么？我来详细说说微信极其不可思议的因为账号申诉逻辑漏洞被盗让我的400元钱跑了而且拒不承认的事情吧我以前使用的微信号是用手机注册的，绑定了QQ，绑定了声音锁，很安全对吧？ 那是我以为。2017年3月4日，我春节过完我刚刚回到学校宿舍，被子什么的都没打开所以想着就在椅子上坐着玩电脑，困了再睡，星期六嘛，也没有课，就一直玩不知不觉到了凌晨两点，突然，手机亮了，提醒我微信被人登录，我当时就是很困惑，我微信密码自己都差点忘记，也从来没有给过别人，怎么可能被登录？这不就是被盗了嘛，然后我试图登陆回来，让我用我的密保手机发送申述，很正常很安全对吧，我发了，没有任何反应，然后我慌了，开始打腾讯客服，半夜三更的哪有那么容易呢？打了好半天才找到一个，告诉我不归他管，归微信安全管，然后又不告诉我应该打哪个电话让我自己找，然后我想再试试发密保短信。WTF!!!我tm真是惊了，没见过这样的！手机绑定被取消了？没有给绑定手机发短信问是不是真的取消就直接越过我取消了？法院判决我失去所有权还要通知我一声呢？!然后我去申诉了，身份证银行卡密码姓名电话，所有的资料我都填了，这些东西能让人在校园贷贷款几十万了我都眉头不眨的填了，因为我当时还相信腾讯嘛，就像一个人拿着自己所有的身份证明不能证明自己的身份，我气笑了我乖乖的等到9点钟，一夜没睡头都要炸了还耐心的给客服讲我的事情，花了10分钟讲完了，她告诉我转给客服经理，我说好，然后这个经理要我再讲一遍，好，我又花了10分钟讲了一遍，她说了一堆废话然后让我再次登陆，然后申诉，还问我是不是电话号码记错了？我要是能把自己电话号码记错那也是我自己活该。我按她说的做了，还是失败，此时有两个消息传来，我的微信找我同学要钱，我同学给了200。后来我自己掏了200还他了，还有我自己微信钱包里的100多也没了。再后来的日子里我无数次打电话申诉，终于腾讯回了我一条信息。时隔11天给我发的短信，还是废话这条短信我到现在都没删，我提醒我自己不要再犯错误，我也劝屏幕前的你，不要再把一分钱放在微信钱包里，收到钱了马不停蹄转支付宝，一秒钟都不能耽误。我后来想明白可能是怎么被盗号的了，盗号的人先拿两个微信分别加我好友，因为我那时在学生会工作嘛，加的人非常多，根本不会注意有两个不认识的微信好友，然后在一个月深人静的夜晚，估计是想趁我睡着了，然后用找回密码的好友辅助申述，直接获取我的微信，然后进去之后就没有绑定的任何东西了，什么电话QQ邮箱声音锁，腾讯通通“贴心”的帮你解开，然后还告诉你要重新绑定哦，然后盗号者绑定自己的电话，然后我再也没有机会申诉成功。这应该算产品经理的锅了吧？这应该是bug了吧？我也不知道时隔一年半修复了没有，我也不知道那个盗号者用这种手段抢了多少钱，我也报警了，但学校里的警察说根本没什么希望，除非抓到人了他自己承认。故事讲完了，现在你知道我站哪边了吧？我打了近30分钟的电话反复交涉，腾讯不仅不承认是“盗号”行为，而且客服说的都是“您遗失了您的账号”。还有质疑我支付密码怎么没有起作用的，再说一遍申诉成功后所有密码都被新的密保手机重置了!包括登陆密码绑定手机号QQ号声音锁绑定邮箱以及支付密码!还有质疑我为什么截图的，我截图就是想证明这个不可思议的操作，给腾讯客服当证据，谁知道人根本不看啊。还有质疑我编故事的，我要是能编这么真我还只有这点粉?我总共回答了36个问题写了8篇文章，除了这个答案，最高的赞也才37个，总共才不到两百个赞，我要是能有这编故事的水平我至于这么惨?我结尾说故事讲完了，就是为了告诉你们这事是多么多么不可思议好吗？');
INSERT INTO youthchina.COM_RICH_TEXT (TEXT_ID, COMPILE_TYPE, JSON_CONTENT, TEXT_CONTENT)
VALUES (57, 1,
        '{"braftEditorRaw":{"blocks":[{"key":"dtj4a","text":"<客服经理工作经验三年的人来告诉你，这客服系统不但有问题，还有大问题，主管部门可以直接炒鱿鱼，永远别干这个岗位了。经理部门可以去死一死了。1，为什么会出现报警人已经把事情说得很严重了，客服还说等一个小时？该公司经过几次三番的事件后，还是没有吸取教训，没有紧急预案。上级部门不授权，下级部门不敢提供负责人电话，不敢泄露司机车牌。2，为什么不能直接提供主管部门电话，而让报警人一直等？主管部门吃屎的。还是那句话，出了事情之后，滴滴还是没能拎出来一个直接负责人。别跟我说什么安全专家，专家你妈逼啊，你给老子直接任职一个安全主管，出了事，主管电话甩出去，直接联系用户。警方要车牌，要司机信息，要乘车人信息？给给给！！！你他妈的，谁平日里没事报假警玩儿呢？再说呢，万无一失，人命关天。真搞错了，谁背锅？滴滴啊！！！公司你他妈开的，兜这点小事都兜不住？我告诉你，我待过两个公司，只要有必要，用户还能直接联系上总裁和老板。滴滴垃圾公司，摆什么高姿态。3，为什么司机两天前已经被投诉还能接单！这跟客服部有关系吗？还是有关系啊，上报通道是被封了吗？如果没有，为什么报上去还是没有处理，任司机作恶。事情分轻重缓急，安全分一二三等。到了这么严重的事情，审核时间缩短，72小时的给缩短到24小时，像这种有犯罪嫌疑的，直接一个小时审核完毕！该封号就封号，该给公安机关备案就备案。总的来说，滴滴太垃圾了。别说安全事故！我还在客服主管岗位的时候，五一国庆春节，都会提前把部门相关负责人联系方式发送给全公司的人，授权下级部门，紧急事件直接联系我，可以直接提供我的电话给用户。我干的可不是什么会人命关天的工作！只是电商客服部。一个公司，摆出大姿态最恶心！人命关天都拿不出一个主管的电话？去你妈的吧。针对评论区说，泄露司机车牌或者电话怕遭到报复的问题。滴滴真泄露给报警人很蠢！但是别瞎洗地了行吗？主管部门可以把信息直接给警方，给警方，给警方！不是给报警人！滴滴道歉了，我来补充一下。这世上，最无用之事。莫过于事前猪一样，事后诸葛亮。#女子搭乘滴滴顺风车遇害#登上各大网站热门不到一小时，滴滴就发出了道歉声明。针对大众质疑的点，每一条都有逻辑清晰的回复。多讽刺啊，报警人报警时，他们要求等待一个小时又一个小时。出了事，他们根本不用一个小时就开完了会，作出了七百多个字的道歉声明。你以为他们处理事情很慢，他们只是懒政罢了。而他们不懂，无论是任何行业的用户，需要的从来都是解决问题，而不是虚情假意的道歉。滴滴一宗罪：外包的客服团队滴滴的道歉声明最让我生气的一点，他们说，事情发生后，他们第一时间配合警方，14个小时就破了案。特意强调花了多短的时间。怎么？要我们夸你么？什么时候才懂，我们要的是不出人命，不是你破案有多快。据我所知，滴滴的客服部门是外包的。外包是很多公司喜欢用的，出固定的钱，比如说一个客服给出3500的工资，其他的，我不管，培训你自己负责，吃住待遇五险一金你自己负责。更方便的一点，如果有客服休产假之类的，总公司不会负责只需要外包公司能够找人顶上就行了请外包可以避免产生很多劳动纠纷，简单来说就是少操不少心。但这种方式，最大的问题就是。外包团队会形似"外人"，假如不在一个地方办公，那就更大程度的跟总公司产生企业文化的分割，信息交流的障碍。像滴滴这种公司，肯定是有自己的pr团队，所以面对热搜，能够第一时间做出响应。这批人，跟客服团队不是同一批人，所以明白了吗？可是，面对一对一的用户事件。偏偏又是这种没有权力的一线客服。所以，永远只会说，亲，不要着急哦，我们再解决了哦，亲您别生气哦。亲尼玛币，废物。解决不了问题，干嘛不直接用机器人，用人来扯淡吗。会选择客服团队的公司，1省钱，2省事，3省力。我不是完全否认这种外包方式。假如说，某个公司是网游公司，只需要负责给用户解答一些基本问题，那就很适合外包。再比如，同样是电商自营公司。经营女装的就适合客服外包，电器的就不适合。为什么？衣服最多褪色，码数不对，线头。但是，电器可能涉及到安全问题，例如爆炸自燃等。跟安全相关，而且高客单价，客服部门也需要掌握产品销售出去之后的售后问题。像滴滴这种公司，安全事故不是一起两起了，别说人命。打车也有司机和乘客不对付的事，轻了拌嘴，重了斗殴。滴滴，既然挣了这份钱，这些事，都是他们应该解决的。滴滴二宗罪：为什么会出现司机被投诉了还能接单的情况？据我的回忆，这不是第一次。之前也有出现过类似情况。关于这件事，滴滴部门承认，自己承诺2小时回复，但是他们忘了。忘了？多好笑。其实对于客服经常会忘记一些问题，还在客服这个岗位来说还真是挺常见的。以前我工作的时候，还出现过忘记半个月的事。但是，为了解决这个问题。当时我待的公司，总裁，老板都非常重视。最后咋解决的呢？公司工程师(就是写代码的部门)，协助客服部做了一个售后系统。客服在系统里录入售后问题，客户信息。需要日清才能下班。滴滴三宗罪：推卸责任滴滴对于自己解释需要一个小时的处理时间和忘了处理司机的事情理由是，每天接到很多类似的反馈，无法分辨真假。简单解读一下，1，我们太忙了。2，我怎么知道他说的是真是假？现在我来反驳一下！1，类似问题太多。他妈的能多到哪里去？一个客服工资最多不会超过5000，二三线不超过4000。你滴滴专门正一个部门，就安排十个人在哪里接紧急电话，统计安全问题。难么？2，分辨不出来。如果，一个小小客服，拿着月薪3500，他说分辨不出来。好，我觉得可以理解。但是，一个负责人说，他分不出来。分不出来？那你待在这个位置，是来混日子的？基本的分辨能力都没有，潜规则上位的？操不了这个心，配做什么主管。就算你分辨不出来，还有一个笨办法。管他真的假的，统统核实统统处理。别和我说增加多大成本了，客服工资能低到你怀疑人生。还有一个情况，就是可能一线客服没有上报。但是，这个问题，问题还是在管理层。可能，主管部门觉得，每天这么杂七杂八的事情太多，每一个都处理太花时间。所以，告诉客服，假如不是特别紧急就正常上报。正常，大概就是72小时处理那种程度咯？那怎么是紧急呢？客服就无法分辨了啊，报错了说不好还被批评，那还是按着不说吧，除非出人命。滴滴四宗罪：主管部门的不作为假如，滴滴客服收到报警人的诉求后第一时间配合了警方，受害者也许不会遇害。滴滴所有的聪明和迅速，都是在事态严重后。你知道，一个公司的一线客服接到一个紧急电话，该部门需要多久能知道吗？答案是30秒。1，客服可以把头一偏，直接告诉旁边的主管。很多大公司总裁都没有独立办公室，别说主管。部门主管通常跟下属坐在一起。2，就算主管有独立办公室，那么更快。微信3秒，QQ3秒，电话30秒。接到紧急事件，需要多久处理呢？答案是不超过10分钟。从自己的工位走到总裁办公室商量对策，不会需要多久的。总裁会拒绝处理吗？会拒绝的人没办法当上总裁。3，用户要求负责人联系方式，需要多久？答案是一分钟。11个数字，不管是打字还是语音输出，会超过一分钟吗？更别说，负责人可以立刻马上联系用户。所以，搞清楚了吗？一个企业文化有问题的公司，把一线客服的岗位外包了。所以，当你第一时间反馈得不到结果很正常。因为，外包客服还得一级一级报上去。毕竟权限不够，也没办法感知公司只是想敷衍这些投诉呢，还是说想认真从用户的发声逐步改进。一个三番五次出问题还得不到教训的公司。企业文化里是没有事事以用户为先的。更分辨不出什么是人命关天。他们只需要养过几个pr，能第一时间发稿件，登门拜访，息事宁人即可。他们怎么懂，用户不想看你的道歉不稀罕你登门拜访，只是想安全出行。滴滴，麻烦你去死一死。说警方不作为的，看 @吴开拓 答案。>","type":"unstyled","depth":0,"inlineStyleRanges":[],"entityRanges":[],"data":{}}],"entityMap":{}},"previewText":"<在此填入你的文字>","resourceIdList":[]}',
        '客服经理工作经验三年的人来告诉你，这客服系统不但有问题，还有大问题，主管部门可以直接炒鱿鱼，永远别干这个岗位了。经理部门可以去死一死了。1，为什么会出现报警人已经把事情说得很严重了，客服还说等一个小时？该公司经过几次三番的事件后，还是没有吸取教训，没有紧急预案。上级部门不授权，下级部门不敢提供负责人电话，不敢泄露司机车牌。2，为什么不能直接提供主管部门电话，而让报警人一直等？主管部门吃屎的。还是那句话，出了事情之后，滴滴还是没能拎出来一个直接负责人。别跟我说什么安全专家，专家你妈逼啊，你给老子直接任职一个安全主管，出了事，主管电话甩出去，直接联系用户。警方要车牌，要司机信息，要乘车人信息？给给给！！！你他妈的，谁平日里没事报假警玩儿呢？再说呢，万无一失，人命关天。真搞错了，谁背锅？滴滴啊！！！公司你他妈开的，兜这点小事都兜不住？我告诉你，我待过两个公司，只要有必要，用户还能直接联系上总裁和老板。滴滴垃圾公司，摆什么高姿态。3，为什么司机两天前已经被投诉还能接单！这跟客服部有关系吗？还是有关系啊，上报通道是被封了吗？如果没有，为什么报上去还是没有处理，任司机作恶。事情分轻重缓急，安全分一二三等。到了这么严重的事情，审核时间缩短，72小时的给缩短到24小时，像这种有犯罪嫌疑的，直接一个小时审核完毕！该封号就封号，该给公安机关备案就备案。总的来说，滴滴太垃圾了。别说安全事故！我还在客服主管岗位的时候，五一国庆春节，都会提前把部门相关负责人联系方式发送给全公司的人，授权下级部门，紧急事件直接联系我，可以直接提供我的电话给用户。我干的可不是什么会人命关天的工作！只是电商客服部。一个公司，摆出大姿态最恶心！人命关天都拿不出一个主管的电话？去你妈的吧。针对评论区说，泄露司机车牌或者电话怕遭到报复的问题。滴滴真泄露给报警人很蠢！但是别瞎洗地了行吗？主管部门可以把信息直接给警方，给警方，给警方！不是给报警人！滴滴道歉了，我来补充一下。这世上，最无用之事。莫过于事前猪一样，事后诸葛亮。#女子搭乘滴滴顺风车遇害#登上各大网站热门不到一小时，滴滴就发出了道歉声明。针对大众质疑的点，每一条都有逻辑清晰的回复。多讽刺啊，报警人报警时，他们要求等待一个小时又一个小时。出了事，他们根本不用一个小时就开完了会，作出了七百多个字的道歉声明。你以为他们处理事情很慢，他们只是懒政罢了。而他们不懂，无论是任何行业的用户，需要的从来都是解决问题，而不是虚情假意的道歉。滴滴一宗罪：外包的客服团队滴滴的道歉声明最让我生气的一点，他们说，事情发生后，他们第一时间配合警方，14个小时就破了案。特意强调花了多短的时间。怎么？要我们夸你么？什么时候才懂，我们要的是不出人命，不是你破案有多快。据我所知，滴滴的客服部门是外包的。外包是很多公司喜欢用的，出固定的钱，比如说一个客服给出3500的工资，其他的，我不管，培训你自己负责，吃住待遇五险一金你自己负责。更方便的一点，如果有客服休产假之类的，总公司不会负责只需要外包公司能够找人顶上就行了请外包可以避免产生很多劳动纠纷，简单来说就是少操不少心。但这种方式，最大的问题就是。外包团队会形似"外人"，假如不在一个地方办公，那就更大程度的跟总公司产生企业文化的分割，信息交流的障碍。像滴滴这种公司，肯定是有自己的pr团队，所以面对热搜，能够第一时间做出响应。这批人，跟客服团队不是同一批人，所以明白了吗？可是，面对一对一的用户事件。偏偏又是这种没有权力的一线客服。所以，永远只会说，亲，不要着急哦，我们再解决了哦，亲您别生气哦。亲尼玛币，废物。解决不了问题，干嘛不直接用机器人，用人来扯淡吗。会选择客服团队的公司，1省钱，2省事，3省力。我不是完全否认这种外包方式。假如说，某个公司是网游公司，只需要负责给用户解答一些基本问题，那就很适合外包。再比如，同样是电商自营公司。经营女装的就适合客服外包，电器的就不适合。为什么？衣服最多褪色，码数不对，线头。但是，电器可能涉及到安全问题，例如爆炸自燃等。跟安全相关，而且高客单价，客服部门也需要掌握产品销售出去之后的售后问题。像滴滴这种公司，安全事故不是一起两起了，别说人命。打车也有司机和乘客不对付的事，轻了拌嘴，重了斗殴。滴滴，既然挣了这份钱，这些事，都是他们应该解决的。滴滴二宗罪：为什么会出现司机被投诉了还能接单的情况？据我的回忆，这不是第一次。之前也有出现过类似情况。关于这件事，滴滴部门承认，自己承诺2小时回复，但是他们忘了。忘了？多好笑。其实对于客服经常会忘记一些问题，还在客服这个岗位来说还真是挺常见的。以前我工作的时候，还出现过忘记半个月的事。但是，为了解决这个问题。当时我待的公司，总裁，老板都非常重视。最后咋解决的呢？公司工程师(就是写代码的部门)，协助客服部做了一个售后系统。客服在系统里录入售后问题，客户信息。需要日清才能下班。滴滴三宗罪：推卸责任滴滴对于自己解释需要一个小时的处理时间和忘了处理司机的事情理由是，每天接到很多类似的反馈，无法分辨真假。简单解读一下，1，我们太忙了。2，我怎么知道他说的是真是假？现在我来反驳一下！1，类似问题太多。他妈的能多到哪里去？一个客服工资最多不会超过5000，二三线不超过4000。你滴滴专门正一个部门，就安排十个人在哪里接紧急电话，统计安全问题。难么？2，分辨不出来。如果，一个小小客服，拿着月薪3500，他说分辨不出来。好，我觉得可以理解。但是，一个负责人说，他分不出来。分不出来？那你待在这个位置，是来混日子的？基本的分辨能力都没有，潜规则上位的？操不了这个心，配做什么主管。就算你分辨不出来，还有一个笨办法。管他真的假的，统统核实统统处理。别和我说增加多大成本了，客服工资能低到你怀疑人生。还有一个情况，就是可能一线客服没有上报。但是，这个问题，问题还是在管理层。可能，主管部门觉得，每天这么杂七杂八的事情太多，每一个都处理太花时间。所以，告诉客服，假如不是特别紧急就正常上报。正常，大概就是72小时处理那种程度咯？那怎么是紧急呢？客服就无法分辨了啊，报错了说不好还被批评，那还是按着不说吧，除非出人命。滴滴四宗罪：主管部门的不作为假如，滴滴客服收到报警人的诉求后第一时间配合了警方，受害者也许不会遇害。滴滴所有的聪明和迅速，都是在事态严重后。你知道，一个公司的一线客服接到一个紧急电话，该部门需要多久能知道吗？答案是30秒。1，客服可以把头一偏，直接告诉旁边的主管。很多大公司总裁都没有独立办公室，别说主管。部门主管通常跟下属坐在一起。2，就算主管有独立办公室，那么更快。微信3秒，QQ3秒，电话30秒。接到紧急事件，需要多久处理呢？答案是不超过10分钟。从自己的工位走到总裁办公室商量对策，不会需要多久的。总裁会拒绝处理吗？会拒绝的人没办法当上总裁。3，用户要求负责人联系方式，需要多久？答案是一分钟。11个数字，不管是打字还是语音输出，会超过一分钟吗？更别说，负责人可以立刻马上联系用户。所以，搞清楚了吗？一个企业文化有问题的公司，把一线客服的岗位外包了。所以，当你第一时间反馈得不到结果很正常。因为，外包客服还得一级一级报上去。毕竟权限不够，也没办法感知公司只是想敷衍这些投诉呢，还是说想认真从用户的发声逐步改进。一个三番五次出问题还得不到教训的公司。企业文化里是没有事事以用户为先的。更分辨不出什么是人命关天。他们只需要养过几个pr，能第一时间发稿件，登门拜访，息事宁人即可。他们怎么懂，用户不想看你的道歉不稀罕你登门拜访，只是想安全出行。滴滴，麻烦你去死一死。说警方不作为的，看 @吴开拓 答案。');
INSERT INTO youthchina.COM_RICH_TEXT (TEXT_ID, COMPILE_TYPE, JSON_CONTENT, TEXT_CONTENT)
VALUES (58, 1,
        '{"braftEditorRaw":{"blocks":[{"key":"dtj4a","text":"<去年寒假从乌鲁木齐去兰州 到兰州火车站的时候是晚上十一点半 我找不到订的酒店 打了个黑车司机把我搁半路了 真是急的我都快哭了 然后碰到一个已经休班的出租车司机大叔 他说先上车 我上车以后给他看酒店地址 他说你一小姑娘怎么订这么偏的地儿啊 我说我之前也不清楚啊 我第一次来 然后再没有交谈 直到他把我送到酒店楼下 他说 我觉得这酒店开这么偏僻有点不对劲 你先上去 我在楼下等你 如果你觉得不对劲你就赶紧跑出来喊我 如果没问题你就是在楼上给我招招手 等我开好房间 往下看的时候 大叔倚着车门安静的等着 我赶紧冲他招招手 才看到他放心的离去 那时快凌晨一点 外面零下七度>","type":"unstyled","depth":0,"inlineStyleRanges":[],"entityRanges":[],"data":{}}],"entityMap":{}},"previewText":"<在此填入你的文字>","resourceIdList":[]}',
        '去年寒假从乌鲁木齐去兰州 到兰州火车站的时候是晚上十一点半 我找不到订的酒店 打了个黑车司机把我搁半路了 真是急的我都快哭了 然后碰到一个已经休班的出租车司机大叔 他说先上车 我上车以后给他看酒店地址 他说你一小姑娘怎么订这么偏的地儿啊 我说我之前也不清楚啊 我第一次来 然后再没有交谈 直到他把我送到酒店楼下 他说 我觉得这酒店开这么偏僻有点不对劲 你先上去 我在楼下等你 如果你觉得不对劲你就赶紧跑出来喊我 如果没问题你就是在楼上给我招招手 等我开好房间 往下看的时候 大叔倚着车门安静的等着 我赶紧冲他招招手 才看到他放心的离去 那时快凌晨一点 外面零下七度');
INSERT INTO youthchina.COM_RICH_TEXT (TEXT_ID, COMPILE_TYPE, JSON_CONTENT, TEXT_CONTENT)
VALUES (59, 1,
        '{"braftEditorRaw":{"blocks":[{"key":"dtj4a","text":"<虽然事情已经过去一周，但是一想起那个快车司机，我还是会不由自主地抖。上周到杭州玩，晚上10点钟从朋友家回酒店，只有1公里，但因为下大雨所以朋友帮我叫了快车。上车后我坐后排，司机说订车的是个男的啊，我说是我朋友订的，他问我老家是哪里，我说北京，也没注意他有什么变化。接着就到酒店楼下了，我要下车却发现门打不开。司机问我，是不是1个人来杭州，我发现事情不对劲了，一瞬间心慌的要死，想到了很多种可能被凶杀的惨状。我说2个人，朋友在酒店等我，我要赶紧回去。司机说，不行，你把你的电话号码给我，以后来杭州的话，可以找我玩。我让他报电话号码，因为一直和朋友聊天，所以我把电话号码发给朋友后才给司机打了个电话，并且让朋友来救我。司机的手机响了，我说我下车啦以后常联系，但他还是不开门，我心里吓得要命却丝毫不敢表现在脸上。司机说，要不我们现在就吃个饭吧。我特真诚地对他说，明天吃吧今天太饱了。然后推车门还是推不开，此刻，我心里已经在滴血了。司机继续舔着那张胡子拉碴的脸，说，你陪到床上我玩玩吧。还好我的眼睛小，不然眼珠子可能当场就蹦出来了，而这个时候，朋友居然在微信问我怎么了，是不是走丢了。我好害怕他会钻到后排来，吓得快要绝望了，但还是强忍着情绪和他说，好啊，我们去楼上吧，我朋友喜欢3个人一起玩。他面露欣喜之色把门打开，我简直跑得比色戒里的易先生还快，躲在麦当劳里哭，不敢出来。虽然已经过去1周了，但是想起这次不到2分钟的打车经历，还是会后怕的不行。如果我跟他实话实说我是一个人住酒店我会不会出问题，如果我表现出怕他我会不会出问题，如果我当时骂他我会不会出问题……幸运的是，我没有遭受到实际伤害，后来朋友投诉了那位司机，报警后警察迅速出警，滴滴也对司机做出封号处理。但是滴滴在快车司机监管方面真的是存在问题的，希望滴滴能在快车司机审核上多用点心。我坐过2次滴滴快车，第一次坐的时候司机在车上放黄片，还没到终点我就假装下车拉肚子了，然后第二次遇到这种流氓。虽然滴滴后来把这个车主封号了，但是司机和滴滴司机车主明显不是一个人。这次正主被投诉封号，不知道正主和这位流氓司机会不会心里记仇再次进入快车行业后报复其他女乘客。希望滴滴在快车司机方面监管能够严格一点，比如做到一车牌号、一驾驶证、一身份证绑定，如果被封号以后就不能再做快车司机，这样，就算流氓司机有再多车，也能被身份证卡住。同时，也打击下一车多人用的情况。假如有3个人共用1辆车跑快车，就算这辆车因为骚扰乘客被封了，3个人也能用下一个人的车继续开快车赚钱。对滴滴来说司机又多了一位，但是对女乘客来说，隐形的风险增加了好多好多。而且，这还是春天，大家都穿着大衣呢，到夏天的话女生坐车会面临更多问题。想想都害怕。最后，女生外出一定要注意安全，保护个人隐私，坐车不要和司机聊太多关于个人的事情。打车尽量打出租车，比快车稍微靠谱点。我现在仍然对陌生男性充满了恐惧，不知道这心里阴影什么时候才能消除，哎。补充下：我有证据，不然滴滴也不会轻易地给司机封号。写这篇文章主要是想在知乎记录下我的经历，如果能提醒到女生注意打车安全就更好了。当然也希望滴滴快车能在保护女乘客方面多投入点心思>","type":"unstyled","depth":0,"inlineStyleRanges":[],"entityRanges":[],"data":{}}],"entityMap":{}},"previewText":"<在此填入你的文字>","resourceIdList":[]}',
        '虽然事情已经过去一周，但是一想起那个快车司机，我还是会不由自主地抖。上周到杭州玩，晚上10点钟从朋友家回酒店，只有1公里，但因为下大雨所以朋友帮我叫了快车。上车后我坐后排，司机说订车的是个男的啊，我说是我朋友订的，他问我老家是哪里，我说北京，也没注意他有什么变化。接着就到酒店楼下了，我要下车却发现门打不开。司机问我，是不是1个人来杭州，我发现事情不对劲了，一瞬间心慌的要死，想到了很多种可能被凶杀的惨状。我说2个人，朋友在酒店等我，我要赶紧回去。司机说，不行，你把你的电话号码给我，以后来杭州的话，可以找我玩。我让他报电话号码，因为一直和朋友聊天，所以我把电话号码发给朋友后才给司机打了个电话，并且让朋友来救我。司机的手机响了，我说我下车啦以后常联系，但他还是不开门，我心里吓得要命却丝毫不敢表现在脸上。司机说，要不我们现在就吃个饭吧。我特真诚地对他说，明天吃吧今天太饱了。然后推车门还是推不开，此刻，我心里已经在滴血了。司机继续舔着那张胡子拉碴的脸，说，你陪到床上我玩玩吧。还好我的眼睛小，不然眼珠子可能当场就蹦出来了，而这个时候，朋友居然在微信问我怎么了，是不是走丢了。我好害怕他会钻到后排来，吓得快要绝望了，但还是强忍着情绪和他说，好啊，我们去楼上吧，我朋友喜欢3个人一起玩。他面露欣喜之色把门打开，我简直跑得比色戒里的易先生还快，躲在麦当劳里哭，不敢出来。虽然已经过去1周了，但是想起这次不到2分钟的打车经历，还是会后怕的不行。如果我跟他实话实说我是一个人住酒店我会不会出问题，如果我表现出怕他我会不会出问题，如果我当时骂他我会不会出问题……幸运的是，我没有遭受到实际伤害，后来朋友投诉了那位司机，报警后警察迅速出警，滴滴也对司机做出封号处理。但是滴滴在快车司机监管方面真的是存在问题的，希望滴滴能在快车司机审核上多用点心。我坐过2次滴滴快车，第一次坐的时候司机在车上放黄片，还没到终点我就假装下车拉肚子了，然后第二次遇到这种流氓。虽然滴滴后来把这个车主封号了，但是司机和滴滴司机车主明显不是一个人。这次正主被投诉封号，不知道正主和这位流氓司机会不会心里记仇再次进入快车行业后报复其他女乘客。希望滴滴在快车司机方面监管能够严格一点，比如做到一车牌号、一驾驶证、一身份证绑定，如果被封号以后就不能再做快车司机，这样，就算流氓司机有再多车，也能被身份证卡住。同时，也打击下一车多人用的情况。假如有3个人共用1辆车跑快车，就算这辆车因为骚扰乘客被封了，3个人也能用下一个人的车继续开快车赚钱。对滴滴来说司机又多了一位，但是对女乘客来说，隐形的风险增加了好多好多。而且，这还是春天，大家都穿着大衣呢，到夏天的话女生坐车会面临更多问题。想想都害怕。最后，女生外出一定要注意安全，保护个人隐私，坐车不要和司机聊太多关于个人的事情。打车尽量打出租车，比快车稍微靠谱点。我现在仍然对陌生男性充满了恐惧，不知道这心里阴影什么时候才能消除，哎。补充下：我有证据，不然滴滴也不会轻易地给司机封号。写这篇文章主要是想在知乎记录下我的经历，如果能提醒到女生注意打车安全就更好了。当然也希望滴滴快车能在保护女乘客方面多投入点心思');
INSERT INTO youthchina.COM_RICH_TEXT (TEXT_ID, COMPILE_TYPE, JSON_CONTENT, TEXT_CONTENT)
VALUES (60, 1,
        '{"braftEditorRaw":{"blocks":[{"key":"dtj4a","text":"<ofo这个回应很无力而且没有用。可以说目前ofo所有回应和诉讼准备都在腾讯的计划范围内。既然如此，那目前的工作都是没用的了。我说个案例。小米刚卖手机的时候，有很多吃瓜群众说小米卖不出去，宣传造假，黎万强就很轻松的秀了一下支付宝的余额和交易记录，然后就没人再认为小米造假了。ofo至今没有拿出一条硬证据回应腾讯，这其实很危险。ofo的对象并不是腾讯，而是挤兑用户和供应商。推荐ofo团队重读《钱商》，这可是首辅大人力推的书。如果我负责此事，我会贴一张ofo公司账户的现金余额出来辟谣。但是，恐怕ofo已经拿不出来这种证据了。历史上出了这种事只顾着diss媒体的公司都没好下场，比如尔康制药，比如欣泰电气，比如蓝田股份，比如银广厦。所以，到目前为止，ofo的做法可以打负分，我已经预感到腾讯花样吊打马上就要来了。>","type":"unstyled","depth":0,"inlineStyleRanges":[],"entityRanges":[],"data":{}}],"entityMap":{}},"previewText":"<在此填入你的文字>","resourceIdList":[]}',
        'ofo这个回应很无力而且没有用。可以说目前ofo所有回应和诉讼准备都在腾讯的计划范围内。既然如此，那目前的工作都是没用的了。我说个案例。小米刚卖手机的时候，有很多吃瓜群众说小米卖不出去，宣传造假，黎万强就很轻松的秀了一下支付宝的余额和交易记录，然后就没人再认为小米造假了。ofo至今没有拿出一条硬证据回应腾讯，这其实很危险。ofo的对象并不是腾讯，而是挤兑用户和供应商。推荐ofo团队重读《钱商》，这可是首辅大人力推的书。如果我负责此事，我会贴一张ofo公司账户的现金余额出来辟谣。但是，恐怕ofo已经拿不出来这种证据了。历史上出了这种事只顾着diss媒体的公司都没好下场，比如尔康制药，比如欣泰电气，比如蓝田股份，比如银广厦。所以，到目前为止，ofo的做法可以打负分，我已经预感到腾讯花样吊打马上就要来了。');
INSERT INTO youthchina.COM_RICH_TEXT (TEXT_ID, COMPILE_TYPE, JSON_CONTENT, TEXT_CONTENT)
VALUES (61, 1,
        '{"braftEditorRaw":{"blocks":[{"key":"dtj4a","text":"<6月离职的我来说一波。。。先匿了。。。从MBB离职，加入滴滴战略部。因为柳小姐和其他高层的背景，所以投行和咨询的人选特别受欢迎。满心欢喜的我顶着冬日的寒风，从上海跑到了马连洼这个鸟不拉屎的地方。从动了从滴滴离职的念头到真正离开，就两周，主要可以总结成一下几点吧：工作效率。至少在战略部我看到的效率没这么高，很多人早上10点多才到办公室，洗洗杯子，买个咖啡，然后准备吃午饭，吃完休息一会儿，快两点才开始上班，工作没多少会儿，6:30去拿饭（公司有晚餐），然后回位置上坐一会儿，下班走人。加班问题。诚如上面所说，有划水度过一天的人，也有我这样苦逼的人。我的工作时间基本上早10晚11。甚至开会到12点也是有的。周六日老大也会不分时间的在钉钉群里说工作。我的老大是个背景相当不错的人，之前在大的投行和PE都做过，他每天的日程和我第一条写的差不多，但是我们下面的人呢，就比较苦逼了，比如我有一次周五约了饭三里屯，不到7点走掉了，然后在钉钉上给我喷了一通，嫌我走得早，OK，我理解，大概西二旗不理解Friday Night这种东西。有好几次手里的活已经交付完毕了，8点多走了，又说“你应该给自己找点活干”“你就不会学习一下别的业务”，此人在晋升答辩里，甚至让团队里其他小伙伴帮他做了他的晋升答辩PPT，辣鸡。我是一个效率至上的人，非常反对无(bu)意(gei)义（qian）的加班公司内部团队的协同。滴滴内部和阿里是差不多的（我听说的，不确定），很多团队之间是抢项目的，因为滴滴的业务除了按产品线分为大家熟知的快车，优步，优享，专车，豪华车，企业级，顺风车，小巴，还会分司机端（B端）和乘客端（C端），城市运营，大区什么的，我到走也没弄清楚。这就导致了很多团队有天然的利益冲突。往往一个项目还没有立起来的时候，太多的团队就已经牵扯进来了，然后开始各种无意义的漫长讨（si）论（bi）。我甚至见到过A团队认为项目可行性太低，否掉了B团队的想法，然后自己另起炉灶重新做同一个项目，为此，B组leader在将近100人的钉钉群里大骂脏话。人才训练和培养。我从来不敢说自己是个人才哈，但我认为在滴滴，很多team leader包括我自己的leader根本不懂怎么带新人。我刚去的时候就被莫名奇妙的拉到一个项目上，然后丢给你一份PPT，让你照猫画虎，那时候公司自己每天出的数据里我很多参数还都看不懂，就开始做项目了。第一个项目做得我是一头雾水，跟leader小小的反映了一下，他说我觉得以你的背景，应该一下就能弄明白，我很忙没时间带你，你多向其他同事请教吧，汗~司机保障体系。不详细聊这个体系的具体内容，怕涉及商业机密，大家有兴趣去了解去一下这个体系到底都是干嘛的，我只能说这个项目是让我离职的最后一根稻草，因为这个东西是一个非常unethical的事情，这个项目从立项到落地，我从头到尾都在，但是我无力阻止。这个保障体系对现在的滴滴而言，无异于饮鸩止渴。项目刚上的时候，每天开日会，很多人看着增长的数字兴奋到面部肌肉变形，司机在线时长得到增长，很多人完成了自己的绩效，但是这种对司机毫无保留的压榨，让我看到了，多少商业体系，多少受过高等教育的人，为了自己，出卖自己的人性，露出了可恶的嘴脸，我要对滴滴所有参加这个项目的人（包括我自己）说一句：shame on you滴滴的企业文化说不唯上，大家每天说着不唯上，做得都是什么事情，溜须拍马的人有多少。Wj咖啡的名字就是对不唯上最大的打脸。WJ=Will and Jean，Will是谁，Jean是谁，自己心里都清楚吧对本公司的蜜汁自信和同业的大肆抹黑。在我受到的教育里，我认为对竞争对手的无端打压是一件非常不齿的事情，可是谁不知道，MT开城的时候，公司有多少人提起MT就破口大骂。是啊，MT可是你市场份额的竞争者。面对竞品的烧钱一般的补贴，居然说别人的数据是烧钱少出来的。我的妈，真是颠覆了我的三观，数据是烧出来的没错，难道本公司当年的数据是自己的口碑挣回来的吗？难道优步是真的自己做不下去才卖身的吗？当年的补贴大战你没有参与吗？你这样和robin li有什么区别？郑州空姐出事的时候我还在，可以告诉你们，公司根本就没有人真正的关心，大家该吃吃，该喝喝，动不动就是反正我们估值高，有钱，出了事有PR和安全事务部摆平。等PR稿出来了，象征性的发发朋友圈，顺便看看哪位同事因为此事受了牵连，八卦一下，done。有点抱歉，没有为改变全球出行作出什么实质性的贡献。曾经也梦想仗剑走天涯，但是也只是曾经了。来过滴滴，爱过滴滴，曾经也是充满梦想的小桔子，再见了。>","type":"unstyled","depth":0,"inlineStyleRanges":[],"entityRanges":[],"data":{}}],"entityMap":{}},"previewText":"<在此填入你的文字>","resourceIdList":[]}',
        '6月离职的我来说一波。。。先匿了。。。从MBB离职，加入滴滴战略部。因为柳小姐和其他高层的背景，所以投行和咨询的人选特别受欢迎。满心欢喜的我顶着冬日的寒风，从上海跑到了马连洼这个鸟不拉屎的地方。从动了从滴滴离职的念头到真正离开，就两周，主要可以总结成一下几点吧：工作效率。至少在战略部我看到的效率没这么高，很多人早上10点多才到办公室，洗洗杯子，买个咖啡，然后准备吃午饭，吃完休息一会儿，快两点才开始上班，工作没多少会儿，6:30去拿饭（公司有晚餐），然后回位置上坐一会儿，下班走人。加班问题。诚如上面所说，有划水度过一天的人，也有我这样苦逼的人。我的工作时间基本上早10晚11。甚至开会到12点也是有的。周六日老大也会不分时间的在钉钉群里说工作。我的老大是个背景相当不错的人，之前在大的投行和PE都做过，他每天的日程和我第一条写的差不多，但是我们下面的人呢，就比较苦逼了，比如我有一次周五约了饭三里屯，不到7点走掉了，然后在钉钉上给我喷了一通，嫌我走得早，OK，我理解，大概西二旗不理解Friday Night这种东西。有好几次手里的活已经交付完毕了，8点多走了，又说“你应该给自己找点活干”“你就不会学习一下别的业务”，此人在晋升答辩里，甚至让团队里其他小伙伴帮他做了他的晋升答辩PPT，辣鸡。我是一个效率至上的人，非常反对无(bu)意(gei)义（qian）的加班公司内部团队的协同。滴滴内部和阿里是差不多的（我听说的，不确定），很多团队之间是抢项目的，因为滴滴的业务除了按产品线分为大家熟知的快车，优步，优享，专车，豪华车，企业级，顺风车，小巴，还会分司机端（B端）和乘客端（C端），城市运营，大区什么的，我到走也没弄清楚。这就导致了很多团队有天然的利益冲突。往往一个项目还没有立起来的时候，太多的团队就已经牵扯进来了，然后开始各种无意义的漫长讨（si）论（bi）。我甚至见到过A团队认为项目可行性太低，否掉了B团队的想法，然后自己另起炉灶重新做同一个项目，为此，B组leader在将近100人的钉钉群里大骂脏话。人才训练和培养。我从来不敢说自己是个人才哈，但我认为在滴滴，很多team leader包括我自己的leader根本不懂怎么带新人。我刚去的时候就被莫名奇妙的拉到一个项目上，然后丢给你一份PPT，让你照猫画虎，那时候公司自己每天出的数据里我很多参数还都看不懂，就开始做项目了。第一个项目做得我是一头雾水，跟leader小小的反映了一下，他说我觉得以你的背景，应该一下就能弄明白，我很忙没时间带你，你多向其他同事请教吧，汗~司机保障体系。不详细聊这个体系的具体内容，怕涉及商业机密，大家有兴趣去了解去一下这个体系到底都是干嘛的，我只能说这个项目是让我离职的最后一根稻草，因为这个东西是一个非常unethical的事情，这个项目从立项到落地，我从头到尾都在，但是我无力阻止。这个保障体系对现在的滴滴而言，无异于饮鸩止渴。项目刚上的时候，每天开日会，很多人看着增长的数字兴奋到面部肌肉变形，司机在线时长得到增长，很多人完成了自己的绩效，但是这种对司机毫无保留的压榨，让我看到了，多少商业体系，多少受过高等教育的人，为了自己，出卖自己的人性，露出了可恶的嘴脸，我要对滴滴所有参加这个项目的人（包括我自己）说一句：shame on you滴滴的企业文化说不唯上，大家每天说着不唯上，做得都是什么事情，溜须拍马的人有多少。Wj咖啡的名字就是对不唯上最大的打脸。WJ=Will and Jean，Will是谁，Jean是谁，自己心里都清楚吧对本公司的蜜汁自信和同业的大肆抹黑。在我受到的教育里，我认为对竞争对手的无端打压是一件非常不齿的事情，可是谁不知道，MT开城的时候，公司有多少人提起MT就破口大骂。是啊，MT可是你市场份额的竞争者。面对竞品的烧钱一般的补贴，居然说别人的数据是烧钱少出来的。我的妈，真是颠覆了我的三观，数据是烧出来的没错，难道本公司当年的数据是自己的口碑挣回来的吗？难道优步是真的自己做不下去才卖身的吗？当年的补贴大战你没有参与吗？你这样和robin li有什么区别？郑州空姐出事的时候我还在，可以告诉你们，公司根本就没有人真正的关心，大家该吃吃，该喝喝，动不动就是反正我们估值高，有钱，出了事有PR和安全事务部摆平。等PR稿出来了，象征性的发发朋友圈，顺便看看哪位同事因为此事受了牵连，八卦一下，done。有点抱歉，没有为改变全球出行作出什么实质性的贡献。曾经也梦想仗剑走天涯，但是也只是曾经了。来过滴滴，爱过滴滴，曾经也是充满梦想的小桔子，再见了。');
INSERT INTO youthchina.COM_RICH_TEXT (TEXT_ID, COMPILE_TYPE, JSON_CONTENT, TEXT_CONTENT)
VALUES (62, 1,
        '{"braftEditorRaw":{"blocks":[{"key":"dtj4a","text":"<我是成都的一名滴滴司机，我的车是入门级车，今年1月份正式开始全职跑滴滴快车。刚开始进入这个行业感觉还蛮新鲜，由于不太会跑，基本上每隔两天我就换一个跑的方式：或是时间上的变换，或是主要区域的变换；我还跑过整个通宵。第一个月跑了5k的样子，因为不太熟悉而且没有太努力都能跑到5k感觉还不错。后面我开始全力跑，每月大概1w。直到4月22日，滴滴将全天翻倍奖，改为冲单奖，将设置目的地优先派单改为不设目的地优先派单。我的收入一下跌到了3k（以上所说都是只除了油费后的），现在我已经不跑了。这是我这几个月的基本情况。下面我们来客观的分析分析细节：一.收入下降的原因：1.滴滴公司在建立这个平台初期，通过大量烧钱来拉拢乘客司机，使它能在激烈的竞争中获胜，通过这1~2年，它已成为中国网约车的老大，优步都竞争不过它。现在它开始收网，前两天看一篇报道《追问滴滴专车司机刷单首案》滴滴出行目前在400多个所涉城市中，已有近300个城市盈利。乘客付费如此低廉的情况下，它能盈利，说明压榨的还是私家车主的钱，它的奖励和对乘客的优惠已经少的可怜。当然有人会说它是通过其他广告、金融等等手段赚的钱，但主要收入还是通过抽司机收入20%和少给奖励的方式来实现利润的。2.将全天翻倍奖改为冲单奖。全天翻倍奖能保证你跑一单就能有一单的奖励，只要不低于1.4倍，扣除抽成22~25%（平台提20%，0.5元的保险，1.77%的劳务公司管理费）,就能收到全额多一点的钱。而冲单奖就很坑爹了，我们成都是8个小时，8单40元，13单90元,18单160元。这个冲单奖励能拿到160的少之又少，大多数还是拿个90元，或40元。因为是8单起，5单一个等级，那经常就会有时间到了，而又没达到更高一个等级的订单，这些单都是无奖励的。职业的滴滴司机都会遇到这种问题，更不用说业余的司机了，业余司机想拿到奖励就更难了。3.将目的地设置后优先派单改为不设目的地优先派单。我之前跑都是直接设定一个50公里外的一个目的地，我只要每天来回跑两趟就能至少有400块收入，而且可以避免返空。现在改了之后，只要你设置了目的地，就基本不派单了，我之前两个号，有一个设置目的地，一个不设置，设置了的号一天14个小时就响了两次。我住在郊区，每次晚上要回家就只能返空。而且现在每天出去你不知道该回家的时候，你在哪个地方。4.滴滴公司推出自己的自营车。滴滴公司的自营车是优先派单，现在成都的自营车已经超过1万辆，所以很多订单都优先给了自营车。自营车大概是交2W押金，签3年合同，拿一个油气混合的世嘉，每月给滴滴公司交3k4，这个合计4年，大概在12w元，3年后车归你。先说每月交3k4后，司机还能剩多少？？然后3年后的车跑了50~60万公里，残余价值还有多少？？还有没月跑不够流水还有罚款。公平的说现在自营车是挣钱的，这也是为什么能吸引这么多司机加入的原因，就像刚开始吸引私家车加入一样。但以后自营车多了，那就不好说了，2万块在人家手里，奖励方式人家说了算，滴滴公司的政策肯定会越来越苛刻，奖励肯定会越来越少，不要有人还在做梦，哪天奖励又上去了。5.成交率、星级、昨日完成单数都是限制你拿奖励的门槛，以后门槛会越来越高的。二、司机的权益保障1.有吗？？没有！！到目前为止滴滴司机们都是非法营运，只是看运管老爷们的心情。不高兴了就多抓两个，高兴了就少抓两个。要指望被抓了，滴滴公司帮你给钱取车？？我反正是心里没底，要不管你就不管你，你到时候就只有去求它，它能给你出了这个钱最好，不给你出或者是少给你出，你拿它有办法吗？？？2.上个班基本上有会有个5险1金吧，滴滴司机呢？广大的滴滴司机朋友们只是和滴滴公司合作关系，而且你是非法营运，没有是很正常的，你爱跑不跑。3.司机在平台上财产的保障，滴滴想扣你就扣你，想封你号就封你号，只要有人投诉，甚至只要你的账号有可疑的情况，你没有申诉的权利。有人要说了，可以申诉啊，有客服电话可以打啊，我只能说小伙子，你还是图样图森破。我身边兄弟发生过很多这样的事，包括我自己也打过很多次客服电话。滴滴只要怀疑你有作弊或者是线下交易，先封号扣钱再说，你打电话申诉，对不起，客服会告诉你这是系统判定的，我们也没办法，或者告诉你再等5到7个工作日再说，但最后就是不管你打再多电话，申诉再多，你的号还是要被封，你的钱还是要被扣。三、司机的地位1.你和滴滴公司是没有签订劳动合同的，它们是不会管你的死活的。滴滴公司的政策每天都变，而且越变越低，它们还厚颜无耻的说“奖励升级”“为了您的安全，我们现在要。。。。”，你有办法吗？你打再多客服电话，骂再多客服，有人理你吗？你算老几。有人又要说了，我们大家团结起来罢工，你说罢工就罢工吗？？人没那么好团结的，就算有一小拨人罢工了，根本就对滴滴的运营造不成什么影响。而且为什么滴滴要推出自营车，人家就是要把最后的把柄握在自己手里面。我为鱼肉，人为刀俎。2.乘客无理取闹，恶意差评，恶意投诉，滴滴永远不会站在你这一边。人家乘客是出了钱的，你先别管人家出了多少，你是服务性的，所以你要忍气吞声。这种事情还少吗，出门右转这样的帖子贴吧里到处都是。现在出几块钱就找感觉装大爷的多的是，而且乘客会越来越难伺候的。刚开始拉客人的时候，由于乘客都是新人，感觉这么少的钱就坐了你的车，还挺感激你载他。但乘客坐的次数多了，他也就习惯了，就是理所应当的了，就是你挣了他钱了，他就要比你高一个等级了。相互尊重我们都希望，但是国人的素质整体来说还是不高的。打了这么多字挺累的，而且越说越激动了。最后我们来算笔账，我的车7万，排量1.4，油耗0.4元/公里，入门级的，大多数人的车都比我的好比我的贵。每天跑12~14小时，流水300元，奖励和抽成持平。油费100~120（根据返空的距离而定），磨损按0.2元算，50元；保险、保养、维修、洗车、违章罚款按30元算，一天就剩100多一点了，一个月3000元，早出晚归，不能跟家人孩子在一起，不能帮家里做家务。另外我这几个月由于天天在车上没怎么运动，涨了10斤。朋友现在找个3000元的工作很难吗？？？需要你这么辛苦又受气的来跑滴滴。所以还是奉劝各位早日找个工作或做点自己的事情吧，别把大好青春都浪费在别人的滴滴平台事业上，没挣到什么钱，亲情耽误了，身体还拖垮了。特别奉劝还要专门买车来跑滴滴的，你所挣的钱，就是新车的磨损费，三思三思。我文采不好，都是些流水账，但贵在真实，希望给在跑或想跑滴滴的朋友一些提醒和建议。>","type":"unstyled","depth":0,"inlineStyleRanges":[],"entityRanges":[],"data":{}}],"entityMap":{}},"previewText":"<在此填入你的文字>","resourceIdList":[]}',
        '我是成都的一名滴滴司机，我的车是入门级车，今年1月份正式开始全职跑滴滴快车。刚开始进入这个行业感觉还蛮新鲜，由于不太会跑，基本上每隔两天我就换一个跑的方式：或是时间上的变换，或是主要区域的变换；我还跑过整个通宵。第一个月跑了5k的样子，因为不太熟悉而且没有太努力都能跑到5k感觉还不错。后面我开始全力跑，每月大概1w。直到4月22日，滴滴将全天翻倍奖，改为冲单奖，将设置目的地优先派单改为不设目的地优先派单。我的收入一下跌到了3k（以上所说都是只除了油费后的），现在我已经不跑了。这是我这几个月的基本情况。下面我们来客观的分析分析细节：一.收入下降的原因：1.滴滴公司在建立这个平台初期，通过大量烧钱来拉拢乘客司机，使它能在激烈的竞争中获胜，通过这1~2年，它已成为中国网约车的老大，优步都竞争不过它。现在它开始收网，前两天看一篇报道《追问滴滴专车司机刷单首案》滴滴出行目前在400多个所涉城市中，已有近300个城市盈利。乘客付费如此低廉的情况下，它能盈利，说明压榨的还是私家车主的钱，它的奖励和对乘客的优惠已经少的可怜。当然有人会说它是通过其他广告、金融等等手段赚的钱，但主要收入还是通过抽司机收入20%和少给奖励的方式来实现利润的。2.将全天翻倍奖改为冲单奖。全天翻倍奖能保证你跑一单就能有一单的奖励，只要不低于1.4倍，扣除抽成22~25%（平台提20%，0.5元的保险，1.77%的劳务公司管理费）,就能收到全额多一点的钱。而冲单奖就很坑爹了，我们成都是8个小时，8单40元，13单90元,18单160元。这个冲单奖励能拿到160的少之又少，大多数还是拿个90元，或40元。因为是8单起，5单一个等级，那经常就会有时间到了，而又没达到更高一个等级的订单，这些单都是无奖励的。职业的滴滴司机都会遇到这种问题，更不用说业余的司机了，业余司机想拿到奖励就更难了。3.将目的地设置后优先派单改为不设目的地优先派单。我之前跑都是直接设定一个50公里外的一个目的地，我只要每天来回跑两趟就能至少有400块收入，而且可以避免返空。现在改了之后，只要你设置了目的地，就基本不派单了，我之前两个号，有一个设置目的地，一个不设置，设置了的号一天14个小时就响了两次。我住在郊区，每次晚上要回家就只能返空。而且现在每天出去你不知道该回家的时候，你在哪个地方。4.滴滴公司推出自己的自营车。滴滴公司的自营车是优先派单，现在成都的自营车已经超过1万辆，所以很多订单都优先给了自营车。自营车大概是交2W押金，签3年合同，拿一个油气混合的世嘉，每月给滴滴公司交3k4，这个合计4年，大概在12w元，3年后车归你。先说每月交3k4后，司机还能剩多少？？然后3年后的车跑了50~60万公里，残余价值还有多少？？还有没月跑不够流水还有罚款。公平的说现在自营车是挣钱的，这也是为什么能吸引这么多司机加入的原因，就像刚开始吸引私家车加入一样。但以后自营车多了，那就不好说了，2万块在人家手里，奖励方式人家说了算，滴滴公司的政策肯定会越来越苛刻，奖励肯定会越来越少，不要有人还在做梦，哪天奖励又上去了。5.成交率、星级、昨日完成单数都是限制你拿奖励的门槛，以后门槛会越来越高的。二、司机的权益保障1.有吗？？没有！！到目前为止滴滴司机们都是非法营运，只是看运管老爷们的心情。不高兴了就多抓两个，高兴了就少抓两个。要指望被抓了，滴滴公司帮你给钱取车？？我反正是心里没底，要不管你就不管你，你到时候就只有去求它，它能给你出了这个钱最好，不给你出或者是少给你出，你拿它有办法吗？？？2.上个班基本上有会有个5险1金吧，滴滴司机呢？广大的滴滴司机朋友们只是和滴滴公司合作关系，而且你是非法营运，没有是很正常的，你爱跑不跑。3.司机在平台上财产的保障，滴滴想扣你就扣你，想封你号就封你号，只要有人投诉，甚至只要你的账号有可疑的情况，你没有申诉的权利。有人要说了，可以申诉啊，有客服电话可以打啊，我只能说小伙子，你还是图样图森破。我身边兄弟发生过很多这样的事，包括我自己也打过很多次客服电话。滴滴只要怀疑你有作弊或者是线下交易，先封号扣钱再说，你打电话申诉，对不起，客服会告诉你这是系统判定的，我们也没办法，或者告诉你再等5到7个工作日再说，但最后就是不管你打再多电话，申诉再多，你的号还是要被封，你的钱还是要被扣。三、司机的地位1.你和滴滴公司是没有签订劳动合同的，它们是不会管你的死活的。滴滴公司的政策每天都变，而且越变越低，它们还厚颜无耻的说“奖励升级”“为了您的安全，我们现在要。。。。”，你有办法吗？你打再多客服电话，骂再多客服，有人理你吗？你算老几。有人又要说了，我们大家团结起来罢工，你说罢工就罢工吗？？人没那么好团结的，就算有一小拨人罢工了，根本就对滴滴的运营造不成什么影响。而且为什么滴滴要推出自营车，人家就是要把最后的把柄握在自己手里面。我为鱼肉，人为刀俎。2.乘客无理取闹，恶意差评，恶意投诉，滴滴永远不会站在你这一边。人家乘客是出了钱的，你先别管人家出了多少，你是服务性的，所以你要忍气吞声。这种事情还少吗，出门右转这样的帖子贴吧里到处都是。现在出几块钱就找感觉装大爷的多的是，而且乘客会越来越难伺候的。刚开始拉客人的时候，由于乘客都是新人，感觉这么少的钱就坐了你的车，还挺感激你载他。但乘客坐的次数多了，他也就习惯了，就是理所应当的了，就是你挣了他钱了，他就要比你高一个等级了。相互尊重我们都希望，但是国人的素质整体来说还是不高的。打了这么多字挺累的，而且越说越激动了。最后我们来算笔账，我的车7万，排量1.4，油耗0.4元/公里，入门级的，大多数人的车都比我的好比我的贵。每天跑12~14小时，流水300元，奖励和抽成持平。油费100~120（根据返空的距离而定），磨损按0.2元算，50元；保险、保养、维修、洗车、违章罚款按30元算，一天就剩100多一点了，一个月3000元，早出晚归，不能跟家人孩子在一起，不能帮家里做家务。另外我这几个月由于天天在车上没怎么运动，涨了10斤。朋友现在找个3000元的工作很难吗？？？需要你这么辛苦又受气的来跑滴滴。所以还是奉劝各位早日找个工作或做点自己的事情吧，别把大好青春都浪费在别人的滴滴平台事业上，没挣到什么钱，亲情耽误了，身体还拖垮了。特别奉劝还要专门买车来跑滴滴的，你所挣的钱，就是新车的磨损费，三思三思。我文采不好，都是些流水账，但贵在真实，希望给在跑或想跑滴滴的朋友一些提醒和建议。');
INSERT INTO youthchina.COM_RICH_TEXT (TEXT_ID, COMPILE_TYPE, JSON_CONTENT, TEXT_CONTENT)
VALUES (63, 1,
        '{"braftEditorRaw":{"blocks":[{"key":"dtj4a","text":"<捡起那些简历，挑里面漂亮的妹子的简历，然后假装某公司hr，约妹子出来面试，询问是否愿意潜规则，愿意则潜之，不愿则走。万一遇到了愿意的，那就彻底骗炮。凭我一个脑子不好/心思单纯的人，都能想到这种坏点子，那么那些处心积虑的人呢？金钱的丢失尚且让人心惊，何况自己的履历？个人信息的安全，是最大的安全。望各位妥善处理。>","type":"unstyled","depth":0,"inlineStyleRanges":[],"entityRanges":[],"data":{}}],"entityMap":{}},"previewText":"<在此填入你的文字>","resourceIdList":[]}',
        '捡起那些简历，挑里面漂亮的妹子的简历，然后假装某公司hr，约妹子出来面试，询问是否愿意潜规则，愿意则潜之，不愿则走。万一遇到了愿意的，那就彻底骗炮。凭我一个脑子不好/心思单纯的人，都能想到这种坏点子，那么那些处心积虑的人呢？金钱的丢失尚且让人心惊，何况自己的履历？个人信息的安全，是最大的安全。望各位妥善处理。');
INSERT INTO youthchina.COM_RICH_TEXT (TEXT_ID, COMPILE_TYPE, JSON_CONTENT, TEXT_CONTENT)
VALUES (64, 1,
        '{"braftEditorRaw":{"blocks":[{"key":"dtj4a","text":"<看到持续有人关注这个答案，说明这个软件还在耍流氓。抛开这个软件的实际作用不说，在个人从没有注册或者使用的情况下，获取到你的工作生活信息，发送骚扰短信，是不是很惊悚，很可恶？为什么每天那么多人，由于各种原因信息泄露，遭遇诈骗，还是不能引起我们足够的警惕和重视？如果我们每个人碰到类似窃取个人信息的行为，采取纵容、妥协，听之任之的态度，最终的受害者也许还是我们自己。虽然个人的力量很渺小，但我还是会努力去和这些垃圾流氓斗争，捍卫自己的合法权益。>","type":"unstyled","depth":0,"inlineStyleRanges":[],"entityRanges":[],"data":{}}],"entityMap":{}},"previewText":"<在此填入你的文字>","resourceIdList":[]}',
        '看到持续有人关注这个答案，说明这个软件还在耍流氓。抛开这个软件的实际作用不说，在个人从没有注册或者使用的情况下，获取到你的工作生活信息，发送骚扰短信，是不是很惊悚，很可恶？为什么每天那么多人，由于各种原因信息泄露，遭遇诈骗，还是不能引起我们足够的警惕和重视？如果我们每个人碰到类似窃取个人信息的行为，采取纵容、妥协，听之任之的态度，最终的受害者也许还是我们自己。虽然个人的力量很渺小，但我还是会努力去和这些垃圾流氓斗争，捍卫自己的合法权益。');
INSERT INTO youthchina.COM_RICH_TEXT (TEXT_ID, COMPILE_TYPE, JSON_CONTENT, TEXT_CONTENT)
VALUES (65, 1,
        '{"braftEditorRaw":{"blocks":[{"key":"dtj4a","text":"<转我个人另外一题的答案，今天遇到了一件比吃了苍蝇屎还恶心的事。 关于脉脉体验有感—————————————————————之前一直不间断的收到各种各样的营销或推广信息（包括以我朋友的名义编辑好的脉脉邀请）一直睁一只眼闭一只眼，看到一条TD一条罢了，毕竟现在人们的联系方式已经被各种数据收集平台转来转去了，就在今晚加完班回家的路上，又收到一条营销短信，准备删除之前赫然显示着我上一家公司领导的名字，按耐不住好奇心的我还是点开详情，意思就是“你前同事XXX（领导）认为你是最值得合作的伙伴.....XX（我名字）并且XX、XXX、XX等人都邀请你来看看，http：//......”哇，第一反应信息很全 很准确，当时我就信了，毕竟前领导还会夸我还是有一些开心的，立刻在地铁上4G点开链接下载，注册登陆一气呵成！ —————————————————————然后接连不断的恶心开始了，先授权通讯录，不授权无法使用，忍了，先进去看看吧，接下来开始显示拓展二元人脉，出现很多陌生面孔。从700个联系人中得出了9000多人脉的结论，过程中的界面完全没有交互，只是加入元素进行动态展示（这个部分我不懂这些名词，大家看看明白意思就行） 随后就是多次引导分享转发。拒绝！ 然后意识到一切都是引流手段。不知道基于什么算法还是其他来源的结果感觉都是一个模版式的套用，又体验app10分钟后，各种强制套信息，各种坑。认识的不认识的联系方式以及现在在做什么，一清二楚！！各种无法自定义添加，各种模版式设计，各种隐私暴漏。 溜了溜了惹不起...可是寻找取消授权的入口，没有！没有！注销登记选项，没有！没有！填写信息，缺一项都不能保存！找客服电话，找不到！找不到！找后台客服，排队！排队！找到客服以后，注销！怒消！我：“我要注销”！客服：“你确定？你注销以后我们再不让你用了，你朋友们再找不到你了，你可能再也没有人脉找不到工作了呢，你还敢注销么你>","type":"unstyled","depth":0,"inlineStyleRanges":[],"entityRanges":[],"data":{}}],"entityMap":{}},"previewText":"<在此填入你的文字>","resourceIdList":[]}',
        '转我个人另外一题的答案，今天遇到了一件比吃了苍蝇屎还恶心的事。 关于脉脉体验有感—————————————————————之前一直不间断的收到各种各样的营销或推广信息（包括以我朋友的名义编辑好的脉脉邀请）一直睁一只眼闭一只眼，看到一条TD一条罢了，毕竟现在人们的联系方式已经被各种数据收集平台转来转去了，就在今晚加完班回家的路上，又收到一条营销短信，准备删除之前赫然显示着我上一家公司领导的名字，按耐不住好奇心的我还是点开详情，意思就是“你前同事XXX（领导）认为你是最值得合作的伙伴.....XX（我名字）并且XX、XXX、XX等人都邀请你来看看，http：//......”哇，第一反应信息很全 很准确，当时我就信了，毕竟前领导还会夸我还是有一些开心的，立刻在地铁上4G点开链接下载，注册登陆一气呵成！ —————————————————————然后接连不断的恶心开始了，先授权通讯录，不授权无法使用，忍了，先进去看看吧，接下来开始显示拓展二元人脉，出现很多陌生面孔。从700个联系人中得出了9000多人脉的结论，过程中的界面完全没有交互，只是加入元素进行动态展示（这个部分我不懂这些名词，大家看看明白意思就行） 随后就是多次引导分享转发。拒绝！ 然后意识到一切都是引流手段。不知道基于什么算法还是其他来源的结果感觉都是一个模版式的套用，又体验app10分钟后，各种强制套信息，各种坑。认识的不认识的联系方式以及现在在做什么，一清二楚！！各种无法自定义添加，各种模版式设计，各种隐私暴漏。 溜了溜了惹不起...可是寻找取消授权的入口，没有！没有！注销登记选项，没有！没有！填写信息，缺一项都不能保存！找客服电话，找不到！找不到！找后台客服，排队！排队！找到客服以后，注销！怒消！我：“我要注销”！客服：“你确定？你注销以后我们再不让你用了，你朋友们再找不到你了，你可能再也没有人脉找不到工作了呢，你还敢注销么你');
INSERT INTO youthchina.COM_RICH_TEXT (TEXT_ID, COMPILE_TYPE, JSON_CONTENT, TEXT_CONTENT)
VALUES (66, 1,
        '{"braftEditorRaw":{"blocks":[{"key":"dtj4a","text":"<本来好好的元旦假期被一款叫做脉脉的app给搅黄了。因为前公司最近成了舆论的热点，不少媒体上有各种爆料，早上同事提醒在脉脉上有人以我的名义发了一个讲公司内部信息的帖子，问是不是我发的。我正在外地旅游，赶紧注册了脉脉，看到了那个爆料的原文，晚上在脉脉上举报了帖子和相关的评论。在和脉脉客服人员的交流中，我提出了两点：1.我可以给他们提供我的个人信息，证明我是被人冒用了身份2.删除相关的帖子和评论，否则我会走法律途径脉脉的客服的回答可以总结成：1.我必须先在脉脉里做实名认证，然后做澄清，他们删除相关的帖子和评论2.如果我不在脉脉里做实名认证，脉脉不会删除相关的帖子和评论。我不明白脉脉如何可以如此的无赖，理直气壮的充当一个容纳造谣和中伤言论的平台。>","type":"unstyled","depth":0,"inlineStyleRanges":[],"entityRanges":[],"data":{}}],"entityMap":{}},"previewText":"<在此填入你的文字>","resourceIdList":[]}',
        '本来好好的元旦假期被一款叫做脉脉的app给搅黄了。因为前公司最近成了舆论的热点，不少媒体上有各种爆料，早上同事提醒在脉脉上有人以我的名义发了一个讲公司内部信息的帖子，问是不是我发的。我正在外地旅游，赶紧注册了脉脉，看到了那个爆料的原文，晚上在脉脉上举报了帖子和相关的评论。在和脉脉客服人员的交流中，我提出了两点：1.我可以给他们提供我的个人信息，证明我是被人冒用了身份2.删除相关的帖子和评论，否则我会走法律途径脉脉的客服的回答可以总结成：1.我必须先在脉脉里做实名认证，然后做澄清，他们删除相关的帖子和评论2.如果我不在脉脉里做实名认证，脉脉不会删除相关的帖子和评论。我不明白脉脉如何可以如此的无赖，理直气壮的充当一个容纳造谣和中伤言论的平台。');
INSERT INTO youthchina.COM_RICH_TEXT (TEXT_ID, COMPILE_TYPE, JSON_CONTENT, TEXT_CONTENT)
VALUES (67, 1,
        '{"braftEditorRaw":{"blocks":[{"key":"dtj4a","text":"<首先把结论列出来：1.京东的模式是正确有效的，盈利是迟早的事。2.京东亏损不假，但主营业务已经不亏了，亏的钱来自于对未来的投资。3.京东现金流够强，是真强。先更正一下题主的观念，亏损和倒闭没有必然的直接关系，亏损就一定要倒闭吗？亚马逊比京东亏的年头还要长，然而亚马逊非但没倒闭，市值还那么高。题主如果有修过西方经济学这门课估计不会这么问。（评论区有说我嘲讽题主没修改经济学，所以把这段搬下来做下解释。我并没有嘲讽的意思，我也不觉得学过经济学有什么高级的，而且当年我西方经济学也就勉强及格。我的意思是如果有了解到经济学，这个问题就不是这么问的，而应该是“为什么京东一直亏损，还越做越大？”或者“为什么京东一直亏损，却还被很多人看好？”类似这样的提问。）1.先来看第1条，京东的模式：这个不用证明吧，毕竟投资人比我们聪明得多，是吧。2016年全球最具价值100品牌榜单中，京东首次入选，排名99。京东2015全年交易总额（GMV）达到4627亿元（约714亿美元），同比增长78%，而据国家统计局网站消息显示，2015年全年全国网上零售额38773亿元，比上年增长33.3%，京东GMV增速达到78%，超过行业平均增速的两倍有余。另外截止2015年12月31日，京东核心业务年度活跃用户数增长至1.55亿，同比增长71%（2016年没结束数据没出来）。2.再来看第2条，京东的亏损：京东亏损不假，近两年亏损还有扩大的迹象。京东创立12年来年年年亏损，创立12年的京东，可谓是每年都亏损。2014年亏损50亿元，2015年亏损额为94亿元，仅近两年多账面亏损额就超过150亿元，而自2011年以来，京东账面亏损额合计已经超过180亿元。而京东2016年第一季度净亏损达9.098亿人民币。正确看待亏损，京东现在的亏损不是来自于主营业务，而是自建仓储、物流，包括目前对京东金融（强哥说京东以后70%的利润可能会来自于此）的和其他项目的投资（2015年以来，京东对永辉超市、金蝶软件、天天果园、饿了么等进行了一系列战略投资，布局金额达近百亿元，这么看的话，如果去除这些投资，京东2015年是盈利的）。京东自建物流其实是有很大风险的，因为投资确实比较大，但是自建物流的优势相比于外包第三方也是不言而喻的，京东目前物流上的快捷方便是其他电商不可比拟的。京东做的是战略布局，这和传统行业有些区别，互联网行业要先做好布局抢占市场，有了稳定强大的流量，才讲收割和利润，很多情况下这是个长期的过程。3.最后看第3条，京东的现金流：现金流有多重要？可以说如果没有强大现金流支撑，以京东的亏法，早就关门大吉了。下面从国美苏宁这些年的沉浮说说现金流的重要性。在大互联网时代前，国苏可谓是家电和电子产品的渠道老大，牛到什么程度？——可以空手套白狼。国苏的模式是：1.繁华地段租个商场，2.找各大厂商上货，3.货款几个月后付给厂家。国苏有什么？商场是租的，商品是厂家的，基本不花什么钱。这就是「店大欺厂」，渠道在整个生态链上权力过大。国苏作为渠道商，由于渠道遍布全国，厂商没有话语权，所以厂商没有选择余地，只能遵守国苏的游戏规则，不停地上货，货款人家还要拖你几个月。那么拖这几个月货款有什么用呢？别忘了国苏全国成百上千家门店，家电基本都在他们手上卖出去的，这该是一笔巨款了（有兴趣的可以查查数据），存银行都能吃不少利息，更何况于那几年的房地产市场呢？国苏为了快速变现，经常降价促销，有时候还会亏本销售，亏本还要卖？图样图森破，一台家电亏几百块，早点变现放到房产上，这几百块分分钟就不是什么事儿了。这就是国苏的模式，在别人的商场里卖别人的东西，然后赚到的钱是自己的。(?Д?≡?Д?)后来一些实力大厂觉得憋屈，就不跟国苏去玩了，在全国各地开始自建渠道，这就是著名的格力事件，后来一些大厂也纷纷效仿自建渠道，减少对国苏的依赖，但自建渠道费用太高，除了实力大厂，其他厂家只能乖乖和国苏去玩了。后来，后来你知道啊，马云爸爸，奶茶妹夫出来搅和啊，大家都去了淘宝京东，国苏的流量就少了吧啊，厂商们也有了新的渠道选择，随着厂商话语权提升，国苏再也不能任性地拖着货款了，有些大厂甚至要求一手交钱一手交货，这样以来，国苏现金流迅速萎缩。所以国苏又开了线上渠道，国美在线，苏宁易购，你以为国苏指着这两赚钱？并不是，是为了现金流，扩大现金流，国美卖地给海航还记得吗？不卖地没现金流就真的要死了。所以，国内苏宁和京东现在抢的是什么？不是急着抢利润，而是抢流量抢份额。所以你经常会看到京东各种优惠券和促销。从2011年到2015年，京东的营业收入从人民币约211亿增加到超过1800亿，增加了超过7.5倍。2015年营收1800亿，亏损94亿，假定京东每年亏100亿，这1800亿要18年才能亏完。这个算法并不合适，我只是想说明亏这么点在营收面前根本不是事儿，况且亏损的还不是主营业务，而这些，投资人比我们看得更清楚。首先把结论列出来：1.京东的模式是正确有效的，盈利是迟早的事。2.京东亏损不假，但主营业务已经不亏了，亏的钱来自于对未来的投资。3.京东现金流够强，是真强。先更正一下题主的观念，亏损和倒闭没有必然的直接关系，亏损就一定要倒闭吗？亚马逊比京东亏的年头还要长，然而亚马逊非但没倒闭，市值还那么高。题主如果有修过西方经济学这门课估计不会这么问。（评论区有说我嘲讽题主没修改经济学，所以把这段搬下来做下解释。我并没有嘲讽的意思，我也不觉得学过经济学有什么高级的，而且当年我西方经济学也就勉强及格。我的意思是如果有了解到经济学，这个问题就不是这么问的，而应该是“为什么京东一直亏损，还越做越大？”或者“为什么京东一直亏损，却还被很多人看好？”类似这样的提问。）1.先来看第1条，京东的模式：这个不用证明吧，毕竟投资人比我们聪明得多，是吧。2016年全球最具价值100品牌榜单中，京东首次入选，排名99。京东2015全年交易总额（GMV）达到4627亿元（约714亿美元），同比增长78%，而据国家统计局网站消息显示，2015年全年全国网上零售额38773亿元，比上年增长33.3%，京东GMV增速达到78%，超过行业平均增速的两倍有余。另外截止2015年12月31日，京东核心业务年度活跃用户数增长至1.55亿，同比增长71%（2016年没结束数据没出来）。2.再来看第2条，京东的亏损：京东亏损不假，近两年亏损还有扩大的迹象。京东创立12年来年年年亏损，创立12年的京东，可谓是每年都亏损。2014年亏损50亿元，2015年亏损额为94亿元，仅近两年多账面亏损额就超过150亿元，而自2011年以来，京东账面亏损额合计已经超过180亿元。而京东2016年第一季度净亏损达9.098亿人民币。正确看待亏损，京东现在的亏损不是来自于主营业务，而是自建仓储、物流，包括目前对京东金融（强哥说京东以后70%的利润可能会来自于此）的和其他项目的投资（2015年以来，京东对永辉超市、金蝶软件、天天果园、饿了么等进行了一系列战略投资，布局金额达近百亿元，这么看的话，如果去除这些投资，京东2015年是盈利的）。京东自建物流其实是有很大风险的，因为投资确实比较大，但是自建物流的优势相比于外包第三方也是不言而喻的，京东目前物流上的快捷方便是其他电商不可比拟的。京东做的是战略布局，这和传统行业有些区别，互联网行业要先做好布局抢占市场，有了稳定强大的流量，才讲收割和利润，很多情况下这是个长期的过程。3.最后看第3条，京东的现金流：现金流有多重要？可以说如果没有强大现金流支撑，以京东的亏法，早就关门大吉了。下面从国美苏宁这些年的沉浮说说现金流的重要性。在大互联网时代前，国苏可谓是家电和电子产品的渠道老大，牛到什么程度？——可以空手套白狼。国苏的模式是：1.繁华地段租个商场，2.找各大厂商上货，3.货款几个月后付给厂家。国苏有什么？商场是租的，商品是厂家的，基本不花什么钱。这就是「店大欺厂」，渠道在整个生态链上权力过大。国苏作为渠道商，由于渠道遍布全国，厂商没有话语权，所以厂商没有选择余地，只能遵守国苏的游戏规则，不停地上货，货款人家还要拖你几个月。那么拖这几个月货款有什么用呢？别忘了国苏全国成百上千家门店，家电基本都在他们手上卖出去的，这该是一笔巨款了（有兴趣的可以查查数据），存银行都能吃不少利息，更何况于那几年的房地产市场呢？国苏为了快速变现，经常降价促销，有时候还会亏本销售，亏本还要卖？图样图森破，一台家电亏几百块，早点变现放到房产上，这几百块分分钟就不是什么事儿了。这就是国苏的模式，在别人的商场里卖别人的东西，然后赚到的钱是自己的。(?Д?≡?Д?)后来一些实力大厂觉得憋屈，就不跟国苏去玩了，在全国各地开始自建渠道，这就是著名的格力事件，后来一些大厂也纷纷效仿自建渠道，减少对国苏的依赖，但自建渠道费用太高，除了实力大厂，其他厂家只能乖乖和国苏去玩了。后来，后来你知道啊，马云爸爸，奶茶妹夫出来搅和啊，大家都去了淘宝京东，国苏的流量就少了吧啊，厂商们也有了新的渠道选择，随着厂商话语权提升，国苏再也不能任性地拖着货款了，有些大厂甚至要求一手交钱一手交货，这样以来，国苏现金流迅速萎缩。所以国苏又开了线上渠道，国美在线，苏宁易购，你以为国苏指着这两赚钱？并不是，是为了现金流，扩大现金流，国美卖地给海航还记得吗？不卖地没现金流就真的要死了。所以，国内苏宁和京东现在抢的是什么？不是急着抢利润，而是抢流量抢份额。所以你经常会看到京东各种优惠券和促销。>","type":"unstyled","depth":0,"inlineStyleRanges":[],"entityRanges":[],"data":{}}],"entityMap":{}},"previewText":"<在此填入你的文字>","resourceIdList":[]}',
        '首先把结论列出来：1.京东的模式是正确有效的，盈利是迟早的事。2.京东亏损不假，但主营业务已经不亏了，亏的钱来自于对未来的投资。3.京东现金流够强，是真强。先更正一下题主的观念，亏损和倒闭没有必然的直接关系，亏损就一定要倒闭吗？亚马逊比京东亏的年头还要长，然而亚马逊非但没倒闭，市值还那么高。题主如果有修过西方经济学这门课估计不会这么问。（评论区有说我嘲讽题主没修改经济学，所以把这段搬下来做下解释。我并没有嘲讽的意思，我也不觉得学过经济学有什么高级的，而且当年我西方经济学也就勉强及格。我的意思是如果有了解到经济学，这个问题就不是这么问的，而应该是“为什么京东一直亏损，还越做越大？”或者“为什么京东一直亏损，却还被很多人看好？”类似这样的提问。）1.先来看第1条，京东的模式：这个不用证明吧，毕竟投资人比我们聪明得多，是吧。2016年全球最具价值100品牌榜单中，京东首次入选，排名99。京东2015全年交易总额（GMV）达到4627亿元（约714亿美元），同比增长78%，而据国家统计局网站消息显示，2015年全年全国网上零售额38773亿元，比上年增长33.3%，京东GMV增速达到78%，超过行业平均增速的两倍有余。另外截止2015年12月31日，京东核心业务年度活跃用户数增长至1.55亿，同比增长71%（2016年没结束数据没出来）。2.再来看第2条，京东的亏损：京东亏损不假，近两年亏损还有扩大的迹象。京东创立12年来年年年亏损，创立12年的京东，可谓是每年都亏损。2014年亏损50亿元，2015年亏损额为94亿元，仅近两年多账面亏损额就超过150亿元，而自2011年以来，京东账面亏损额合计已经超过180亿元。而京东2016年第一季度净亏损达9.098亿人民币。正确看待亏损，京东现在的亏损不是来自于主营业务，而是自建仓储、物流，包括目前对京东金融（强哥说京东以后70%的利润可能会来自于此）的和其他项目的投资（2015年以来，京东对永辉超市、金蝶软件、天天果园、饿了么等进行了一系列战略投资，布局金额达近百亿元，这么看的话，如果去除这些投资，京东2015年是盈利的）。京东自建物流其实是有很大风险的，因为投资确实比较大，但是自建物流的优势相比于外包第三方也是不言而喻的，京东目前物流上的快捷方便是其他电商不可比拟的。京东做的是战略布局，这和传统行业有些区别，互联网行业要先做好布局抢占市场，有了稳定强大的流量，才讲收割和利润，很多情况下这是个长期的过程。3.最后看第3条，京东的现金流：现金流有多重要？可以说如果没有强大现金流支撑，以京东的亏法，早就关门大吉了。下面从国美苏宁这些年的沉浮说说现金流的重要性。在大互联网时代前，国苏可谓是家电和电子产品的渠道老大，牛到什么程度？——可以空手套白狼。国苏的模式是：1.繁华地段租个商场，2.找各大厂商上货，3.货款几个月后付给厂家。国苏有什么？商场是租的，商品是厂家的，基本不花什么钱。这就是「店大欺厂」，渠道在整个生态链上权力过大。国苏作为渠道商，由于渠道遍布全国，厂商没有话语权，所以厂商没有选择余地，只能遵守国苏的游戏规则，不停地上货，货款人家还要拖你几个月。那么拖这几个月货款有什么用呢？别忘了国苏全国成百上千家门店，家电基本都在他们手上卖出去的，这该是一笔巨款了（有兴趣的可以查查数据），存银行都能吃不少利息，更何况于那几年的房地产市场呢？国苏为了快速变现，经常降价促销，有时候还会亏本销售，亏本还要卖？图样图森破，一台家电亏几百块，早点变现放到房产上，这几百块分分钟就不是什么事儿了。这就是国苏的模式，在别人的商场里卖别人的东西，然后赚到的钱是自己的。(?Д?≡?Д?)后来一些实力大厂觉得憋屈，就不跟国苏去玩了，在全国各地开始自建渠道，这就是著名的格力事件，后来一些大厂也纷纷效仿自建渠道，减少对国苏的依赖，但自建渠道费用太高，除了实力大厂，其他厂家只能乖乖和国苏去玩了。后来，后来你知道啊，马云爸爸，奶茶妹夫出来搅和啊，大家都去了淘宝京东，国苏的流量就少了吧啊，厂商们也有了新的渠道选择，随着厂商话语权提升，国苏再也不能任性地拖着货款了，有些大厂甚至要求一手交钱一手交货，这样以来，国苏现金流迅速萎缩。所以国苏又开了线上渠道，国美在线，苏宁易购，你以为国苏指着这两赚钱？并不是，是为了现金流，扩大现金流，国美卖地给海航还记得吗？不卖地没现金流就真的要死了。所以，国内苏宁和京东现在抢的是什么？不是急着抢利润，而是抢流量抢份额。所以你经常会看到京东各种优惠券和促销。从2011年到2015年，京东的营业收入从人民币约211亿增加到超过1800亿，增加了超过7.5倍。2015年营收1800亿，亏损94亿，假定京东每年亏100亿，这1800亿要18年才能亏完。这个算法并不合适，我只是想说明亏这么点在营收面前根本不是事儿，况且亏损的还不是主营业务，而这些，投资人比我们看得更清楚。首先把结论列出来：1.京东的模式是正确有效的，盈利是迟早的事。2.京东亏损不假，但主营业务已经不亏了，亏的钱来自于对未来的投资。3.京东现金流够强，是真强。先更正一下题主的观念，亏损和倒闭没有必然的直接关系，亏损就一定要倒闭吗？亚马逊比京东亏的年头还要长，然而亚马逊非但没倒闭，市值还那么高。题主如果有修过西方经济学这门课估计不会这么问。（评论区有说我嘲讽题主没修改经济学，所以把这段搬下来做下解释。我并没有嘲讽的意思，我也不觉得学过经济学有什么高级的，而且当年我西方经济学也就勉强及格。我的意思是如果有了解到经济学，这个问题就不是这么问的，而应该是“为什么京东一直亏损，还越做越大？”或者“为什么京东一直亏损，却还被很多人看好？”类似这样的提问。）1.先来看第1条，京东的模式：这个不用证明吧，毕竟投资人比我们聪明得多，是吧。2016年全球最具价值100品牌榜单中，京东首次入选，排名99。京东2015全年交易总额（GMV）达到4627亿元（约714亿美元），同比增长78%，而据国家统计局网站消息显示，2015年全年全国网上零售额38773亿元，比上年增长33.3%，京东GMV增速达到78%，超过行业平均增速的两倍有余。另外截止2015年12月31日，京东核心业务年度活跃用户数增长至1.55亿，同比增长71%（2016年没结束数据没出来）。2.再来看第2条，京东的亏损：京东亏损不假，近两年亏损还有扩大的迹象。京东创立12年来年年年亏损，创立12年的京东，可谓是每年都亏损。2014年亏损50亿元，2015年亏损额为94亿元，仅近两年多账面亏损额就超过150亿元，而自2011年以来，京东账面亏损额合计已经超过180亿元。而京东2016年第一季度净亏损达9.098亿人民币。正确看待亏损，京东现在的亏损不是来自于主营业务，而是自建仓储、物流，包括目前对京东金融（强哥说京东以后70%的利润可能会来自于此）的和其他项目的投资（2015年以来，京东对永辉超市、金蝶软件、天天果园、饿了么等进行了一系列战略投资，布局金额达近百亿元，这么看的话，如果去除这些投资，京东2015年是盈利的）。京东自建物流其实是有很大风险的，因为投资确实比较大，但是自建物流的优势相比于外包第三方也是不言而喻的，京东目前物流上的快捷方便是其他电商不可比拟的。京东做的是战略布局，这和传统行业有些区别，互联网行业要先做好布局抢占市场，有了稳定强大的流量，才讲收割和利润，很多情况下这是个长期的过程。3.最后看第3条，京东的现金流：现金流有多重要？可以说如果没有强大现金流支撑，以京东的亏法，早就关门大吉了。下面从国美苏宁这些年的沉浮说说现金流的重要性。在大互联网时代前，国苏可谓是家电和电子产品的渠道老大，牛到什么程度？——可以空手套白狼。国苏的模式是：1.繁华地段租个商场，2.找各大厂商上货，3.货款几个月后付给厂家。国苏有什么？商场是租的，商品是厂家的，基本不花什么钱。这就是「店大欺厂」，渠道在整个生态链上权力过大。国苏作为渠道商，由于渠道遍布全国，厂商没有话语权，所以厂商没有选择余地，只能遵守国苏的游戏规则，不停地上货，货款人家还要拖你几个月。那么拖这几个月货款有什么用呢？别忘了国苏全国成百上千家门店，家电基本都在他们手上卖出去的，这该是一笔巨款了（有兴趣的可以查查数据），存银行都能吃不少利息，更何况于那几年的房地产市场呢？国苏为了快速变现，经常降价促销，有时候还会亏本销售，亏本还要卖？图样图森破，一台家电亏几百块，早点变现放到房产上，这几百块分分钟就不是什么事儿了。这就是国苏的模式，在别人的商场里卖别人的东西，然后赚到的钱是自己的。(?Д?≡?Д?)后来一些实力大厂觉得憋屈，就不跟国苏去玩了，在全国各地开始自建渠道，这就是著名的格力事件，后来一些大厂也纷纷效仿自建渠道，减少对国苏的依赖，但自建渠道费用太高，除了实力大厂，其他厂家只能乖乖和国苏去玩了。后来，后来你知道啊，马云爸爸，奶茶妹夫出来搅和啊，大家都去了淘宝京东，国苏的流量就少了吧啊，厂商们也有了新的渠道选择，随着厂商话语权提升，国苏再也不能任性地拖着货款了，有些大厂甚至要求一手交钱一手交货，这样以来，国苏现金流迅速萎缩。所以国苏又开了线上渠道，国美在线，苏宁易购，你以为国苏指着这两赚钱？并不是，是为了现金流，扩大现金流，国美卖地给海航还记得吗？不卖地没现金流就真的要死了。所以，国内苏宁和京东现在抢的是什么？不是急着抢利润，而是抢流量抢份额。所以你经常会看到京东各种优惠券和促销。');
INSERT INTO youthchina.COM_RICH_TEXT (TEXT_ID, COMPILE_TYPE, JSON_CONTENT, TEXT_CONTENT)
VALUES (68, 1,
        '{"braftEditorRaw":{"blocks":[{"key":"dtj4a","text":"<笑。刘强东74年生。讲学历，他毕业于宿迁中学（80年代就是省重点），92年参加高考。92年还没有扩招，高考的含金量和竞争残酷性就不说了。考进人民大学。妥妥的国内一流顶尖名校行列。妥妥的90年代学霸。80年代90年代初的高考有多激烈，不是如今你们这些孩子们能了解的。那种时代能考上人大，真心是顶级学霸之列。92年高考录取率是25%。现在是……75%。说事业，他96年毕业先打工，两年后白手起家创业，如今刚过40岁，身价八十亿美刀。除了颜值是天生的差了一点，那没办法之外。拼学历，拼事业，这种人，从来就只好用八个字形容：人中龙凤，才华横溢。一个女人喜欢上这样的男人，有什么奇怪的？一帮loser黑来黑去的，真心可笑。>","type":"unstyled","depth":0,"inlineStyleRanges":[],"entityRanges":[],"data":{}}],"entityMap":{}},"previewText":"<在此填入你的文字>","resourceIdList":[]}',
        '笑。刘强东74年生。讲学历，他毕业于宿迁中学（80年代就是省重点），92年参加高考。92年还没有扩招，高考的含金量和竞争残酷性就不说了。考进人民大学。妥妥的国内一流顶尖名校行列。妥妥的90年代学霸。80年代90年代初的高考有多激烈，不是如今你们这些孩子们能了解的。那种时代能考上人大，真心是顶级学霸之列。92年高考录取率是25%。现在是……75%。说事业，他96年毕业先打工，两年后白手起家创业，如今刚过40岁，身价八十亿美刀。除了颜值是天生的差了一点，那没办法之外。拼学历，拼事业，这种人，从来就只好用八个字形容：人中龙凤，才华横溢。一个女人喜欢上这样的男人，有什么奇怪的？一帮loser黑来黑去的，真心可笑。');
INSERT INTO youthchina.COM_RICH_TEXT (TEXT_ID, COMPILE_TYPE, JSON_CONTENT, TEXT_CONTENT)
VALUES (69, 1,
        '{"braftEditorRaw":{"blocks":[{"key":"dtj4a","text":"<举个特别简单的小例子：1、你家楼下的小卖部，每年营业额有50万，净利润10万；另一家企业每年营业额5000亿，净利润-10亿。你觉得小卖部老板跟这家企业的老板，谁的身价会高一些？2、张三初中毕业就出来挣钱了，每月搬砖就能挣4000，十三年攒了30万块钱；李四是张三的同学，他一直读完了博士，但这几年一分钱没有挣到，还花了家里的几万块钱。你觉得再过十年，是张三有钱还是李四有钱？3、有两家企业，A企业年营业额10亿，净利润1亿，预计未来十年年营业额和利润年均增长可达到5%；B企业年营业额100亿，净亏损40亿，预计未来十年每年营业额增长为30%，净亏损每年可减少5亿。如果你是投资人，你愿意投资哪家企业？刘强东为什么有钱？原因就在这三个例子里。京东虽然的确亏损，但京东的营业额一直在快速增长，而且京东的亏损比例越来越小，这说明京东的经营能力是在不断提升的。另一方面，看京东值不值钱，不能看它挣了多少钱，而要看它花了多少钱。这就好比说，十年前你的同事拼命买北京的房子，买了四五套，每个月还贷都要五六万。你跟同事挣得一样多，但都把钱攒着存定期了。把你们两个人看做两家企业的话，那么计算一下扣非净利润，你的同事每年的利润要远远小于你，但这并不表示你比你同事更有钱。最后，京东这么多年来虽然一直在亏损，但京东的业务范围越来越大。比如京东有着业内最快的物流速度，这是因为京东建设起了国内规模最大、体系最完善的物流系统（仅就一二线城市而言）。京东物流现在是亏钱的，但京东物流正在逐步对外开放，京东物流未来是可以挣大钱的。除此之外，京东金融等部分，也有分拆上市的打算。在投资人眼里，这前花的太值了。>","type":"unstyled","depth":0,"inlineStyleRanges":[],"entityRanges":[],"data":{}}],"entityMap":{}},"previewText":"<在此填入你的文字>","resourceIdList":[]}',
        '举个特别简单的小例子：1、你家楼下的小卖部，每年营业额有50万，净利润10万；另一家企业每年营业额5000亿，净利润-10亿。你觉得小卖部老板跟这家企业的老板，谁的身价会高一些？2、张三初中毕业就出来挣钱了，每月搬砖就能挣4000，十三年攒了30万块钱；李四是张三的同学，他一直读完了博士，但这几年一分钱没有挣到，还花了家里的几万块钱。你觉得再过十年，是张三有钱还是李四有钱？3、有两家企业，A企业年营业额10亿，净利润1亿，预计未来十年年营业额和利润年均增长可达到5%；B企业年营业额100亿，净亏损40亿，预计未来十年每年营业额增长为30%，净亏损每年可减少5亿。如果你是投资人，你愿意投资哪家企业？刘强东为什么有钱？原因就在这三个例子里。京东虽然的确亏损，但京东的营业额一直在快速增长，而且京东的亏损比例越来越小，这说明京东的经营能力是在不断提升的。另一方面，看京东值不值钱，不能看它挣了多少钱，而要看它花了多少钱。这就好比说，十年前你的同事拼命买北京的房子，买了四五套，每个月还贷都要五六万。你跟同事挣得一样多，但都把钱攒着存定期了。把你们两个人看做两家企业的话，那么计算一下扣非净利润，你的同事每年的利润要远远小于你，但这并不表示你比你同事更有钱。最后，京东这么多年来虽然一直在亏损，但京东的业务范围越来越大。比如京东有着业内最快的物流速度，这是因为京东建设起了国内规模最大、体系最完善的物流系统（仅就一二线城市而言）。京东物流现在是亏钱的，但京东物流正在逐步对外开放，京东物流未来是可以挣大钱的。除此之外，京东金融等部分，也有分拆上市的打算。在投资人眼里，这前花的太值了。');
INSERT INTO youthchina.COM_RICH_TEXT (TEXT_ID, COMPILE_TYPE, JSON_CONTENT, TEXT_CONTENT)
VALUES (70, 1,
        '{"braftEditorRaw":{"blocks":[{"key":"dtj4a","text":"<东哥拿你当兄弟，你问东哥要工资？不就是受点委屈嘛，既然做了东哥兄弟，就要体谅东哥的难处，有啥委屈自己忍着，别一天天叨逼叨没完没了的，抹黑公司形象，损害东哥人设，试问你这么不讲义气，以后东哥还怎么拿你当兄弟？———————————更新———————————没想到随便吐个槽能混这么多赞，看来不认真说几句都过意不去了。首先，目前真相未明，作为旁观者不能轻易站队，很多答案提到了，东哥说快递小哥月收入是1万朝上，而快递小哥说自己是8000元，就算认为东哥说的是税前收入，小哥说的是税后收入，数据还是对不上，究竟是一方在撒谎，还是双方都没撒谎，但东哥因为远离一线，拿到了不实数据，暂时无法求证，只能静待下文。第二，从公关的角度，东哥亲自下场手撕一个快递小哥，是非常掉段的行为。我反正没法想象AT的二马作为老总，能和一线程序员互怼，不管对错，都该交给下面的专人处理，不该由老总上场，否则就有恃强凌弱之嫌，毕竟老总的社会资源太强大了，对员工很不公平，而且舆论一旦发酵，对公司名声和老总人设都是得不偿失，有害无益。第三，东哥这次在知乎被怼成这样，是求仁得仁，大家积怨已久，早就想怼他，只是缺个机会罢了，而不能怨什么水军。平时动辄兄弟，说自己如何如何关爱员工，树了个好大哥的人设，如今一涉及利益立刻凶相毕露，大家骂你一句伪君子有啥不对？当初你diss某云，讽刺同行，高调宣扬自己仗义疏财的时候，可不是今天这样说的吧？>","type":"unstyled","depth":0,"inlineStyleRanges":[],"entityRanges":[],"data":{}}],"entityMap":{}},"previewText":"<在此填入你的文字>","resourceIdList":[]}',
        '东哥拿你当兄弟，你问东哥要工资？不就是受点委屈嘛，既然做了东哥兄弟，就要体谅东哥的难处，有啥委屈自己忍着，别一天天叨逼叨没完没了的，抹黑公司形象，损害东哥人设，试问你这么不讲义气，以后东哥还怎么拿你当兄弟？———————————更新———————————没想到随便吐个槽能混这么多赞，看来不认真说几句都过意不去了。首先，目前真相未明，作为旁观者不能轻易站队，很多答案提到了，东哥说快递小哥月收入是1万朝上，而快递小哥说自己是8000元，就算认为东哥说的是税前收入，小哥说的是税后收入，数据还是对不上，究竟是一方在撒谎，还是双方都没撒谎，但东哥因为远离一线，拿到了不实数据，暂时无法求证，只能静待下文。第二，从公关的角度，东哥亲自下场手撕一个快递小哥，是非常掉段的行为。我反正没法想象AT的二马作为老总，能和一线程序员互怼，不管对错，都该交给下面的专人处理，不该由老总上场，否则就有恃强凌弱之嫌，毕竟老总的社会资源太强大了，对员工很不公平，而且舆论一旦发酵，对公司名声和老总人设都是得不偿失，有害无益。第三，东哥这次在知乎被怼成这样，是求仁得仁，大家积怨已久，早就想怼他，只是缺个机会罢了，而不能怨什么水军。平时动辄兄弟，说自己如何如何关爱员工，树了个好大哥的人设，如今一涉及利益立刻凶相毕露，大家骂你一句伪君子有啥不对？当初你diss某云，讽刺同行，高调宣扬自己仗义疏财的时候，可不是今天这样说的吧？');
INSERT INTO youthchina.COM_RICH_TEXT (TEXT_ID, COMPILE_TYPE, JSON_CONTENT, TEXT_CONTENT)
VALUES (71, 1,
        '{"braftEditorRaw":{"blocks":[{"key":"dtj4a","text":"<我找到了京东一周时间就可以打败苏宁的方法。从其他渠道获取苏宁员工姓名和手机号，然后在京东上买两样东西寄到苏宁总部，注意，先寄给几个普通的员工。假如这几个员工当天被开了，那么就开始寄给中层，然后就是领导层。假如领导层安然不动，那么底层和领导层的嫌隙就出来了，对公司来说是大忌。假如中层也被开了，那京东就可劲儿寄东西吧。更新一下，还不用京东自己亲自干这个，直接在微博上把这个想法一说，看热闹不嫌事大的群众多着呢，有仇敌在苏宁上班的，对苏宁不满的，立马京东上下单了还增加京东的销售额呢。再提醒下，苏宁的同学，假如以前有人给你穿小鞋，下绊子，打黑枪的，直接一个京东包裹，一雪前耻。趁着双十一这个节骨眼儿，开干吧。>","type":"unstyled","depth":0,"inlineStyleRanges":[],"entityRanges":[],"data":{}}],"entityMap":{}},"previewText":"<在此填入你的文字>","resourceIdList":[]}',
        '我找到了京东一周时间就可以打败苏宁的方法。从其他渠道获取苏宁员工姓名和手机号，然后在京东上买两样东西寄到苏宁总部，注意，先寄给几个普通的员工。假如这几个员工当天被开了，那么就开始寄给中层，然后就是领导层。假如领导层安然不动，那么底层和领导层的嫌隙就出来了，对公司来说是大忌。假如中层也被开了，那京东就可劲儿寄东西吧。更新一下，还不用京东自己亲自干这个，直接在微博上把这个想法一说，看热闹不嫌事大的群众多着呢，有仇敌在苏宁上班的，对苏宁不满的，立马京东上下单了还增加京东的销售额呢。再提醒下，苏宁的同学，假如以前有人给你穿小鞋，下绊子，打黑枪的，直接一个京东包裹，一雪前耻。趁着双十一这个节骨眼儿，开干吧。');
INSERT INTO youthchina.COM_RICH_TEXT (TEXT_ID, COMPILE_TYPE, JSON_CONTENT, TEXT_CONTENT)
VALUES (72, 1,
        '{"braftEditorRaw":{"blocks":[{"key":"dtj4a","text":"<我要为杜爽说两句。说这话在知乎这个撕女权黑中医的社区里是政治不正确的。但是这个话题在我的首页来来回回出现数次了，我也把各位答案看过数次了，实在忍不住了，只想为她说两句。东哥此人我是比较喜欢的，一个是因为他圆圆的脑袋憨厚的模样，一个是因为奶茶妹妹他们俩确实也是办实事的人，所以我并没有贬低他的意思。我只是觉得，既然是畅所欲言的平台，那么任何声音都是可以发出来的。杜爽做得最没过脑子的事就是在电视机前说了“我不会耽误工作的，老板”，做得欠妥的也仅此一件。很多回答里的戏真的太多了。什么在电视机前要挟老板，要在全国人面前赌一把，就像各位说的，他们两个能坐到这个位置，都不是白做的。杜爽从08年开始就进入京东，跟了东哥这么多年，自己说的话到底能不能威胁得了东哥，她心里没数么？又何必自取其辱，不但被东哥揶揄了几句，还被各路人马骂得狗血喷头。所以很大的可能是，她说这话时候太心急了，她太想表达她的忠心了。我们先看看杜爽这么多年都干了些什么：从京东成立之初就在京东工作，从业务员做起，键盘鼠标的利润低，她就五毛钱五毛钱地把价格降下来，跟在菜市场买菜一样，一分一分地省。负责的版块，在8个月里，销售额从一两百万增长到2000万。没请过年假，没请过病假，跟供应商喝酒，喝得颅压太高，眼球毛细血管破裂，白眼球都红了。当一个人付出这么多，面临着很可能失去自己奋斗成果的时候，正常人的反应都是极力维护。她太不想失去这么多年的努力得来的成果了，这难道不能理解？女性怀孕就要离开重要岗位，是这社会约定俗成的规矩了，一是为了女性身体健康，但更重要的是，老板怕她们耽误工作。很多人说了，这不是正常的反应吗，谁家钱也不是大风刮来的，不能冒险。是的，这是正确的，但是，杜爽为了自己这么多年的心血心急失言了，会有这么大的问题吗？且不说这件事情没有对东哥造成什么影响，就算是有了一些影响，也不至于上纲上线到心机婊的高度。有朝一日，等我们四十出头，再也不能整瓶啤酒对着吹，再也不能陪客户通宵打麻将时，领导走到跟前，和蔼可亲地提醒我们，你这身体最近不太好，要不休息休息吧。我们就能瞬间忘记了以前喝吐在饭店厕所，忘记坐凌晨三点班机跑业务，忘记为了急活连续吃住公司半个月，然后开开心心说，老板，我准备好了，我的位置你拿走给新人锻炼吧！这可能吗？！为什么我一定想写写这些为杜爽说话，因为我也曾经怀孕，也和我领导说过，我不会耽误工作的。因为手里有跟了三年的项目，我确实没办法瞬间放弃。等到预产期那天，我还坐在办公室里，领导说什么都不让我再上班了，让我赶紧回家休息，我特别理解杜爽的心情，不是贪居高位，是不想让自己这么久的努力付之一炬，人心都是肉长的，谁会不疼呢？本来就是个男权社会，女性生存着实不易，想要和男性达到同样的高度，必须要付出数倍努力。加倍努力工作，要被诟病作为母亲不合格，多照顾孩子，要被吐槽工作上不上进。大家都是普通人，所以只能这样活着，活得很心酸，也很无奈。我不认识杜爽，不了解她的为人，但是我知道，作为女性她做到这个程度一定付出了超乎常人的努力。祝福她，也祝福正在生活的湍流中逆流而上的女性们，也希望各位老铁们能对女性多一些包容。>","type":"unstyled","depth":0,"inlineStyleRanges":[],"entityRanges":[],"data":{}}],"entityMap":{}},"previewText":"<在此填入你的文字>","resourceIdList":[]}',
        '我要为杜爽说两句。说这话在知乎这个撕女权黑中医的社区里是政治不正确的。但是这个话题在我的首页来来回回出现数次了，我也把各位答案看过数次了，实在忍不住了，只想为她说两句。东哥此人我是比较喜欢的，一个是因为他圆圆的脑袋憨厚的模样，一个是因为奶茶妹妹他们俩确实也是办实事的人，所以我并没有贬低他的意思。我只是觉得，既然是畅所欲言的平台，那么任何声音都是可以发出来的。杜爽做得最没过脑子的事就是在电视机前说了“我不会耽误工作的，老板”，做得欠妥的也仅此一件。很多回答里的戏真的太多了。什么在电视机前要挟老板，要在全国人面前赌一把，就像各位说的，他们两个能坐到这个位置，都不是白做的。杜爽从08年开始就进入京东，跟了东哥这么多年，自己说的话到底能不能威胁得了东哥，她心里没数么？又何必自取其辱，不但被东哥揶揄了几句，还被各路人马骂得狗血喷头。所以很大的可能是，她说这话时候太心急了，她太想表达她的忠心了。我们先看看杜爽这么多年都干了些什么：从京东成立之初就在京东工作，从业务员做起，键盘鼠标的利润低，她就五毛钱五毛钱地把价格降下来，跟在菜市场买菜一样，一分一分地省。负责的版块，在8个月里，销售额从一两百万增长到2000万。没请过年假，没请过病假，跟供应商喝酒，喝得颅压太高，眼球毛细血管破裂，白眼球都红了。当一个人付出这么多，面临着很可能失去自己奋斗成果的时候，正常人的反应都是极力维护。她太不想失去这么多年的努力得来的成果了，这难道不能理解？女性怀孕就要离开重要岗位，是这社会约定俗成的规矩了，一是为了女性身体健康，但更重要的是，老板怕她们耽误工作。很多人说了，这不是正常的反应吗，谁家钱也不是大风刮来的，不能冒险。是的，这是正确的，但是，杜爽为了自己这么多年的心血心急失言了，会有这么大的问题吗？且不说这件事情没有对东哥造成什么影响，就算是有了一些影响，也不至于上纲上线到心机婊的高度。有朝一日，等我们四十出头，再也不能整瓶啤酒对着吹，再也不能陪客户通宵打麻将时，领导走到跟前，和蔼可亲地提醒我们，你这身体最近不太好，要不休息休息吧。我们就能瞬间忘记了以前喝吐在饭店厕所，忘记坐凌晨三点班机跑业务，忘记为了急活连续吃住公司半个月，然后开开心心说，老板，我准备好了，我的位置你拿走给新人锻炼吧！这可能吗？！为什么我一定想写写这些为杜爽说话，因为我也曾经怀孕，也和我领导说过，我不会耽误工作的。因为手里有跟了三年的项目，我确实没办法瞬间放弃。等到预产期那天，我还坐在办公室里，领导说什么都不让我再上班了，让我赶紧回家休息，我特别理解杜爽的心情，不是贪居高位，是不想让自己这么久的努力付之一炬，人心都是肉长的，谁会不疼呢？本来就是个男权社会，女性生存着实不易，想要和男性达到同样的高度，必须要付出数倍努力。加倍努力工作，要被诟病作为母亲不合格，多照顾孩子，要被吐槽工作上不上进。大家都是普通人，所以只能这样活着，活得很心酸，也很无奈。我不认识杜爽，不了解她的为人，但是我知道，作为女性她做到这个程度一定付出了超乎常人的努力。祝福她，也祝福正在生活的湍流中逆流而上的女性们，也希望各位老铁们能对女性多一些包容。');
INSERT INTO youthchina.COM_RICH_TEXT (TEXT_ID, COMPILE_TYPE, JSON_CONTENT, TEXT_CONTENT)
VALUES (73, 1,
        '{"braftEditorRaw":{"blocks":[{"key":"dtj4a","text":"<原文：凉风乍起，一叶知秋，换季时节，记得添衣保暖、预防感冒。老刘家的秋意来的比往年更浓一些，在性侵事件中，能够“一叶知秋”的那片“叶子”是谁呢？是章泽天。章泽天没有出来给她老公站台，就说明刘强东犯了她也认为不能被原谅的错误，一对喜欢秀恩爱的夫妻，如果真没事，老婆早就站出来澄清了，遇到这种事情，只要看看配偶的反应就一目了然，至于阴谋论，收的是智商税，如果真是阴谋论，这时候章泽天会不第一时间给她老公站台吗？可以推测以下信息：1，刘强东大概率是睡了人家姑娘，并且拔屌无情，没有给对方满意的补偿，刘强东以为自己牌面大，能压迫对方屈服认怂，可惜那里是法制更为完善的美国（补充：这个地方属于敏感区，挑动国人的神经，嗯，痛殇之处，没有展开讨论，有兴趣的可以去其它高赞答案那里去了解，路漫漫其修远兮，道阻且长～）。事完不打算负责，刘强东当时估计是自我膨胀了，所以处理的方式也真够烂；2，章泽天心中没有原谅刘强东，这件事情将是他们俩之间深深的裂痕，抹茶MM，王思聪一语道破，这其中的伤害，只有章泽天自己明白，像她这种贵妇人，物质生活已经足够充裕，需要的更多是精神满足，当全国人民都知道他老公绿了她，无疑是在她精神世界放了致命的核弹，毁灭她的所有人设自尊；3，京东股价暴跌，大概率说明刘强东和女方发生性关系是实锤，资本家的嗅觉从来都比普通人灵敏，刘强东以前的标签是逆袭，是穷人逆袭白富美，是励志典型，这也是他可以在人前站直的本钱，但是这件事情，无疑是当面打脸，婚内出轨，把他的面具撕下来，让他的人设崩塌，人们以后尊重他，只会是功利的金钱尊重，不再是精神的人格尊重；4，龚小京离开刘强东这件事情，说明她认为刘强东有着某种难以接受的缺陷，以至于不是适合的婚姻对象，我觉得一个男人事业成功，是很有魅力的，如果能让一个一起打拼过的女人拒绝事业潜力很大的男人，那必须是他的私生活不检点，这件事情，就是刘强东露出了尾巴，至于龚小京当时选择的离开，现在看，不见得是真傻；5，底层的逆袭，逆袭的不仅是物质，还有精神，逆袭物质不易，逆袭精神更难；富裕不易，素质更难。刘强东的成功，是片面的，这也是当下国内企业家的普遍通病，刘强东，柳传志，柳青，他们都是迷失者，虽然他们都发现了金矿。～～～～～～～～～～～～～～～～～～～补充：竟被大家顶到第一位，那我多说几句，谈一谈自己的看法，关于章泽天的和刘强东的：第一，关于章泽天，她在这件事情里属于灯下黑，未被大家理性的看待；在评论区里，对于章泽天的调侃和羞辱是不对的，一个女人，作为妻子，她也是这件事情的受害者，网络上一直关注的是刘强东，但是由于“历史造成的心理定势”，大部分人忽视了章泽天也是受害者，国内的网民落井下石的多，看笑话的多，心里酸葡萄的多，真正关心受害者的却极少，这里我要批评一下王思聪这种看客心态（估计王也是意识到了不妥，所以很快删除了微博），至少我现在没有在网上看到一篇关心受害者的理性的文章，我觉得这样是不对的，这样的我们，和冷漠的刘强东有什么区别？为什么一点人文关怀都没有，甚至还要去羞辱她？羞辱一个被丈夫伤害了的女人？我们可以去揣摩章泽天嫁给刘强东有功利的一面，但是就后来媒体曝出来的二者婚后的照片来看，章泽天看刘强东的眼神简直不要太甜，如果那种眼神都能作假，那她简直有影后级别的演技，所以我更相信她是崇拜着、爱着刘强东的，评论区里觉得章泽天有多么厚黑，又对这种事情有多少心里准备，我觉得不是，一个女人，爱着自己的丈夫，难道不渴望自己的丈夫忠诚于自己？刘强东的出轨，暴击了他的家庭，何况是在国内知名度这么高、这么特殊组合的家庭，本来是穷小子逆袭高富帅，迎娶白富美的佳话，变成了全国人民调侃的笑话，故事里的女主角心里有多么崩溃？是自责？自责自己看走了眼？是怀疑？刘强东在外面乱搞，是不是以前就是这样？有过几个女人？乱来了多少次？自己又是他的第几个？……我想章泽天心里一定会有很多疑问，这种怀疑，在夜里就会像黑暗一样蔓延，让她彻夜难眠，带给她彻骨的冷。这种经济实力悬殊的婚姻，确实带给她丰裕的生活，给了她很多选择，但是也剥夺了她很多选择，她永远只能做绿叶、做刘强东的勋功章，而不是精神对等的灵魂伴侣，刘强东让自己的老婆在外面抛头露面，不停的制造噱头赚取眼球，不停的制造新闻，这和同显摆勋功章有什么区别？我觉得这样不是对妻子的呵护，是透支，是伤害，是尊严的践踏。她是妻子，不是陪衬，不是勋功章。或许刘强东正是连这点敬畏都没有，知道章泽天奈何不了她，才敢胡来。如果章泽天是刘强东，刘强东是章泽天，刘强东还敢这样吗？只要看看现在的章泽天敢不敢就一目了然。这是一出巨大的悲剧，折射了这个社会人性的沦陷和弱势群体被轮番蹂躏的悲哀。请善待你的妻子，要么就不要娶她。请善待你的丈夫，要么就不要答应嫁给他。共勉。第二，关于刘强东，强奸固然可恨可耻，但是我们要学会把他剥开来看；刘强东能够走到今天，殊为不易，从一个穷小子成为亿万富豪，创下偌大家业，其中之艰辛，非常人所能忍受，他身上必然有我们值得学习的地方，如果像评论区里那样一棍子打死，对我们自身的进步毫无意义，他今天栽在女人身上，我鄙视他的同时也替他感到痛惜，广大男同胞们，要引以为戒，财富会让人膨胀，膨胀了就会肆意妄为，刘强东就是前车之鉴，人性的弱点，会在不经意间释放出恶魔，如果没有谨慎之心，任凭自我膨胀的驱使，最终必然是作茧自缚、英雄落幕。这件事情究竟是女推男还是男推女还是半推半就，已经不重要了，可以确定的是，刘强东自己当时没有把持住，如果他自己心里真不想，哪会有这档子事，无论如何，还是自己出了问题。（补充：评论区里唱衰京东的同学，我想说，京东是国内唯一能和淘宝竞争的电商巨头，发生这件事情，无疑对京东的经营造成严重的负面影响，从长远来看，京东如果倒下，是不利于广大消费者的，京东如果真的衰落，那么是等于帮助淘宝天猫往电商垄断迈了一大步，嗯，拼多多同学和苏宁同学先坐下，你们很有潜力，但是现在暂时还太小，你们还需要时间再长大点才行，所以，广大消费者在实际上是需要京东好好活着的，这一点要看清、看明白。）看他的成功，取其长处，学习总结；看他的失败，反躬自省，引以为戒；共勉。评论区里对刘强东是一片讨伐之声，希望正义得到伸张，下面这段话，可能会打击到一些人，我无意如此，只是陈述一个赤果果的事实：在这个世界上，有两样东西对法律有自带击退功能，一个是权力，一个是金钱。刘强东有的是钱，事发地是美国，大家太高看资本主义了，人家的监狱从来都不是为刘强东这种人准备的，想为刘强东这种大客户辩护的美国律师一叠一叠的，他能从局里走出来，就不可能再进去，这件事情的调查结果，应该是刘强东会被证明“无罪”，否则美国律师群体在富豪阶层的信誉要大打折扣了。至于大家讨论的章泽天会选择离婚，这个可能性非常非常小，刘强东的架子正在经历暴风雨，她既然没有出来站台，那更不可能出来拆台，她的决定权在刘强东手里，在京东系利益相关的上位者手里，这就是选择严重不对等婚姻的代价，即：你可以选择入不入局，但是入局之后，能不能出局，就不是你能决定的了，你的决定只能是也只会是体现强势方的利益意志。做个小小的总结吧，评论区里有一位知友，说出了我的意愿，前人之事，后世之师，这件事情的真假，对刘章二人而言很重要，对京东来讲很重要，但是对我们其他人而言，其实不重要，对我们而言，重要的是，能否从他们那里领悟点什么，学到点什么，关于婚姻的、关于事业的、关于财富的，或者关于个人的精神修养的，至于做一个磕瓜子的看客，那毫无意义。借用评论区里的一句话：女人，要自强；男人，要自省。>","type":"unstyled","depth":0,"inlineStyleRanges":[],"entityRanges":[],"data":{}}],"entityMap":{}},"previewText":"<在此填入你的文字>","resourceIdList":[]}',
        '原文：凉风乍起，一叶知秋，换季时节，记得添衣保暖、预防感冒。老刘家的秋意来的比往年更浓一些，在性侵事件中，能够“一叶知秋”的那片“叶子”是谁呢？是章泽天。章泽天没有出来给她老公站台，就说明刘强东犯了她也认为不能被原谅的错误，一对喜欢秀恩爱的夫妻，如果真没事，老婆早就站出来澄清了，遇到这种事情，只要看看配偶的反应就一目了然，至于阴谋论，收的是智商税，如果真是阴谋论，这时候章泽天会不第一时间给她老公站台吗？可以推测以下信息：1，刘强东大概率是睡了人家姑娘，并且拔屌无情，没有给对方满意的补偿，刘强东以为自己牌面大，能压迫对方屈服认怂，可惜那里是法制更为完善的美国（补充：这个地方属于敏感区，挑动国人的神经，嗯，痛殇之处，没有展开讨论，有兴趣的可以去其它高赞答案那里去了解，路漫漫其修远兮，道阻且长～）。事完不打算负责，刘强东当时估计是自我膨胀了，所以处理的方式也真够烂；2，章泽天心中没有原谅刘强东，这件事情将是他们俩之间深深的裂痕，抹茶MM，王思聪一语道破，这其中的伤害，只有章泽天自己明白，像她这种贵妇人，物质生活已经足够充裕，需要的更多是精神满足，当全国人民都知道他老公绿了她，无疑是在她精神世界放了致命的核弹，毁灭她的所有人设自尊；3，京东股价暴跌，大概率说明刘强东和女方发生性关系是实锤，资本家的嗅觉从来都比普通人灵敏，刘强东以前的标签是逆袭，是穷人逆袭白富美，是励志典型，这也是他可以在人前站直的本钱，但是这件事情，无疑是当面打脸，婚内出轨，把他的面具撕下来，让他的人设崩塌，人们以后尊重他，只会是功利的金钱尊重，不再是精神的人格尊重；4，龚小京离开刘强东这件事情，说明她认为刘强东有着某种难以接受的缺陷，以至于不是适合的婚姻对象，我觉得一个男人事业成功，是很有魅力的，如果能让一个一起打拼过的女人拒绝事业潜力很大的男人，那必须是他的私生活不检点，这件事情，就是刘强东露出了尾巴，至于龚小京当时选择的离开，现在看，不见得是真傻；5，底层的逆袭，逆袭的不仅是物质，还有精神，逆袭物质不易，逆袭精神更难；富裕不易，素质更难。刘强东的成功，是片面的，这也是当下国内企业家的普遍通病，刘强东，柳传志，柳青，他们都是迷失者，虽然他们都发现了金矿。～～～～～～～～～～～～～～～～～～～补充：竟被大家顶到第一位，那我多说几句，谈一谈自己的看法，关于章泽天的和刘强东的：第一，关于章泽天，她在这件事情里属于灯下黑，未被大家理性的看待；在评论区里，对于章泽天的调侃和羞辱是不对的，一个女人，作为妻子，她也是这件事情的受害者，网络上一直关注的是刘强东，但是由于“历史造成的心理定势”，大部分人忽视了章泽天也是受害者，国内的网民落井下石的多，看笑话的多，心里酸葡萄的多，真正关心受害者的却极少，这里我要批评一下王思聪这种看客心态（估计王也是意识到了不妥，所以很快删除了微博），至少我现在没有在网上看到一篇关心受害者的理性的文章，我觉得这样是不对的，这样的我们，和冷漠的刘强东有什么区别？为什么一点人文关怀都没有，甚至还要去羞辱她？羞辱一个被丈夫伤害了的女人？我们可以去揣摩章泽天嫁给刘强东有功利的一面，但是就后来媒体曝出来的二者婚后的照片来看，章泽天看刘强东的眼神简直不要太甜，如果那种眼神都能作假，那她简直有影后级别的演技，所以我更相信她是崇拜着、爱着刘强东的，评论区里觉得章泽天有多么厚黑，又对这种事情有多少心里准备，我觉得不是，一个女人，爱着自己的丈夫，难道不渴望自己的丈夫忠诚于自己？刘强东的出轨，暴击了他的家庭，何况是在国内知名度这么高、这么特殊组合的家庭，本来是穷小子逆袭高富帅，迎娶白富美的佳话，变成了全国人民调侃的笑话，故事里的女主角心里有多么崩溃？是自责？自责自己看走了眼？是怀疑？刘强东在外面乱搞，是不是以前就是这样？有过几个女人？乱来了多少次？自己又是他的第几个？……我想章泽天心里一定会有很多疑问，这种怀疑，在夜里就会像黑暗一样蔓延，让她彻夜难眠，带给她彻骨的冷。这种经济实力悬殊的婚姻，确实带给她丰裕的生活，给了她很多选择，但是也剥夺了她很多选择，她永远只能做绿叶、做刘强东的勋功章，而不是精神对等的灵魂伴侣，刘强东让自己的老婆在外面抛头露面，不停的制造噱头赚取眼球，不停的制造新闻，这和同显摆勋功章有什么区别？我觉得这样不是对妻子的呵护，是透支，是伤害，是尊严的践踏。她是妻子，不是陪衬，不是勋功章。或许刘强东正是连这点敬畏都没有，知道章泽天奈何不了她，才敢胡来。如果章泽天是刘强东，刘强东是章泽天，刘强东还敢这样吗？只要看看现在的章泽天敢不敢就一目了然。这是一出巨大的悲剧，折射了这个社会人性的沦陷和弱势群体被轮番蹂躏的悲哀。请善待你的妻子，要么就不要娶她。请善待你的丈夫，要么就不要答应嫁给他。共勉。第二，关于刘强东，强奸固然可恨可耻，但是我们要学会把他剥开来看；刘强东能够走到今天，殊为不易，从一个穷小子成为亿万富豪，创下偌大家业，其中之艰辛，非常人所能忍受，他身上必然有我们值得学习的地方，如果像评论区里那样一棍子打死，对我们自身的进步毫无意义，他今天栽在女人身上，我鄙视他的同时也替他感到痛惜，广大男同胞们，要引以为戒，财富会让人膨胀，膨胀了就会肆意妄为，刘强东就是前车之鉴，人性的弱点，会在不经意间释放出恶魔，如果没有谨慎之心，任凭自我膨胀的驱使，最终必然是作茧自缚、英雄落幕。这件事情究竟是女推男还是男推女还是半推半就，已经不重要了，可以确定的是，刘强东自己当时没有把持住，如果他自己心里真不想，哪会有这档子事，无论如何，还是自己出了问题。（补充：评论区里唱衰京东的同学，我想说，京东是国内唯一能和淘宝竞争的电商巨头，发生这件事情，无疑对京东的经营造成严重的负面影响，从长远来看，京东如果倒下，是不利于广大消费者的，京东如果真的衰落，那么是等于帮助淘宝天猫往电商垄断迈了一大步，嗯，拼多多同学和苏宁同学先坐下，你们很有潜力，但是现在暂时还太小，你们还需要时间再长大点才行，所以，广大消费者在实际上是需要京东好好活着的，这一点要看清、看明白。）看他的成功，取其长处，学习总结；看他的失败，反躬自省，引以为戒；共勉。评论区里对刘强东是一片讨伐之声，希望正义得到伸张，下面这段话，可能会打击到一些人，我无意如此，只是陈述一个赤果果的事实：在这个世界上，有两样东西对法律有自带击退功能，一个是权力，一个是金钱。刘强东有的是钱，事发地是美国，大家太高看资本主义了，人家的监狱从来都不是为刘强东这种人准备的，想为刘强东这种大客户辩护的美国律师一叠一叠的，他能从局里走出来，就不可能再进去，这件事情的调查结果，应该是刘强东会被证明“无罪”，否则美国律师群体在富豪阶层的信誉要大打折扣了。至于大家讨论的章泽天会选择离婚，这个可能性非常非常小，刘强东的架子正在经历暴风雨，她既然没有出来站台，那更不可能出来拆台，她的决定权在刘强东手里，在京东系利益相关的上位者手里，这就是选择严重不对等婚姻的代价，即：你可以选择入不入局，但是入局之后，能不能出局，就不是你能决定的了，你的决定只能是也只会是体现强势方的利益意志。做个小小的总结吧，评论区里有一位知友，说出了我的意愿，前人之事，后世之师，这件事情的真假，对刘章二人而言很重要，对京东来讲很重要，但是对我们其他人而言，其实不重要，对我们而言，重要的是，能否从他们那里领悟点什么，学到点什么，关于婚姻的、关于事业的、关于财富的，或者关于个人的精神修养的，至于做一个磕瓜子的看客，那毫无意义。借用评论区里的一句话：女人，要自强；男人，要自省。');
INSERT INTO youthchina.COM_RICH_TEXT (TEXT_ID, COMPILE_TYPE, JSON_CONTENT, TEXT_CONTENT)
VALUES (74, 1,
        '{"braftEditorRaw":{"blocks":[{"key":"dtj4a","text":"<我说实话，你们别打我。无论刘强东这26亿算是婚前财产还是婚后财产，这种做法都无可厚非，没啥可争议的，他这26亿是全给老婆，给一半，还是全烧了，对他生活影响不大。无论奶茶嫁不嫁刘强东，你看看人家出身，就知道小姑娘从小活到老都能衣食无忧，优雅体面。可惜的是这世界上的女人绝大多数都活的不如奶茶，出身没人家好，长得没人家漂亮，嫁的人没这么有钱。这世界上的男人绝大多数活的不如刘强东，你给他一百年，加上他祖宗八辈，算上他儿子孙子，可能都赚不到26个亿，更别说娶到这么漂亮的媳妇儿了。所以这帮人心里绝对接受不了这俩人是相亲相爱的，必须得是勾心斗角，同床异梦，女的是心机重重算计家产的邓文迪，男的是老谋深算提心吊胆的默多克。女的机关算尽太聪明结果陪了青春又没钱，男的是娶了个娇妻还不能睡的安稳要防着枕边人……这么一想，这帮男女loser们心情就好多了，看看自己身边的窝囊汉子黄脸婆，感觉虽然我们没钱，但我们有爱情。>","type":"unstyled","depth":0,"inlineStyleRanges":[],"entityRanges":[],"data":{}}],"entityMap":{}},"previewText":"<在此填入你的文字>","resourceIdList":[]}',
        '我说实话，你们别打我。无论刘强东这26亿算是婚前财产还是婚后财产，这种做法都无可厚非，没啥可争议的，他这26亿是全给老婆，给一半，还是全烧了，对他生活影响不大。无论奶茶嫁不嫁刘强东，你看看人家出身，就知道小姑娘从小活到老都能衣食无忧，优雅体面。可惜的是这世界上的女人绝大多数都活的不如奶茶，出身没人家好，长得没人家漂亮，嫁的人没这么有钱。这世界上的男人绝大多数活的不如刘强东，你给他一百年，加上他祖宗八辈，算上他儿子孙子，可能都赚不到26个亿，更别说娶到这么漂亮的媳妇儿了。所以这帮人心里绝对接受不了这俩人是相亲相爱的，必须得是勾心斗角，同床异梦，女的是心机重重算计家产的邓文迪，男的是老谋深算提心吊胆的默多克。女的机关算尽太聪明结果陪了青春又没钱，男的是娶了个娇妻还不能睡的安稳要防着枕边人……这么一想，这帮男女loser们心情就好多了，看看自己身边的窝囊汉子黄脸婆，感觉虽然我们没钱，但我们有爱情。');
INSERT INTO youthchina.COM_RICH_TEXT (TEXT_ID, COMPILE_TYPE, JSON_CONTENT, TEXT_CONTENT)
VALUES (75, 1,
        '{"braftEditorRaw":{"blocks":[{"key":"dtj4a","text":"<大概是上个月的事情。有一个患者，术后伤口感染，被迫把整个胸部伤口全部打开，每日强效抗生素＋两次换药，苦不堪言。一日，她平日很少出现的女儿冲过来，找我大吵一架。核心思路就是：我在百度上看到的文章，这种伤口发生概率很低！而且很好治疗！而且我妈妈的手术，为什么要给她这么这么做？百度上说根本不需要！我痛苦地揉着额头，跟她科普了两个小时为什么我们医生特马的从来不拿百度上看到的文章当依据。最后她仍然气鼓鼓的走了，始终相信我们是在害她妈妈。这种情况，大概每周都要发生，总有患者家属告诉我：百度说药不是这样吃的！百度说病不是这样看的！百度说我这种根本不用手术！甚至，有的患者在我们觉得已经没有任何手术机会，基本宣判死刑之后，绝望之下，也会直接去各种百度上找到的“权威医院”、“老中医”，在离开世界之前，被搜刮完最后一滴油水。我想这才是百度目前最可怕的地方：在互联网时代，它已经成为了绝大多数百姓心中的权威，就像以前的电视、广播一样。煤老板再黑心，也不过是搞死几个几十个矿工，代工厂再血汗，也不过是压榨几百几千个打工仔，而百度所影响的，则是几亿人对于生命的选择。夜深了，明天又是一整天的手术。有时候想想也很悲哀，上百万像我一样的普通医生没日没夜的工作，一年也不过能救治几百几千人。而百度为了kpi的决定，就能轻轻巧巧地把病人对医生的信任毁于一旦。技术本身并不可耻，赚钱也并不可耻。但是靠着技术和政策的优势，为了赚钱泯灭了人性，那就只能祝百度全体高层全家万寿无疆，百度未来钱运昌隆，中国百姓无病无灾。>","type":"unstyled","depth":0,"inlineStyleRanges":[],"entityRanges":[],"data":{}}],"entityMap":{}},"previewText":"<在此填入你的文字>","resourceIdList":[]}',
        '大概是上个月的事情。有一个患者，术后伤口感染，被迫把整个胸部伤口全部打开，每日强效抗生素＋两次换药，苦不堪言。一日，她平日很少出现的女儿冲过来，找我大吵一架。核心思路就是：我在百度上看到的文章，这种伤口发生概率很低！而且很好治疗！而且我妈妈的手术，为什么要给她这么这么做？百度上说根本不需要！我痛苦地揉着额头，跟她科普了两个小时为什么我们医生特马的从来不拿百度上看到的文章当依据。最后她仍然气鼓鼓的走了，始终相信我们是在害她妈妈。这种情况，大概每周都要发生，总有患者家属告诉我：百度说药不是这样吃的！百度说病不是这样看的！百度说我这种根本不用手术！甚至，有的患者在我们觉得已经没有任何手术机会，基本宣判死刑之后，绝望之下，也会直接去各种百度上找到的“权威医院”、“老中医”，在离开世界之前，被搜刮完最后一滴油水。我想这才是百度目前最可怕的地方：在互联网时代，它已经成为了绝大多数百姓心中的权威，就像以前的电视、广播一样。煤老板再黑心，也不过是搞死几个几十个矿工，代工厂再血汗，也不过是压榨几百几千个打工仔，而百度所影响的，则是几亿人对于生命的选择。夜深了，明天又是一整天的手术。有时候想想也很悲哀，上百万像我一样的普通医生没日没夜的工作，一年也不过能救治几百几千人。而百度为了kpi的决定，就能轻轻巧巧地把病人对医生的信任毁于一旦。技术本身并不可耻，赚钱也并不可耻。但是靠着技术和政策的优势，为了赚钱泯灭了人性，那就只能祝百度全体高层全家万寿无疆，百度未来钱运昌隆，中国百姓无病无灾。');
INSERT INTO youthchina.COM_RICH_TEXT (TEXT_ID, COMPILE_TYPE, JSON_CONTENT, TEXT_CONTENT)
VALUES (76, 1,
        '{"braftEditorRaw":{"blocks":[{"key":"dtj4a","text":"<从seo角度看吧。百度从网吧全部默认捆绑首页发家，至于静默安装，各种坑爹打包，竞价，全都是雅美蝶小case，百度已经熟悉并喜欢使用简单套路了。百度最狠的，降低大家体验最多的原因反而是：他捏着各大网站的流量！！收录，排名，pv，外链等等数据，全都是泪。我以前兼做seo，算不上达人，也是入行吧，有Google前，seo们最津津乐道的就是pr，pr最重要的就是内容原创度和点入率，数据也好多，好在公平，再看百度seo一些优先规则。1，首页文字链和关键词为王，动态交互设计及图片不予收录。2，内链多。3，外链多。4，文章原创度不太重要，重要的是全方位关键词覆盖，标题及内容关键词优化or堆砌，还有页面文章更新数量和频率。（百度不是这么说的，他们自称尊重原创。）5，不按以上套路出牌者，百度pr或收录、流量一般超低，悲惨时连友链都换不来，没人理你，要么竞价，要么加大预算十倍，要么走其他路，例如行业站广告等，可行业站还是靠百度为生，消费更high。（百度也不是这么说的，例如百度称关掉凤巢竞价完全不影响网站，结果呵呵。）等等。具体seo高级技巧不说，太过无聊，但可以大致感受这些重要的因素，揣摩一下打开一些页面看到的铺天盖地关键词和超链接的心情。曾几何时，我的竞争对手以十个垃圾站的站群策略搏杀，进行seo过度优化，之后占据了大片自然排名位置，12.08.23事件后，还活着呢！于是乎，展现在大家面前的除一些屏蔽robot和某些内秀网站，例如点点（好像也萎靡了）人人等sns，专业论坛之类的，其余全是seo优化主导！每天，你通过百度看的都不是普通网站，它们是以营销和关键字为核心的网站！哪怕你放进收藏夹，网站运营者还是以SEO迎合百度流量这个路子运作，体验能高吗？新浪搜狐都玩关键字，别埋怨标题党，编辑都含着泪苦想啊！什么行业站，信息站，大众论坛，十有八九都这个味道，可以不玩，流量先死！想想豆瓣早几年活的多苦，还是小众网站，能走到今天，真她妈不容易！想想一些屌炸天的好内容和好网站，不是国内没有，他们都排到一百页开外了！这就是体验低的真正原因。>","type":"unstyled","depth":0,"inlineStyleRanges":[],"entityRanges":[],"data":{}}],"entityMap":{}},"previewText":"<在此填入你的文字>","resourceIdList":[]}',
        '从seo角度看吧。百度从网吧全部默认捆绑首页发家，至于静默安装，各种坑爹打包，竞价，全都是雅美蝶小case，百度已经熟悉并喜欢使用简单套路了。百度最狠的，降低大家体验最多的原因反而是：他捏着各大网站的流量！！收录，排名，pv，外链等等数据，全都是泪。我以前兼做seo，算不上达人，也是入行吧，有Google前，seo们最津津乐道的就是pr，pr最重要的就是内容原创度和点入率，数据也好多，好在公平，再看百度seo一些优先规则。1，首页文字链和关键词为王，动态交互设计及图片不予收录。2，内链多。3，外链多。4，文章原创度不太重要，重要的是全方位关键词覆盖，标题及内容关键词优化or堆砌，还有页面文章更新数量和频率。（百度不是这么说的，他们自称尊重原创。）5，不按以上套路出牌者，百度pr或收录、流量一般超低，悲惨时连友链都换不来，没人理你，要么竞价，要么加大预算十倍，要么走其他路，例如行业站广告等，可行业站还是靠百度为生，消费更high。（百度也不是这么说的，例如百度称关掉凤巢竞价完全不影响网站，结果呵呵。）等等。具体seo高级技巧不说，太过无聊，但可以大致感受这些重要的因素，揣摩一下打开一些页面看到的铺天盖地关键词和超链接的心情。曾几何时，我的竞争对手以十个垃圾站的站群策略搏杀，进行seo过度优化，之后占据了大片自然排名位置，12.08.23事件后，还活着呢！于是乎，展现在大家面前的除一些屏蔽robot和某些内秀网站，例如点点（好像也萎靡了）人人等sns，专业论坛之类的，其余全是seo优化主导！每天，你通过百度看的都不是普通网站，它们是以营销和关键字为核心的网站！哪怕你放进收藏夹，网站运营者还是以SEO迎合百度流量这个路子运作，体验能高吗？新浪搜狐都玩关键字，别埋怨标题党，编辑都含着泪苦想啊！什么行业站，信息站，大众论坛，十有八九都这个味道，可以不玩，流量先死！想想豆瓣早几年活的多苦，还是小众网站，能走到今天，真她妈不容易！想想一些屌炸天的好内容和好网站，不是国内没有，他们都排到一百页开外了！这就是体验低的真正原因。');
INSERT INTO youthchina.COM_RICH_TEXT (TEXT_ID, COMPILE_TYPE, JSON_CONTENT, TEXT_CONTENT)
VALUES (77, 1,
        '{"braftEditorRaw":{"blocks":[{"key":"dtj4a","text":"<没想到知乎首答获得这么多赞~奇怪的是，我慢慢爬楼看评论，某一页竟然出现好几条连楼的质疑。忍不住怀疑是公关大军~对于很多质疑，我再解释一下~且希望大家的疑问是建议在自己也亲身创建过企业词条的前提下提出的~“百度词条是免费的啊！我身边有人成功过啊！你是故意黑百度的吧！”这种回复我可以归纳为瞎BB嘛=。=======================太长不看的分割线=======================1、题主答非所问！抱歉，我的经历和眼界决定了我没办法客观公正的评价百度和AT的差距。我不知道百度的企业定位和发展方向是否符合时代的大潮，所以只能从建立百度词条这一亲身经验，表明自己的立场。2、题主被骗了吧！这应该只是百度的代理！我坐标上海，电话咨询了百度客服（百度安全认证的号码）之后，销售联系了我。虽然使用QQ作为即时通讯工具，但是很多重要事务都是用邮箱确认的。他们邮箱的后缀的确是http://sh.baidu.com（之前写成http://baidu.com.cn，特纠正）。所以如果说联系我的只是代理，我也木有办法，防不胜防啊！我个人觉得，百度并不能因为百科业务是代理负责的，所以拒不背锅吧！3、百度词条可以自己创建的！实在不行找淘宝！我有很具体的说明，我要创建英文品牌词条，且不在我司营业执照的企业名范围内。举个栗子，公司名是金牌家政月嫂有限公司，英文品牌是lovely saozi。如果你能够免费创建lovely saozi的百度词条，且包括公司介绍，发展历程，产品介绍等段落（而不是纯文字版的一段），请一定要慷慨分享你的心得！我做词条的时候是16年3月份左右（之前写成今年3月，特纠正），当时我有咨询过淘宝，收到的统一答复是，以前是可以，但现在查的严，我这种需求的品牌词条他们也建不了……只能花钱找百度。4、你打广告别人凭什么收录你！相信看到这条，同为marketing的小伙伴都可以呵呵一笑了！百度百科不能提及广告内容、促销信息，这点我当然知道啊！通过百度百科，展示我家品牌的定位、使命、发展历程，同时提供门户媒体的新闻引证，帮助感兴趣的用户客观快速的了解我们。这没毛病吧！对比同类品牌词条，我并不觉得我提交的内容有广告嫌疑。5、为何不起诉？虽然我是做百度词条，但是需要开通百度推广的业务。签署的也是百度推广的合同。这份合同没有任何百度词条合作的限定，对于合作中可能出现的情况都没有细节的规定，而且基本都是乙方（也就是我）的责任。当初其实问过我家法务，法务说这合同很多漏洞。但是百度给到的答复是，我这样的小合作，只能使用统一的合同模板。如果合作中出现意外，最坏的情况也是终止合作，冻结账户余额。所以老板拍板，决定签约~还有啊，我只是讨厌百度，并不是为了黑而恶意抹黑，公关真的可以不用特地来踩楼！======================正文分割线=======================我前公司是家外资企业，marketing 宣传时也都是使用英文的品牌名。后来大boss决定做英文的品牌词条，搜狗百科soso百科都能创建，只有百度词条永远过不了。好吧，我们知道百度词条的潜规则，于是电联百度的客服咨询业务。刚挂掉电话，百度的女员工A就加我，说是我的专属客服。并安排了男员工A第二天上门签约。在和男员工A沟通的时候，我们很明确的表示：我司唯一的诉求就是建立英文品牌名的百度词条。但是男员工A介绍说，不能单独开通百度词条的业务，需要先开通百度推广账户，然后才可以做品牌词条。意思就是，我必须购买他家的捆绑产品，为不需要的所谓推广服务额外付费。当然啦，boss看中百度词条，多付钱也OK，能做就好。但是在沟通过程中，我们严重怀疑百度员工的专业性和业务能力（当然，我没有一棒子打死所有百度人的恶意），男员工A对于业务的介绍极其模糊，话里话外的核心意思是：你说做啥就能做啥！so，现在签约吗？我们在联系百度前有做过一些功课，发现企业词条只能创建营业执照上的企业名组合。所以咨询了男员工A，我们是否可以做英文的品牌词条。当即获得了肯定的答复：你们是百度认证的企业，也提交了认证的所有材料，因此你们提出的品牌词条虽然不在营业执照的企业名范围内，但经过核实也是合法合规的，完全可以创建。于是我们要了中英文两版合同，并选择签署中文合同，当即确认合作。之后，百度的男员工B加我，说是我的售后专属客服。表示开通企业词条需要搭建啥平台，在3天内完成。3天后，我QQ、电话联系男员工B，都联系不到人。好吧，我又电联百度的客服，于是女员工B找到我，说自己上周请假，男员工B代班。她才是我的售后专属客服……当时离boss要求的deadline很近了，没空生气，能完成任务就好。谁知道，女员工B告诉我，我的企业词条建不了，因为是英文品牌名，且和营业执照上的企业名不符！有一句mmp不知当讲不当讲，再三确认这个词条做不了之后，只能走退款流程。然而又被告知，不好意思，退不了。这钱，你可以用来做百度推广呀！退不了，那我投诉总可以吧~哦，不好意思，我们是售后，你投诉的是销售，得去找他们老大。不蒸馒头争口气，我开始走上了退款维权之路。这时候被我诅咒了一百遍的男员工C许X伟先生上线，自带装逼光环语气极其恶劣但可能自认为很吊地说：我们百度是上市公司，不会骗你这点小钱。你要怎么维权，合同上哪一条违规了？你们有法务吗？麻烦你们找个会英文的看一下，中英文合同哪一点不一样………………（不好意思，我是外资企业，我boss美国人）后来我对于百度的投诉，又加了一条，针对男员工C许X伟先生个人的投诉。辗转又有女员工C联系我，说是许先生的上司，劝我不要再搞事。好吧，我继续投诉，每天坚持电话给百度公司询问进度。虽然一直被敷衍，但是电话邮件等投诉流程我每天都在走。直到有一天，许先生耀武扬威的过来找我，大致意思是，你以为投诉成功了？你的投诉又转到我这儿了，由我处理！你继续投诉吧，嘻嘻~严格遵守百科条例，在搜狗百科soso百科都成功创建，且能提供所有新闻引证的前提下，不予我的词条通过，我忍了！只要做词条，却被迫购买捆绑包，我忍了！给我一万个对接人，我忍了！销售涉嫌欺诈，我忍了！售后开始装大爷，各种拖延导致我项目deadline，词条却建不成我也忍了！最后，我投诉，特么还由被投诉人全权处理，这就很搞笑了吧！当然，我只能坚持每天投诉，并威胁到要利用我司的媒体资源一一予以曝光。女员工B帮我转到她leader，也就是女员工C处投诉。后续又有EDF……纷纷找我，最后终于告知我，可以退部分款项。但是用于我司企业认证的认证费不能退。而且退款不能公对公退款，得许先生个人给我转支付宝……虽然一波三折，但这看上去是我能获得的最好的答复。从此，百度在我心里等同于shit（不好意思，我就不是个文明人）。现在，我已离职1年多，但是每个礼拜平均可以接到3个百度销售的电话，让我继续合作。刚开始我都会很认真的说我离职了，请不要找我。现在直接按掉。>","type":"unstyled","depth":0,"inlineStyleRanges":[],"entityRanges":[],"data":{}}],"entityMap":{}},"previewText":"<在此填入你的文字>","resourceIdList":[]}',
        '没想到知乎首答获得这么多赞~奇怪的是，我慢慢爬楼看评论，某一页竟然出现好几条连楼的质疑。忍不住怀疑是公关大军~对于很多质疑，我再解释一下~且希望大家的疑问是建议在自己也亲身创建过企业词条的前提下提出的~“百度词条是免费的啊！我身边有人成功过啊！你是故意黑百度的吧！”这种回复我可以归纳为瞎BB嘛=。=======================太长不看的分割线=======================1、题主答非所问！抱歉，我的经历和眼界决定了我没办法客观公正的评价百度和AT的差距。我不知道百度的企业定位和发展方向是否符合时代的大潮，所以只能从建立百度词条这一亲身经验，表明自己的立场。2、题主被骗了吧！这应该只是百度的代理！我坐标上海，电话咨询了百度客服（百度安全认证的号码）之后，销售联系了我。虽然使用QQ作为即时通讯工具，但是很多重要事务都是用邮箱确认的。他们邮箱的后缀的确是http://sh.baidu.com（之前写成http://baidu.com.cn，特纠正）。所以如果说联系我的只是代理，我也木有办法，防不胜防啊！我个人觉得，百度并不能因为百科业务是代理负责的，所以拒不背锅吧！3、百度词条可以自己创建的！实在不行找淘宝！我有很具体的说明，我要创建英文品牌词条，且不在我司营业执照的企业名范围内。举个栗子，公司名是金牌家政月嫂有限公司，英文品牌是lovely saozi。如果你能够免费创建lovely saozi的百度词条，且包括公司介绍，发展历程，产品介绍等段落（而不是纯文字版的一段），请一定要慷慨分享你的心得！我做词条的时候是16年3月份左右（之前写成今年3月，特纠正），当时我有咨询过淘宝，收到的统一答复是，以前是可以，但现在查的严，我这种需求的品牌词条他们也建不了……只能花钱找百度。4、你打广告别人凭什么收录你！相信看到这条，同为marketing的小伙伴都可以呵呵一笑了！百度百科不能提及广告内容、促销信息，这点我当然知道啊！通过百度百科，展示我家品牌的定位、使命、发展历程，同时提供门户媒体的新闻引证，帮助感兴趣的用户客观快速的了解我们。这没毛病吧！对比同类品牌词条，我并不觉得我提交的内容有广告嫌疑。5、为何不起诉？虽然我是做百度词条，但是需要开通百度推广的业务。签署的也是百度推广的合同。这份合同没有任何百度词条合作的限定，对于合作中可能出现的情况都没有细节的规定，而且基本都是乙方（也就是我）的责任。当初其实问过我家法务，法务说这合同很多漏洞。但是百度给到的答复是，我这样的小合作，只能使用统一的合同模板。如果合作中出现意外，最坏的情况也是终止合作，冻结账户余额。所以老板拍板，决定签约~还有啊，我只是讨厌百度，并不是为了黑而恶意抹黑，公关真的可以不用特地来踩楼！======================正文分割线=======================我前公司是家外资企业，marketing 宣传时也都是使用英文的品牌名。后来大boss决定做英文的品牌词条，搜狗百科soso百科都能创建，只有百度词条永远过不了。好吧，我们知道百度词条的潜规则，于是电联百度的客服咨询业务。刚挂掉电话，百度的女员工A就加我，说是我的专属客服。并安排了男员工A第二天上门签约。在和男员工A沟通的时候，我们很明确的表示：我司唯一的诉求就是建立英文品牌名的百度词条。但是男员工A介绍说，不能单独开通百度词条的业务，需要先开通百度推广账户，然后才可以做品牌词条。意思就是，我必须购买他家的捆绑产品，为不需要的所谓推广服务额外付费。当然啦，boss看中百度词条，多付钱也OK，能做就好。但是在沟通过程中，我们严重怀疑百度员工的专业性和业务能力（当然，我没有一棒子打死所有百度人的恶意），男员工A对于业务的介绍极其模糊，话里话外的核心意思是：你说做啥就能做啥！so，现在签约吗？我们在联系百度前有做过一些功课，发现企业词条只能创建营业执照上的企业名组合。所以咨询了男员工A，我们是否可以做英文的品牌词条。当即获得了肯定的答复：你们是百度认证的企业，也提交了认证的所有材料，因此你们提出的品牌词条虽然不在营业执照的企业名范围内，但经过核实也是合法合规的，完全可以创建。于是我们要了中英文两版合同，并选择签署中文合同，当即确认合作。之后，百度的男员工B加我，说是我的售后专属客服。表示开通企业词条需要搭建啥平台，在3天内完成。3天后，我QQ、电话联系男员工B，都联系不到人。好吧，我又电联百度的客服，于是女员工B找到我，说自己上周请假，男员工B代班。她才是我的售后专属客服……当时离boss要求的deadline很近了，没空生气，能完成任务就好。谁知道，女员工B告诉我，我的企业词条建不了，因为是英文品牌名，且和营业执照上的企业名不符！有一句mmp不知当讲不当讲，再三确认这个词条做不了之后，只能走退款流程。然而又被告知，不好意思，退不了。这钱，你可以用来做百度推广呀！退不了，那我投诉总可以吧~哦，不好意思，我们是售后，你投诉的是销售，得去找他们老大。不蒸馒头争口气，我开始走上了退款维权之路。这时候被我诅咒了一百遍的男员工C许X伟先生上线，自带装逼光环语气极其恶劣但可能自认为很吊地说：我们百度是上市公司，不会骗你这点小钱。你要怎么维权，合同上哪一条违规了？你们有法务吗？麻烦你们找个会英文的看一下，中英文合同哪一点不一样………………（不好意思，我是外资企业，我boss美国人）后来我对于百度的投诉，又加了一条，针对男员工C许X伟先生个人的投诉。辗转又有女员工C联系我，说是许先生的上司，劝我不要再搞事。好吧，我继续投诉，每天坚持电话给百度公司询问进度。虽然一直被敷衍，但是电话邮件等投诉流程我每天都在走。直到有一天，许先生耀武扬威的过来找我，大致意思是，你以为投诉成功了？你的投诉又转到我这儿了，由我处理！你继续投诉吧，嘻嘻~严格遵守百科条例，在搜狗百科soso百科都成功创建，且能提供所有新闻引证的前提下，不予我的词条通过，我忍了！只要做词条，却被迫购买捆绑包，我忍了！给我一万个对接人，我忍了！销售涉嫌欺诈，我忍了！售后开始装大爷，各种拖延导致我项目deadline，词条却建不成我也忍了！最后，我投诉，特么还由被投诉人全权处理，这就很搞笑了吧！当然，我只能坚持每天投诉，并威胁到要利用我司的媒体资源一一予以曝光。女员工B帮我转到她leader，也就是女员工C处投诉。后续又有EDF……纷纷找我，最后终于告知我，可以退部分款项。但是用于我司企业认证的认证费不能退。而且退款不能公对公退款，得许先生个人给我转支付宝……虽然一波三折，但这看上去是我能获得的最好的答复。从此，百度在我心里等同于shit（不好意思，我就不是个文明人）。现在，我已离职1年多，但是每个礼拜平均可以接到3个百度销售的电话，让我继续合作。刚开始我都会很认真的说我离职了，请不要找我。现在直接按掉。');
INSERT INTO youthchina.COM_RICH_TEXT (TEXT_ID, COMPILE_TYPE, JSON_CONTENT, TEXT_CONTENT)
VALUES (78, 1,
        '{"braftEditorRaw":{"blocks":[{"key":"dtj4a","text":"<很多答案是从使用上讲的，我加两个技术方面的。搜索引擎需要对抓取到的结果进行管理。当索引结果越来越多时，保证存储和查询速度，保证数万台服务器内容一致的难度越来越高。Google于03至06年左右公布了三篇论文，描述了GFS、BigTable、MapReduce三种技术以解决这些问题。由于Google并没有公布算法细节，因此由雅虎牵头，在06年左右建立了开源项目Hadoop，目的是根据Google的三篇论文，实现一个大规模的管理计算系统。但直到08年，Hadoop同Google公布的一些关键指标仍有几倍的差距。百度曾经由王选院士的一个博士带领，想基于Google论文独立实现(金字塔计划)一个自己的系统，但开发难度过大项目夭折，最终也转向了Hadoop。如今，Amazon、Facebook、Yahoo包括百度都在大规模应用Hadoop，而Google已经从2010年开始迁移到新的三驾马车Caffeine、Pregel、Dremel上了。单就搜索技术而言，Google不是领先百度，而是领先全世界。2009-2012年，Google公布了世界上第一个全球化的数据库系统Spanner，这套系统将分布在全球各地的数据中心连接到一起，利用原子钟和GPS，打破了地理间隔，实现了全球规模具有一致性和实时性的数据库。在Google之前，很多人认为这种系统不可能做出来，但Google做到了[1]。另外，除了搜索，Google在深度学习和机器人方面也是全球领先的，尤其是后者。尽管百度也有深度学习研究院，但在这两方面跟Google比起来完全是空白。事实上，让百度来和谷歌比是很不公平的，搜索只是Google的一个部门，但却是百度一整个公司。Google的竞争对手是Apple、Amazon、Facebook和Microsoft，百度的竞争对手是360、搜狗。Google没了搜索，还有Chrome、Android、Youtube，百度没了搜索，那就什么都没有了。>","type":"unstyled","depth":0,"inlineStyleRanges":[],"entityRanges":[],"data":{}}],"entityMap":{}},"previewText":"<在此填入你的文字>","resourceIdList":[]}',
        '很多答案是从使用上讲的，我加两个技术方面的。搜索引擎需要对抓取到的结果进行管理。当索引结果越来越多时，保证存储和查询速度，保证数万台服务器内容一致的难度越来越高。Google于03至06年左右公布了三篇论文，描述了GFS、BigTable、MapReduce三种技术以解决这些问题。由于Google并没有公布算法细节，因此由雅虎牵头，在06年左右建立了开源项目Hadoop，目的是根据Google的三篇论文，实现一个大规模的管理计算系统。但直到08年，Hadoop同Google公布的一些关键指标仍有几倍的差距。百度曾经由王选院士的一个博士带领，想基于Google论文独立实现(金字塔计划)一个自己的系统，但开发难度过大项目夭折，最终也转向了Hadoop。如今，Amazon、Facebook、Yahoo包括百度都在大规模应用Hadoop，而Google已经从2010年开始迁移到新的三驾马车Caffeine、Pregel、Dremel上了。单就搜索技术而言，Google不是领先百度，而是领先全世界。2009-2012年，Google公布了世界上第一个全球化的数据库系统Spanner，这套系统将分布在全球各地的数据中心连接到一起，利用原子钟和GPS，打破了地理间隔，实现了全球规模具有一致性和实时性的数据库。在Google之前，很多人认为这种系统不可能做出来，但Google做到了[1]。另外，除了搜索，Google在深度学习和机器人方面也是全球领先的，尤其是后者。尽管百度也有深度学习研究院，但在这两方面跟Google比起来完全是空白。事实上，让百度来和谷歌比是很不公平的，搜索只是Google的一个部门，但却是百度一整个公司。Google的竞争对手是Apple、Amazon、Facebook和Microsoft，百度的竞争对手是360、搜狗。Google没了搜索，还有Chrome、Android、Youtube，百度没了搜索，那就什么都没有了。');
INSERT INTO youthchina.COM_RICH_TEXT (TEXT_ID, COMPILE_TYPE, JSON_CONTENT, TEXT_CONTENT)
VALUES (79, 1,
        '{"braftEditorRaw":{"blocks":[{"key":"dtj4a","text":"<我来腆着脸讲讲我的故事，反正这不是一个皆大欢喜的故事，假如能给有类似想法的同学一些不一样的信息，那这段失败的经历也算能有些正面价值。百度是我毕业后的第一份工作，到我离开在百度一共做了3年多的时间，在中国互联网这个环境里面，连续在一个公司3年应该还不算特别短。先说好的地方：1）升职空间：我是很标准的每年升职一次，一直走技术路线。算是中规中矩，不算是那种连续跳级的明星人物，但到离职的时候还没有遇到职业瓶颈。即使是员工数量不断增加，但感觉T3,T4升职的门槛也在不断降低。所以对于新人而言，发展空间似乎并没有太大变化，当然一个个体能影响的范伟是相对变小了。2）技术成长：没离开的时候感觉不太明显，离开后回头看，还是学了非常多的东西。既有垂直搜索核心技术方面的硬实力，也有团队协作和管理上的软实力提升。这些东西在离开后的新环境里，我自己才体会到。说句不要脸的话，感觉的确是高于平均水准的。3）虚名：这段工作经历基本上让我找新工作容易了很多，基本上感兴趣的地方，不需要考虑要不要自己的问题，而是自己愿不愿意去的问题。再说为什么想要离开：1）恐惧：随着级别升高，感觉自己投入在技术上的时间越来越少，成为一个中介与技术和管理之间搭桥的一个角色。研究领域上自己底子不够好，只能靠着背景知识不断加强来弥补；工程领域上，代码越写越少，说的越来越多。这是让我感觉非常非常恐惧的事情，作为一个热爱技术的人，似乎离技术越来越远。2）驱动：国内互联网领域发展的太快了，这应该不是百度一家的情况，大家都需要“收益”去证明自己的价值，所以人人都想上前线。但短期内看不清楚收益，或者存在风险的领域，大家都有意识的避开。我把收益拿到就行了，剩下的交给后面的人去擦屁股。像基础架构和效率工具方面，如果没有有影响力的大佬牵头，是很难做起来的。我一直很好奇，国外的公司是如何能激励内部的tools团队不断作出提升整体效率的基础工具。所以，百度的开发效率算不上高，日志统计，代码管理发布等等这些方面，一直是各个部门各自为战，算不上高效，甚至是效率瓶颈。3）跨部门合作：这个是噩梦，也是公司大了以后必须面对的问题。如何平衡各个部门之间的利益？在“收益”驱动的情况下，各个部门之间的谁会愿意做别人的嫁衣？内部竞争比外部竞争还要更激烈，外部竞争还可以共存，大不了一大一小，内部竞争就只有一个能活，公司怎么会愿意资源重复投入。看似和谐的部门协作，我个人觉得还不如索性拆分成独立的事业部，大家各自拥有自主权，比这种“合作”不顺畅，有不能真刀真枪的“竞争”，可能要好一点。（管理，尤其是大公司的管理是门大学问，百度的高阶管理层都是很聪明的人，这里也就是发发牢骚，管理一个两万人的公司很难）4）诱惑：搜索似乎是个相对成熟的产业，虽然依然有非常多的新技术可以展望，但我们得承认在技术出现重大突破之前，我们已经处在80%向90%迈进的过程中，这个速度要远远慢于0%到80%的过程。看着周边的不断出现的新产品，自己也想亲手参与从零做起，把一个产品做大。5）文化冲突：随着公司扩张，遇到了一些从其他公司招聘进来的人，存在不小的文化冲突。我个人感觉百度自身培养起来的工程师虽然多种多样，但是基本上都正直上进，或者说都很善良。可能是个例，我们组从其他公司招聘的一位工程师，让我个人感觉非常难于合作。比如，向上谄媚，向下压榨，把新员工的工作说成是自己做的，在自己的工作里面数据作假，在向上汇报的时候就主动承担工作，在和工程师合作的时候就把活都推给别人。这都让我个人非常难受，我无法忍受和这样的人一起工作。老实说，百度土生土长起来的不论是搞技术的还是搞管理的，跟外面一比，都和纯情高中生一样，只能被活活玩死。从数字公司空降来的总监，把部门搞的乌烟瘴气，大清洗，拉亲信，树山头，搞斗争。得承认，这人折腾起来还挺有本事，但真心不想和他共事啊，做事底线不一样啊。综合以上种种，我决定离开百度，加入一个自己感兴趣的初创公司。人少，面对的管理问题就少，我可以安安心心的投入在技术上，这是我的初衷。加入新公司以后，蜜月期的确非常幸福。遇见了很多不一样人，见识了很多不一样的技术。而且每个人都不是螺丝钉而是工具箱，能干好多不同的事情。让我大开眼界。有着在百度的技术积累，初创公司遇到的种种挑战最后都解决的不错，也给自己增强了不少信心。但蜜月期过后，我又继续遇到了不同的文化冲突，这点我是没想到的。可以说百度把我惯坏了，很多时候以为是理所应当的事情，结果并不是那么容易获得的。这时候我才开始意识到百度的好。这和谈恋爱一样，第一段感情总是在挑对方的毛病，分开后才想到对方的好。1）”领导的意思“：在百度，我还是相信大家都是讲道理的，遇到分歧，大家可以摆数据做分析，百度的氛围还是相信一线的分析的。在新公司我遇到几次“领导说”。“XXX大佬说了YYY功能很重要我们要马上做”，我做了一些基础的数据分析，认为这个问题不是当时最紧迫的问题，还有很多更重要的问题急待解决。因为YYY功能需要我做，但我几次都表达了反对的意见。没想到的是，这个为以后埋下了祸根。之后，还出现过“领导”自己定了一个策略规则，要求尽快上线，我则反馈说这要评估看看数据才行（在百度做过类似工作的同学也许能理解这种情况，脑袋空想一个策略，都是有合理性存在的，但实际情况怎样还得要进行线下线上的评估验证）这种情况出现了不只一次，我依旧是用的百度式的处理方式，这是我个人悲剧的开始。2）“经理”：因为到新公司以后，做了很多大功能的升级，继续不要脸的说，效果真的不错。CXO们希望我做技术团队的“经理”，我拒绝了。我觉得团队这么小，要那么多管理角色干嘛，技术挑战还有那么大，有各种O做管理角色就够了。同样没想到，这被理解成为了不愿承担团队职责，逃避责任的行为。这是我的又一宗罪。因为BAT这些公司都是技术，管理双线制，但对于没有这方面经验的创始人而言，这的确不太好理解。理解成了我没有上进心，没有创业精神，逃避职责。3）团队管理：依然是我没有摆脱旧的思维，习惯了结果导向，平时很多细节不讲究。早上很晚才到（快到中午了都），有时候困了就直接躺沙发上睡了，有几次下午三四点自己就开始阅读论文。这些东西虽然没有影响我个人的业绩，当有了前面的各种文化冲突的情况下，也逐渐演变成了懒散不敬业的印象。我觉得时间安排是我的个人自由，我也足够努力和投入（甚至没投入什么精力在家庭上，导致了又一重的悲剧），但没有意识到这是问题，是我的问题。4）向上管理：在百度我觉得我向上管理还做的不错，有一些诉求会主动的反馈表达，但在新公司却又成了悲剧。我是向上管理做的比较积极的人，新团队里面，很多时候大家工作到很晚，半夜两点也经常出现。但时间都花在了和系统环境和重复出现的工程管理问题上。比如测试环境不对，比如代码merge错了各种低级问题。大家常说大公司效率低，被各种流程困扰。而小公司没有流程，大家像没头苍蝇一样稀里糊涂的。一种是原地踏步，一种是没有方向的四处乱跑。这一点把我刺痛了，加入小团队，就是想能摆脱大公司的弊病，轻装快跑。我向各种O都反馈了这些问题，并且希望他们能重视这些问题，不要光想着自己是个产品经理，不要老把乔布斯挂嘴边（你看我多不会说话）。但这进一步加剧了冲突。5）其他还有很多，其实都是我没有意识到的文化冲突。我理解大家都有一个很积极的未来目标。但对于管理团队和做事风格上又有很多的不同之处。和“领导”意见不一样，甚至争论问题，甚至向“领导”指出问题和希望能改进，在百度我从来都不觉得是高压线，但环境不一样，我没能及时调整和改进，不断的触及高压线。最后，我还在琢磨怎么能让大家不要再犯重复错误提高效率的时候，被要求尽快离开团队，也就是说我被开了。呵呵，你看我有多后知后觉。同时，家庭方面也因为我长期把精力都投入到工作上，很少顾及，也出现了重大的危机。几乎是同一时间一前一后，我受到双重打击，整个人几乎崩溃。我一直在反省自己在哪里出了问题（把责任都推到别人身上是个简单易行的方法，但对自己的成长帮助不大）。当然这无法挽回我在这段经历上的失败。1）团队管理是个大问题，不要以为到哪里都和百度的管理风格一样，不要把开放简单的环境当作理所应当。团队管理是个需要真刀真枪的实践经验的，对于初创企业的管理团队有没有这方面的经验要放亮眼睛。不是小团队就没有管理问题，管理好一个团队真的很难，开始体量百度各种经理，特别是一线经理的难处。他们肯定也给过我很多的包容，只是我自己没感觉到罢了。2）风格作风没有对错，只有合不合适，尽量要找到和自己风格契合的团队。短时间接触很难了解个透彻，熟人比生人要风险小得多。不要光想着自己一根筋做技术做产品，不会看人不会和各种风格的人合作，这是短板，迟早得治，要不就老实待在百度这个环境里不要出来。3）不要把任何情况当作理所应当，有些东西你没有了才会知道珍惜。没有完美的地方，或者有完美的地方，但要有很好的运气才能遇到。百度有各种各样的问题，不代表他没有任何优点。同样外面有各种各样的机会诱惑，不代表就如你所愿。机会成本和风险自己要想想清楚。期望和现实的落差，会让你活的很痛苦。4）不要为了显示自己的要“做大事”，非要把事情搞的对立起来，好像不做点牺牲不能表现出自己的投入。因为要做“事业”所以不顾及“家庭”，还是自己没能处理还两者的平衡，是时间管理的问题，不要回避这个问题，想当然的认为“做大事”就得有牺牲。这种自我陶醉式的悲壮，也就能骗骗自己而已，一点也不感人。5）“期权（OPTION）”不值钱，由于中国各种的法律和外汇管理条例，拿中国护照的个人是很难进行返程投资的，也就是说除了上市以外，你基本上无法合法行权…… 这一点在我离开的时候才第一次听说，在中国和VIE架构下，除非上市等少数途径，期权和烂纸是一样的。如果你中途离开或者被迫中途离开，没有任何法律会保障你的权益，通常来说你不行权的话期权会在你离职半年后失效。所以不要把“期权”的数字当成一个非常影响你决定的因素。返程投资和如何行权这些东西是没有人会跟你讲的，自己研究研究法律，合同里面看看清楚，好的公司会考虑到行权的问题给一些变相行权激励的手段；不好的公司，就只有不能行权半年过期的期权了。这些事情要么自己考虑清楚，要么交给成熟的公司去帮你考虑（至少不会坑你）。最后，百度不是一个完美的公司，但绝对不是个差公司，我非常怀念在百度工作的日子。>","type":"unstyled","depth":0,"inlineStyleRanges":[],"entityRanges":[],"data":{}}],"entityMap":{}},"previewText":"<在此填入你的文字>","resourceIdList":[]}',
        '我来腆着脸讲讲我的故事，反正这不是一个皆大欢喜的故事，假如能给有类似想法的同学一些不一样的信息，那这段失败的经历也算能有些正面价值。百度是我毕业后的第一份工作，到我离开在百度一共做了3年多的时间，在中国互联网这个环境里面，连续在一个公司3年应该还不算特别短。先说好的地方：1）升职空间：我是很标准的每年升职一次，一直走技术路线。算是中规中矩，不算是那种连续跳级的明星人物，但到离职的时候还没有遇到职业瓶颈。即使是员工数量不断增加，但感觉T3,T4升职的门槛也在不断降低。所以对于新人而言，发展空间似乎并没有太大变化，当然一个个体能影响的范伟是相对变小了。2）技术成长：没离开的时候感觉不太明显，离开后回头看，还是学了非常多的东西。既有垂直搜索核心技术方面的硬实力，也有团队协作和管理上的软实力提升。这些东西在离开后的新环境里，我自己才体会到。说句不要脸的话，感觉的确是高于平均水准的。3）虚名：这段工作经历基本上让我找新工作容易了很多，基本上感兴趣的地方，不需要考虑要不要自己的问题，而是自己愿不愿意去的问题。再说为什么想要离开：1）恐惧：随着级别升高，感觉自己投入在技术上的时间越来越少，成为一个中介与技术和管理之间搭桥的一个角色。研究领域上自己底子不够好，只能靠着背景知识不断加强来弥补；工程领域上，代码越写越少，说的越来越多。这是让我感觉非常非常恐惧的事情，作为一个热爱技术的人，似乎离技术越来越远。2）驱动：国内互联网领域发展的太快了，这应该不是百度一家的情况，大家都需要“收益”去证明自己的价值，所以人人都想上前线。但短期内看不清楚收益，或者存在风险的领域，大家都有意识的避开。我把收益拿到就行了，剩下的交给后面的人去擦屁股。像基础架构和效率工具方面，如果没有有影响力的大佬牵头，是很难做起来的。我一直很好奇，国外的公司是如何能激励内部的tools团队不断作出提升整体效率的基础工具。所以，百度的开发效率算不上高，日志统计，代码管理发布等等这些方面，一直是各个部门各自为战，算不上高效，甚至是效率瓶颈。3）跨部门合作：这个是噩梦，也是公司大了以后必须面对的问题。如何平衡各个部门之间的利益？在“收益”驱动的情况下，各个部门之间的谁会愿意做别人的嫁衣？内部竞争比外部竞争还要更激烈，外部竞争还可以共存，大不了一大一小，内部竞争就只有一个能活，公司怎么会愿意资源重复投入。看似和谐的部门协作，我个人觉得还不如索性拆分成独立的事业部，大家各自拥有自主权，比这种“合作”不顺畅，有不能真刀真枪的“竞争”，可能要好一点。（管理，尤其是大公司的管理是门大学问，百度的高阶管理层都是很聪明的人，这里也就是发发牢骚，管理一个两万人的公司很难）4）诱惑：搜索似乎是个相对成熟的产业，虽然依然有非常多的新技术可以展望，但我们得承认在技术出现重大突破之前，我们已经处在80%向90%迈进的过程中，这个速度要远远慢于0%到80%的过程。看着周边的不断出现的新产品，自己也想亲手参与从零做起，把一个产品做大。5）文化冲突：随着公司扩张，遇到了一些从其他公司招聘进来的人，存在不小的文化冲突。我个人感觉百度自身培养起来的工程师虽然多种多样，但是基本上都正直上进，或者说都很善良。可能是个例，我们组从其他公司招聘的一位工程师，让我个人感觉非常难于合作。比如，向上谄媚，向下压榨，把新员工的工作说成是自己做的，在自己的工作里面数据作假，在向上汇报的时候就主动承担工作，在和工程师合作的时候就把活都推给别人。这都让我个人非常难受，我无法忍受和这样的人一起工作。老实说，百度土生土长起来的不论是搞技术的还是搞管理的，跟外面一比，都和纯情高中生一样，只能被活活玩死。从数字公司空降来的总监，把部门搞的乌烟瘴气，大清洗，拉亲信，树山头，搞斗争。得承认，这人折腾起来还挺有本事，但真心不想和他共事啊，做事底线不一样啊。综合以上种种，我决定离开百度，加入一个自己感兴趣的初创公司。人少，面对的管理问题就少，我可以安安心心的投入在技术上，这是我的初衷。加入新公司以后，蜜月期的确非常幸福。遇见了很多不一样人，见识了很多不一样的技术。而且每个人都不是螺丝钉而是工具箱，能干好多不同的事情。让我大开眼界。有着在百度的技术积累，初创公司遇到的种种挑战最后都解决的不错，也给自己增强了不少信心。但蜜月期过后，我又继续遇到了不同的文化冲突，这点我是没想到的。可以说百度把我惯坏了，很多时候以为是理所应当的事情，结果并不是那么容易获得的。这时候我才开始意识到百度的好。这和谈恋爱一样，第一段感情总是在挑对方的毛病，分开后才想到对方的好。1）”领导的意思“：在百度，我还是相信大家都是讲道理的，遇到分歧，大家可以摆数据做分析，百度的氛围还是相信一线的分析的。在新公司我遇到几次“领导说”。“XXX大佬说了YYY功能很重要我们要马上做”，我做了一些基础的数据分析，认为这个问题不是当时最紧迫的问题，还有很多更重要的问题急待解决。因为YYY功能需要我做，但我几次都表达了反对的意见。没想到的是，这个为以后埋下了祸根。之后，还出现过“领导”自己定了一个策略规则，要求尽快上线，我则反馈说这要评估看看数据才行（在百度做过类似工作的同学也许能理解这种情况，脑袋空想一个策略，都是有合理性存在的，但实际情况怎样还得要进行线下线上的评估验证）这种情况出现了不只一次，我依旧是用的百度式的处理方式，这是我个人悲剧的开始。2）“经理”：因为到新公司以后，做了很多大功能的升级，继续不要脸的说，效果真的不错。CXO们希望我做技术团队的“经理”，我拒绝了。我觉得团队这么小，要那么多管理角色干嘛，技术挑战还有那么大，有各种O做管理角色就够了。同样没想到，这被理解成为了不愿承担团队职责，逃避责任的行为。这是我的又一宗罪。因为BAT这些公司都是技术，管理双线制，但对于没有这方面经验的创始人而言，这的确不太好理解。理解成了我没有上进心，没有创业精神，逃避职责。3）团队管理：依然是我没有摆脱旧的思维，习惯了结果导向，平时很多细节不讲究。早上很晚才到（快到中午了都），有时候困了就直接躺沙发上睡了，有几次下午三四点自己就开始阅读论文。这些东西虽然没有影响我个人的业绩，当有了前面的各种文化冲突的情况下，也逐渐演变成了懒散不敬业的印象。我觉得时间安排是我的个人自由，我也足够努力和投入（甚至没投入什么精力在家庭上，导致了又一重的悲剧），但没有意识到这是问题，是我的问题。4）向上管理：在百度我觉得我向上管理还做的不错，有一些诉求会主动的反馈表达，但在新公司却又成了悲剧。我是向上管理做的比较积极的人，新团队里面，很多时候大家工作到很晚，半夜两点也经常出现。但时间都花在了和系统环境和重复出现的工程管理问题上。比如测试环境不对，比如代码merge错了各种低级问题。大家常说大公司效率低，被各种流程困扰。而小公司没有流程，大家像没头苍蝇一样稀里糊涂的。一种是原地踏步，一种是没有方向的四处乱跑。这一点把我刺痛了，加入小团队，就是想能摆脱大公司的弊病，轻装快跑。我向各种O都反馈了这些问题，并且希望他们能重视这些问题，不要光想着自己是个产品经理，不要老把乔布斯挂嘴边（你看我多不会说话）。但这进一步加剧了冲突。5）其他还有很多，其实都是我没有意识到的文化冲突。我理解大家都有一个很积极的未来目标。但对于管理团队和做事风格上又有很多的不同之处。和“领导”意见不一样，甚至争论问题，甚至向“领导”指出问题和希望能改进，在百度我从来都不觉得是高压线，但环境不一样，我没能及时调整和改进，不断的触及高压线。最后，我还在琢磨怎么能让大家不要再犯重复错误提高效率的时候，被要求尽快离开团队，也就是说我被开了。呵呵，你看我有多后知后觉。同时，家庭方面也因为我长期把精力都投入到工作上，很少顾及，也出现了重大的危机。几乎是同一时间一前一后，我受到双重打击，整个人几乎崩溃。我一直在反省自己在哪里出了问题（把责任都推到别人身上是个简单易行的方法，但对自己的成长帮助不大）。当然这无法挽回我在这段经历上的失败。1）团队管理是个大问题，不要以为到哪里都和百度的管理风格一样，不要把开放简单的环境当作理所应当。团队管理是个需要真刀真枪的实践经验的，对于初创企业的管理团队有没有这方面的经验要放亮眼睛。不是小团队就没有管理问题，管理好一个团队真的很难，开始体量百度各种经理，特别是一线经理的难处。他们肯定也给过我很多的包容，只是我自己没感觉到罢了。2）风格作风没有对错，只有合不合适，尽量要找到和自己风格契合的团队。短时间接触很难了解个透彻，熟人比生人要风险小得多。不要光想着自己一根筋做技术做产品，不会看人不会和各种风格的人合作，这是短板，迟早得治，要不就老实待在百度这个环境里不要出来。3）不要把任何情况当作理所应当，有些东西你没有了才会知道珍惜。没有完美的地方，或者有完美的地方，但要有很好的运气才能遇到。百度有各种各样的问题，不代表他没有任何优点。同样外面有各种各样的机会诱惑，不代表就如你所愿。机会成本和风险自己要想想清楚。期望和现实的落差，会让你活的很痛苦。4）不要为了显示自己的要“做大事”，非要把事情搞的对立起来，好像不做点牺牲不能表现出自己的投入。因为要做“事业”所以不顾及“家庭”，还是自己没能处理还两者的平衡，是时间管理的问题，不要回避这个问题，想当然的认为“做大事”就得有牺牲。这种自我陶醉式的悲壮，也就能骗骗自己而已，一点也不感人。5）“期权（OPTION）”不值钱，由于中国各种的法律和外汇管理条例，拿中国护照的个人是很难进行返程投资的，也就是说除了上市以外，你基本上无法合法行权…… 这一点在我离开的时候才第一次听说，在中国和VIE架构下，除非上市等少数途径，期权和烂纸是一样的。如果你中途离开或者被迫中途离开，没有任何法律会保障你的权益，通常来说你不行权的话期权会在你离职半年后失效。所以不要把“期权”的数字当成一个非常影响你决定的因素。返程投资和如何行权这些东西是没有人会跟你讲的，自己研究研究法律，合同里面看看清楚，好的公司会考虑到行权的问题给一些变相行权激励的手段；不好的公司，就只有不能行权半年过期的期权了。这些事情要么自己考虑清楚，要么交给成熟的公司去帮你考虑（至少不会坑你）。最后，百度不是一个完美的公司，但绝对不是个差公司，我非常怀念在百度工作的日子。');
INSERT INTO youthchina.COM_RICH_TEXT (TEXT_ID, COMPILE_TYPE, JSON_CONTENT, TEXT_CONTENT)
VALUES (80, 1,
        '{"braftEditorRaw":{"blocks":[{"key":"dtj4a","text":"<关于麦肯锡有两个故事，先说国内的。我的父上是联通的高级工程师，对麦肯锡颇有微词。长话短说，公司花了几个亿请来的美资咨询，到头来是几个稍稍有些干货的人和手下的一群清北复交出身的小屁孩。推出来的strategy极度不接地气，而其中对他们影响最大的就是麦肯锡带来的网上考评报表系统(原话)。这个系统极其的难用，培训形同虚设。想象一下，整个部门里都是大学搞通信和电气出身，都是既能做模拟电路，又能搞网络编程的理工人员，但最后没几个人能整明白这套系统，折腾得满头大汗。结果上级还是让大家接着用: 毕竟已经花了那么多钱了，最后做出来的东西不用岂不是打水漂。殊不知这已经严重影响了公司的业务效率。第二个故事。我目前就读的学校属于本地麦肯锡的target school，每年career fair后都要带走一群各个专业的尖子。说实话，这些被带走的人优秀吗？优秀。出色的GPA，丰富的经历，leadership skills不用说 (基本上都在大规模的学生组织担任领导层)，不少人还有在投行券商实习过的经历。但是他们真的能bring out什么solution嘛？我看未必。除了书本之外，他们对不少行业的了解少之又少。对，我知道Management Consulting是很战略层面的东西，可是你要做这一块的咨询，起码你得对这一块涉及到的行业和技术细节有一定了解吧？对，你可以说MBB的人都很聪明，学起来很快...wait a second，对于一个行业的理解跟你聪明与否没有任何关系。很多时候，这是只有时间才能解决的问题。靠开夜车看书读报告获得的所谓insight，跟朋友圈上读文章其实说到底也差不多。你对整个行业理解不足，你又怎么去搞定客户真正的需求？怎么去解决客户真正的痛点？相比之下，我很同意上面有一些人提到的观点：咨询一定要接地气。就比如在我比较熟悉的IT领域，IBM，Accenture，Thoughtworks等等都是拥有相当的行业积累与经验的。今天你的公司要构建一套系统，他们明天就能够给出一套完整的解决方案，并且人都自己带。相比之下，麦肯锡的那种“我告诉你接下来你要干嘛，然后我再帮你找人来implement”，实在是无法说服我。以上是鄙人的观点。>","type":"unstyled","depth":0,"inlineStyleRanges":[],"entityRanges":[],"data":{}}],"entityMap":{}},"previewText":"<在此填入你的文字>","resourceIdList":[]}',
        '关于麦肯锡有两个故事，先说国内的。我的父上是联通的高级工程师，对麦肯锡颇有微词。长话短说，公司花了几个亿请来的美资咨询，到头来是几个稍稍有些干货的人和手下的一群清北复交出身的小屁孩。推出来的strategy极度不接地气，而其中对他们影响最大的就是麦肯锡带来的网上考评报表系统(原话)。这个系统极其的难用，培训形同虚设。想象一下，整个部门里都是大学搞通信和电气出身，都是既能做模拟电路，又能搞网络编程的理工人员，但最后没几个人能整明白这套系统，折腾得满头大汗。结果上级还是让大家接着用: 毕竟已经花了那么多钱了，最后做出来的东西不用岂不是打水漂。殊不知这已经严重影响了公司的业务效率。第二个故事。我目前就读的学校属于本地麦肯锡的target school，每年career fair后都要带走一群各个专业的尖子。说实话，这些被带走的人优秀吗？优秀。出色的GPA，丰富的经历，leadership skills不用说 (基本上都在大规模的学生组织担任领导层)，不少人还有在投行券商实习过的经历。但是他们真的能bring out什么solution嘛？我看未必。除了书本之外，他们对不少行业的了解少之又少。对，我知道Management Consulting是很战略层面的东西，可是你要做这一块的咨询，起码你得对这一块涉及到的行业和技术细节有一定了解吧？对，你可以说MBB的人都很聪明，学起来很快...wait a second，对于一个行业的理解跟你聪明与否没有任何关系。很多时候，这是只有时间才能解决的问题。靠开夜车看书读报告获得的所谓insight，跟朋友圈上读文章其实说到底也差不多。你对整个行业理解不足，你又怎么去搞定客户真正的需求？怎么去解决客户真正的痛点？相比之下，我很同意上面有一些人提到的观点：咨询一定要接地气。就比如在我比较熟悉的IT领域，IBM，Accenture，Thoughtworks等等都是拥有相当的行业积累与经验的。今天你的公司要构建一套系统，他们明天就能够给出一套完整的解决方案，并且人都自己带。相比之下，麦肯锡的那种“我告诉你接下来你要干嘛，然后我再帮你找人来implement”，实在是无法说服我。以上是鄙人的观点。');
INSERT INTO youthchina.COM_RICH_TEXT (TEXT_ID, COMPILE_TYPE, JSON_CONTENT, TEXT_CONTENT)
VALUES (81, 1,
        '{"braftEditorRaw":{"blocks":[{"key":"dtj4a","text":"<路过前面的答案，错误实在是太多，就写了这些，希望给大家一些了解。（前方长文警告）就说三点吧（好像透露了什么呢）1. 管理咨询到底是干什么的？这是我逢年过节被问到的最多的一个问题。（又要过年了，重温一下）其实回答这个问题之前，我们可以想一下，组织内部，谁会请顶级的咨询公司，谁有这个权利和魄力花上千万，乃至几千万，请外部咨询顾问？谁有权拍板？答案其实很容易，大型企业或者组织的C级别高管。中层是不会有这个权限的。想通了这点，后面就好说了。这些高管们的问题都有哪些？基本上就是做什么，要不要做，怎么做，你来帮我做。做什么，就是大家通常意义上的战略，企业的方向是什么，怎么发展，在哪个国家地区发展，哪个行业，等等等等。这个东西听上去挺虚，有时候很有用，有时候完全没用。这是McKinsey起家的本领，也是最为外部所知道的业务。要不要做，在某些时候，大老板有想法，但是企业内部没有形成共识，需要外部的知识、经验和看法，来确认一下，帮助大部分人统一思想。怎么做，有些时候，企业已经知道要去做什么，但是内部暂时没有能力和资源，先让咨询公司来做做看，慢慢的自己再接过来。你来帮我做，有的时候，公司内部完全没有能力，或者说，老板觉得下面的人联合起来瞒着自己，或者内部阻力很大，索性就让外部的人来做，做的好，证明自己是对的，同时也把下面的人看清楚了。还有些其他的种类，比方说，纯粹赶时髦，或者地区总部忽悠全球总部，但是大致上就这些。以前麦麸专注于战略，但是现在已经拓展的很广泛了，比方说运营业务，全球范围内已经赶上战略了。最后加一句，基本上效果好的项目，都是老板们想的很清楚，外部咨询是来干嘛的，来解决什么问题的。如果没想清楚就做，出状况的可能性会高一些，双方合作的难度也会大很多。2. 管理咨询的价值是什么？管理咨询不便宜，顶级的如MBB就更贵，麦麸那就是贵得不可思议（客户原话），那价值在哪里呢？如果项目的目标是明确可量化的，如效益提升，成本节约，还比较简单，只要回报超过投入就可以了。通常在5-10倍之间，或者更高，但很少低于。这里指的是实现的效益，墙上那张饼不算。（画外音：靠，你就吹吧，怎么可能？）其实很简单，1）项目开始前，会先看看潜力，有没有机会，我们有没有能力做，2）我们提的建议，一定是客户现在能做的，或者我们能帮客户实现的，而不是理论上最优的。方案再好，做不出来都是假的。所以说，管理咨询不是都很高大上的，有时候需要穿着工作服下车间，甚至于下矿井，上钻井平台。3）找大公司做呗，同样的改善举措，100亿的企业和1000亿的企业，体量差10倍，即使考虑到实施难度，效益怎么着也有7-8倍吧。如果项目的目标是无法量化的，或者说要在今后才能看到效果，怎么办？话说回来，没办法，出钱的老板喜欢就好。（画外音：靠，拍马屁也能赚这么多钱，鄙视）这里的喜欢，是指长期的喜欢，不是指一个项目上的喜欢。假设我们现在为了投老板的胃口，做出来不是我们认为最好的建议，总有一天客户会意识到的，那个时候信任和专业性就被破坏了，而客户的信任，是所有专业人士，包括咨询，律师，医生，会计师等等，最最重要的依赖，没有之一。因此，我们经常会做出和客户希望不一致的建议，甚至于推掉一些找上门来的项目。其实高官们是很寂寞孤单同时压力又超级大的一批人，他们在很多时候，是没法和组织内部的人来讨论的，外部咨询顾问可以在这方面给他们很好沟通渠道，提供外部的知识和看法，或者以第三方的角度来印证他们的想法。最后加一句，价值如何，只有客户知道，因为所有项目，都是严格保密的，没有双方同意，不可以和第三方透露 ，包括和咨询公司合作本身，都是需要被保密的。因此，绝大部分的项目成果，是永远不为大众所知道的。就像一位老大曾经在酒桌上说得，几乎每个月我都会在媒体上看到我做的项目的消息，但是没人知道是我们在后面支持的。你们以后也要习惯。3. 管理咨询在中国和普遍看法恰恰想法，麦麸目前在中国正在扩张，完全不是像某些人说的，日子过不下去了。方案都是根据客户的需求和实际情况订制的，完全不是什么国外的经验或者方案直接拿过来用。同时，现在顾问本土化的比例越来越高，基本上顾问和经理级别都是中国人，合伙人级别的，中国人也已经有很大一部分了。客户范围越来越广，从10多年前的外企为主，到目前的外企、民企、央企三分天下。是的，现在央企还是在用顾问。2014年的那个新闻，完全就是假消息。那时候我就在一个超级大央企里做项目，客户也很困惑，然后直接和国资委和发改委都确认了，没有这回事，继续做。以麦麸为例，在中国是很接地气的。有中国研究院，中国领导力学院，有和清华大学合作的领导力课程和模范工厂等等。中国的企业，已经意识到了，野蛮生长，躺着赚钱的日子永远的过去了。现在是练好内功活下去的阶段，所以更加需要外脑的作用。总体来说，经过了20年的市场耕耘，客户培养，团队和知识本土化，再加上市场需求和口碑，不成长才是没天理了。希望大家喜欢，如果有用，以后咱接着聊>","type":"unstyled","depth":0,"inlineStyleRanges":[],"entityRanges":[],"data":{}}],"entityMap":{}},"previewText":"<在此填入你的文字>","resourceIdList":[]}',
        '路过前面的答案，错误实在是太多，就写了这些，希望给大家一些了解。（前方长文警告）就说三点吧（好像透露了什么呢）1. 管理咨询到底是干什么的？这是我逢年过节被问到的最多的一个问题。（又要过年了，重温一下）其实回答这个问题之前，我们可以想一下，组织内部，谁会请顶级的咨询公司，谁有这个权利和魄力花上千万，乃至几千万，请外部咨询顾问？谁有权拍板？答案其实很容易，大型企业或者组织的C级别高管。中层是不会有这个权限的。想通了这点，后面就好说了。这些高管们的问题都有哪些？基本上就是做什么，要不要做，怎么做，你来帮我做。做什么，就是大家通常意义上的战略，企业的方向是什么，怎么发展，在哪个国家地区发展，哪个行业，等等等等。这个东西听上去挺虚，有时候很有用，有时候完全没用。这是McKinsey起家的本领，也是最为外部所知道的业务。要不要做，在某些时候，大老板有想法，但是企业内部没有形成共识，需要外部的知识、经验和看法，来确认一下，帮助大部分人统一思想。怎么做，有些时候，企业已经知道要去做什么，但是内部暂时没有能力和资源，先让咨询公司来做做看，慢慢的自己再接过来。你来帮我做，有的时候，公司内部完全没有能力，或者说，老板觉得下面的人联合起来瞒着自己，或者内部阻力很大，索性就让外部的人来做，做的好，证明自己是对的，同时也把下面的人看清楚了。还有些其他的种类，比方说，纯粹赶时髦，或者地区总部忽悠全球总部，但是大致上就这些。以前麦麸专注于战略，但是现在已经拓展的很广泛了，比方说运营业务，全球范围内已经赶上战略了。最后加一句，基本上效果好的项目，都是老板们想的很清楚，外部咨询是来干嘛的，来解决什么问题的。如果没想清楚就做，出状况的可能性会高一些，双方合作的难度也会大很多。2. 管理咨询的价值是什么？管理咨询不便宜，顶级的如MBB就更贵，麦麸那就是贵得不可思议（客户原话），那价值在哪里呢？如果项目的目标是明确可量化的，如效益提升，成本节约，还比较简单，只要回报超过投入就可以了。通常在5-10倍之间，或者更高，但很少低于。这里指的是实现的效益，墙上那张饼不算。（画外音：靠，你就吹吧，怎么可能？）其实很简单，1）项目开始前，会先看看潜力，有没有机会，我们有没有能力做，2）我们提的建议，一定是客户现在能做的，或者我们能帮客户实现的，而不是理论上最优的。方案再好，做不出来都是假的。所以说，管理咨询不是都很高大上的，有时候需要穿着工作服下车间，甚至于下矿井，上钻井平台。3）找大公司做呗，同样的改善举措，100亿的企业和1000亿的企业，体量差10倍，即使考虑到实施难度，效益怎么着也有7-8倍吧。如果项目的目标是无法量化的，或者说要在今后才能看到效果，怎么办？话说回来，没办法，出钱的老板喜欢就好。（画外音：靠，拍马屁也能赚这么多钱，鄙视）这里的喜欢，是指长期的喜欢，不是指一个项目上的喜欢。假设我们现在为了投老板的胃口，做出来不是我们认为最好的建议，总有一天客户会意识到的，那个时候信任和专业性就被破坏了，而客户的信任，是所有专业人士，包括咨询，律师，医生，会计师等等，最最重要的依赖，没有之一。因此，我们经常会做出和客户希望不一致的建议，甚至于推掉一些找上门来的项目。其实高官们是很寂寞孤单同时压力又超级大的一批人，他们在很多时候，是没法和组织内部的人来讨论的，外部咨询顾问可以在这方面给他们很好沟通渠道，提供外部的知识和看法，或者以第三方的角度来印证他们的想法。最后加一句，价值如何，只有客户知道，因为所有项目，都是严格保密的，没有双方同意，不可以和第三方透露 ，包括和咨询公司合作本身，都是需要被保密的。因此，绝大部分的项目成果，是永远不为大众所知道的。就像一位老大曾经在酒桌上说得，几乎每个月我都会在媒体上看到我做的项目的消息，但是没人知道是我们在后面支持的。你们以后也要习惯。3. 管理咨询在中国和普遍看法恰恰想法，麦麸目前在中国正在扩张，完全不是像某些人说的，日子过不下去了。方案都是根据客户的需求和实际情况订制的，完全不是什么国外的经验或者方案直接拿过来用。同时，现在顾问本土化的比例越来越高，基本上顾问和经理级别都是中国人，合伙人级别的，中国人也已经有很大一部分了。客户范围越来越广，从10多年前的外企为主，到目前的外企、民企、央企三分天下。是的，现在央企还是在用顾问。2014年的那个新闻，完全就是假消息。那时候我就在一个超级大央企里做项目，客户也很困惑，然后直接和国资委和发改委都确认了，没有这回事，继续做。以麦麸为例，在中国是很接地气的。有中国研究院，中国领导力学院，有和清华大学合作的领导力课程和模范工厂等等。中国的企业，已经意识到了，野蛮生长，躺着赚钱的日子永远的过去了。现在是练好内功活下去的阶段，所以更加需要外脑的作用。总体来说，经过了20年的市场耕耘，客户培养，团队和知识本土化，再加上市场需求和口碑，不成长才是没天理了。希望大家喜欢，如果有用，以后咱接着聊');
INSERT INTO youthchina.COM_RICH_TEXT (TEXT_ID, COMPILE_TYPE, JSON_CONTENT, TEXT_CONTENT)
VALUES (82, 1,
        '{"braftEditorRaw":{"blocks":[{"key":"dtj4a","text":"<在麦肯锡工作的日子里，B算起来是我合作过时间最长的人。从实习到离开，看着他用光速从咨询顾问升到了副董事，除了佩服还是佩服。回想共事的日子，虽然每个项目上要解决的问题迥异，但是工作模式却差不太多。每天早上八九点到team room或者客户办公室开始工作，跟老板align一下今天的工作重点，然后就开始无比紧张的一天，通常忙到半夜12点以后，然后team一起打车回酒店，睡觉。周一到周四，日复一日，周五晚上一般能正常时间下班搭飞机回深圳，飞机不晚点的情况下，到家也是半夜。如此高强度高压力的工作环境，很容易把人性最脆弱最真实的一面反映地很纯粹：见过老板或客户走廊发飙的，不开心扔PPT的，还有直接挂电话的。合作几久大大小小的项目不少，B都能冷静分析，淡然处之，稳稳地当着team的主心骨，顶住大领导和客户的压力，这样的role model是我一直aspire想达到的境界（捂脸，我真的还差很远）。今天，我想具体谈谈以B老板为典型的麦府好领导们是如何帮助小朋友成长的，这几点也是我现在对自己带团队的要求。第一：系统化的反馈有助有逻辑地复盘反思 如果说话做事不structured（系统化），在firm会被教训得很惨。系统化的思考是面试中要求最最严格的一点。系统化，甚至都体现在给反馈feedback这件事情上面。B教给我一个反馈的架构：1. Thought leadership 2. Client leadership 3. Team leadership。首先你会发现，每一个点都落在了leadership这个点上，因为firm招人的要求和逻辑是，我招进来的每一个人都必须要有升partner的潜力，否则不招。当然升par之前，你一定也是你自己这个模块的owner，你必须是个独当一面的leader。其次，这3点很全面地总结了咨询工作的核心：1. 缜密思考后的问题解决能力；2. 高情商的客户管理和影响能力；3. 有效带领团队鼓励团队的能力。自从习得了这个模板，每日三省吾身，每次上新项目之前，也会对着这三点给自己定要求，push自己进步。当我给其他team member反馈的时候我也开始用这个structure，firm所谓的apprenticeship学徒制，就是如此手把手地传承下来。第二：及时诚实中肯的反馈有助小步迭代大步向前我发现高强度工作带来的一个结果就是，大家的注意力一般都120%地集中在处理事情上面，而不会过多地考虑人的感受。这点在我离开firm以后很不适应，周围冒出来很多玻璃心，不说批评，就连反映一下“事情没做好”的fact都很难。前辈告诉我他们有类似的感受，所以结论是：Firm才是不真实的象牙塔，玻璃心恰恰是真实的世界。及时诚实中肯甚至是严厉反馈的前提是：给反馈的人要有能力客观冷静地看待问题，同时主观上有强烈意愿帮你成长；而听反馈的人要有强烈的个人成长意愿，同时胜不骄败不馁。符合这两个条件的工作环境凤毛麟角。除了每周formal的1v1以外，每天从酒店到client site来回的路上，B和我都会互相给很多反馈，我获益很多。还记得有一次，我们跟客户亚太区的CEO开会，会上客户就一个分析结果发表了很奇怪的意见。分析是我做的，我很清楚里面的来龙去脉，所以我就举手当着二十几个CXO的面讲解我的不同观点。现场气氛都凝固了，所有人都怕我讲错，包括我自己。可是我不讲，没有人知道真相是什么，影响最后的结论。就算我是个小顾问，我也有这个责任表达我的不同意见。会一结束，B给了我一个大大的鼓励，肯定了我既没有让客户难堪又践行了firm value，处理得很好：Obligation to dissent，dissent不是一个option，是一个requirement。客户老大也夸奖B说，你们team真棒，干得太累的时候欢迎加入我们。听到这些话，觉得客户给了那么多钱还是能看到我们的价值。而因为B的这句鼓励，后面的项目里面team都会很appreciate我能offer自己的观点而不是事不关己高高挂起的态度。第三：无私的coaching和替你着想如果说顾问每天工作16小时，压力为120的话，说partner每天工作18小时，压力为200一点不为过。所以我特别特别感激那些会愿意拿出时间帮我分析问题，调节情绪，甚至是设想未来之路的领导们。这点在我创业以后感触很深，每天我要应对，分我时间的人特别多，上上下下，里里外外，一个利益不相关的人除非是很好的朋友，我才会愿意花时间去聊天，否则我要么牺牲吃饭睡觉的时间，要么选择忽略，这个很现实。虽然B也很清楚以后我不会跟着他长干，在项目上他让我做最擅长的并且不停磨炼，当我做我不擅长的事情时候他会反复帮我检查，这点我特别感动。- “你给客户打电话的时候，气息控制好，不要一口气把话说完，慢慢来”- “开了speaker的时候不要把杯子在玻璃桌上挪动，对方听到很刺耳”- “你的client hands，team management都是一流的，但是分析数据的quant skills是我在firm见过的不是最差也是中下的，不过在别的公司应该够用了”- “你应该想好：自己来这里想到得到什么，同时定义好自己的底线，如果这份工作超过你的底线就离开，否则忙忙碌碌把自己的生活完全搭进去，你会遗憾的” 。。。。。。 诸如此类，我常常想，如果不是加入firm，即便是我以前最喜欢的老板都不可能给我如此多的反馈和帮助。我把B连同后来其他老板给我的反馈，好的坏的都一一记录到了笔记里面，成为我职业道路上重要的指路灯，恰恰是这些反馈让我确定了自己擅长做什么，喜欢做什么。一个初出茅庐的小顾问就在这些mentor不停不停真诚的反馈和coaching下，不断地调整自己的方向，把优势发挥到最大，把缺点缩小，这是一份多么幸福和美妙的blessing。每每回想起这些，心里都是温暖的，过去吃过的苦也都在现在结出了好吃的果子。>","type":"unstyled","depth":0,"inlineStyleRanges":[],"entityRanges":[],"data":{}}],"entityMap":{}},"previewText":"<在此填入你的文字>","resourceIdList":[]}',
        '在麦肯锡工作的日子里，B算起来是我合作过时间最长的人。从实习到离开，看着他用光速从咨询顾问升到了副董事，除了佩服还是佩服。回想共事的日子，虽然每个项目上要解决的问题迥异，但是工作模式却差不太多。每天早上八九点到team room或者客户办公室开始工作，跟老板align一下今天的工作重点，然后就开始无比紧张的一天，通常忙到半夜12点以后，然后team一起打车回酒店，睡觉。周一到周四，日复一日，周五晚上一般能正常时间下班搭飞机回深圳，飞机不晚点的情况下，到家也是半夜。如此高强度高压力的工作环境，很容易把人性最脆弱最真实的一面反映地很纯粹：见过老板或客户走廊发飙的，不开心扔PPT的，还有直接挂电话的。合作几久大大小小的项目不少，B都能冷静分析，淡然处之，稳稳地当着team的主心骨，顶住大领导和客户的压力，这样的role model是我一直aspire想达到的境界（捂脸，我真的还差很远）。今天，我想具体谈谈以B老板为典型的麦府好领导们是如何帮助小朋友成长的，这几点也是我现在对自己带团队的要求。第一：系统化的反馈有助有逻辑地复盘反思 如果说话做事不structured（系统化），在firm会被教训得很惨。系统化的思考是面试中要求最最严格的一点。系统化，甚至都体现在给反馈feedback这件事情上面。B教给我一个反馈的架构：1. Thought leadership 2. Client leadership 3. Team leadership。首先你会发现，每一个点都落在了leadership这个点上，因为firm招人的要求和逻辑是，我招进来的每一个人都必须要有升partner的潜力，否则不招。当然升par之前，你一定也是你自己这个模块的owner，你必须是个独当一面的leader。其次，这3点很全面地总结了咨询工作的核心：1. 缜密思考后的问题解决能力；2. 高情商的客户管理和影响能力；3. 有效带领团队鼓励团队的能力。自从习得了这个模板，每日三省吾身，每次上新项目之前，也会对着这三点给自己定要求，push自己进步。当我给其他team member反馈的时候我也开始用这个structure，firm所谓的apprenticeship学徒制，就是如此手把手地传承下来。第二：及时诚实中肯的反馈有助小步迭代大步向前我发现高强度工作带来的一个结果就是，大家的注意力一般都120%地集中在处理事情上面，而不会过多地考虑人的感受。这点在我离开firm以后很不适应，周围冒出来很多玻璃心，不说批评，就连反映一下“事情没做好”的fact都很难。前辈告诉我他们有类似的感受，所以结论是：Firm才是不真实的象牙塔，玻璃心恰恰是真实的世界。及时诚实中肯甚至是严厉反馈的前提是：给反馈的人要有能力客观冷静地看待问题，同时主观上有强烈意愿帮你成长；而听反馈的人要有强烈的个人成长意愿，同时胜不骄败不馁。符合这两个条件的工作环境凤毛麟角。除了每周formal的1v1以外，每天从酒店到client site来回的路上，B和我都会互相给很多反馈，我获益很多。还记得有一次，我们跟客户亚太区的CEO开会，会上客户就一个分析结果发表了很奇怪的意见。分析是我做的，我很清楚里面的来龙去脉，所以我就举手当着二十几个CXO的面讲解我的不同观点。现场气氛都凝固了，所有人都怕我讲错，包括我自己。可是我不讲，没有人知道真相是什么，影响最后的结论。就算我是个小顾问，我也有这个责任表达我的不同意见。会一结束，B给了我一个大大的鼓励，肯定了我既没有让客户难堪又践行了firm value，处理得很好：Obligation to dissent，dissent不是一个option，是一个requirement。客户老大也夸奖B说，你们team真棒，干得太累的时候欢迎加入我们。听到这些话，觉得客户给了那么多钱还是能看到我们的价值。而因为B的这句鼓励，后面的项目里面team都会很appreciate我能offer自己的观点而不是事不关己高高挂起的态度。第三：无私的coaching和替你着想如果说顾问每天工作16小时，压力为120的话，说partner每天工作18小时，压力为200一点不为过。所以我特别特别感激那些会愿意拿出时间帮我分析问题，调节情绪，甚至是设想未来之路的领导们。这点在我创业以后感触很深，每天我要应对，分我时间的人特别多，上上下下，里里外外，一个利益不相关的人除非是很好的朋友，我才会愿意花时间去聊天，否则我要么牺牲吃饭睡觉的时间，要么选择忽略，这个很现实。虽然B也很清楚以后我不会跟着他长干，在项目上他让我做最擅长的并且不停磨炼，当我做我不擅长的事情时候他会反复帮我检查，这点我特别感动。- “你给客户打电话的时候，气息控制好，不要一口气把话说完，慢慢来”- “开了speaker的时候不要把杯子在玻璃桌上挪动，对方听到很刺耳”- “你的client hands，team management都是一流的，但是分析数据的quant skills是我在firm见过的不是最差也是中下的，不过在别的公司应该够用了”- “你应该想好：自己来这里想到得到什么，同时定义好自己的底线，如果这份工作超过你的底线就离开，否则忙忙碌碌把自己的生活完全搭进去，你会遗憾的” 。。。。。。 诸如此类，我常常想，如果不是加入firm，即便是我以前最喜欢的老板都不可能给我如此多的反馈和帮助。我把B连同后来其他老板给我的反馈，好的坏的都一一记录到了笔记里面，成为我职业道路上重要的指路灯，恰恰是这些反馈让我确定了自己擅长做什么，喜欢做什么。一个初出茅庐的小顾问就在这些mentor不停不停真诚的反馈和coaching下，不断地调整自己的方向，把优势发挥到最大，把缺点缩小，这是一份多么幸福和美妙的blessing。每每回想起这些，心里都是温暖的，过去吃过的苦也都在现在结出了好吃的果子。');
INSERT INTO youthchina.COM_RICH_TEXT (TEXT_ID, COMPILE_TYPE, JSON_CONTENT, TEXT_CONTENT)
VALUES (83, 1,
        '{"braftEditorRaw":{"blocks":[{"key":"dtj4a","text":"<有人从本土化角度分析。我也给出以下:麦肯锡这种公司实际上是黑手套的一种。实际上他们的手段就是裁员，更改组织结构。这是董事会或高层最喜欢听到的。这下有理由搞掉不喜欢的人了。现实中，裁员改组往往赶走的是干活的人，因为这些人干的累死累活的难有时间演宫斗剧。实干者们总觉得，自己是为公司创造利润的人，公司怎么会干掉自己的利润奶牛呢？而高层认为利润来源于管理，只要组织架构在，利润就有保证。你越卖力干，越证明你的Manager的管理水平高。正是这种误判实干者的命运往往很惨。被麦肯锡建议改组的公司也很惨。真正获利的高管成功达到自己的说不出口的目的，又把黑锅甩给了麦肯锡。实际上很多底层能力很强，不擅表现的员工很清楚公司的问题在哪里。但他们的声音是无力的。那些在公司多年中高层职业经理人拿着很高的工资，这些人实际上是希望公司被收购裁员的。这样可以得到一份天价的赔偿金。他们更本不在乎公司的业绩，对现状不关心到或装作看不到，因为他们清楚他们的地位来源于上级对你的看法，而不是做了多少事情，他们才是最聪明的一群。反倒是那些在底层兢兢业业的老员工不希望公司被收购。他们知道问题，甚至有解决方法，但他们更本不能发声不敢发声。所以我们经常在麦肯锡的成功案例里看到麦肯锡找到的解决方法，实际上是底层员工早就知道的，私下里告诉麦肯锡工作人员的。一家企业最重要的是人。所谓的流程制度组织管理，从根本上都是由人实施的。这也是为什么很多公司的管理ｉｔ化很难实行。管理一旦ＩＴ化，很多Manａｇｅｒ即使拿着权力也不好下药，所有审批闸门的时间节点和人都在数据库里，大家都看着呢。IT化管理是与中国人喜欢浆糊化处理问题的思维方式不兼容的。美国大公司的组织制度和中国明清朝的制度体系十分相近。效果也是一样的，这套体制越成熟就越能稳定内部，同时对外部越没有抵抗之力。历史上一旦蛮族因为两三年的风调雨顺而人口突然增加，很快就会南下摧毁一个高度文明的帝国。今天小公司偶然间掌握了一项技术占到了风口。会瞬间摧毁巨无霸公司。麦肯锡的高价咨询费 = “高管抽成”+“黑锅费” = 黑手套空降兵一年的工资 。看看高管们的工资奖金分红，你还会觉得麦肯锡收的多吗？更何况空降兵还有失控咬自己的危险。 实际上是麦肯锡公司的服务太贴心太实惠。知乎们都是从公司的结果来考虑麦肯锡的价值，而没有从有购买咨询决策权的高管角度来考虑。麦肯锡正是满足了这些公司高管心照不宣需求 ，才能做到毁公司不倦而生意源源不断。>","type":"unstyled","depth":0,"inlineStyleRanges":[],"entityRanges":[],"data":{}}],"entityMap":{}},"previewText":"<在此填入你的文字>","resourceIdList":[]}',
        '有人从本土化角度分析。我也给出以下:麦肯锡这种公司实际上是黑手套的一种。实际上他们的手段就是裁员，更改组织结构。这是董事会或高层最喜欢听到的。这下有理由搞掉不喜欢的人了。现实中，裁员改组往往赶走的是干活的人，因为这些人干的累死累活的难有时间演宫斗剧。实干者们总觉得，自己是为公司创造利润的人，公司怎么会干掉自己的利润奶牛呢？而高层认为利润来源于管理，只要组织架构在，利润就有保证。你越卖力干，越证明你的Manager的管理水平高。正是这种误判实干者的命运往往很惨。被麦肯锡建议改组的公司也很惨。真正获利的高管成功达到自己的说不出口的目的，又把黑锅甩给了麦肯锡。实际上很多底层能力很强，不擅表现的员工很清楚公司的问题在哪里。但他们的声音是无力的。那些在公司多年中高层职业经理人拿着很高的工资，这些人实际上是希望公司被收购裁员的。这样可以得到一份天价的赔偿金。他们更本不在乎公司的业绩，对现状不关心到或装作看不到，因为他们清楚他们的地位来源于上级对你的看法，而不是做了多少事情，他们才是最聪明的一群。反倒是那些在底层兢兢业业的老员工不希望公司被收购。他们知道问题，甚至有解决方法，但他们更本不能发声不敢发声。所以我们经常在麦肯锡的成功案例里看到麦肯锡找到的解决方法，实际上是底层员工早就知道的，私下里告诉麦肯锡工作人员的。一家企业最重要的是人。所谓的流程制度组织管理，从根本上都是由人实施的。这也是为什么很多公司的管理ｉｔ化很难实行。管理一旦ＩＴ化，很多Manａｇｅｒ即使拿着权力也不好下药，所有审批闸门的时间节点和人都在数据库里，大家都看着呢。IT化管理是与中国人喜欢浆糊化处理问题的思维方式不兼容的。美国大公司的组织制度和中国明清朝的制度体系十分相近。效果也是一样的，这套体制越成熟就越能稳定内部，同时对外部越没有抵抗之力。历史上一旦蛮族因为两三年的风调雨顺而人口突然增加，很快就会南下摧毁一个高度文明的帝国。今天小公司偶然间掌握了一项技术占到了风口。会瞬间摧毁巨无霸公司。麦肯锡的高价咨询费 = “高管抽成”+“黑锅费” = 黑手套空降兵一年的工资 。看看高管们的工资奖金分红，你还会觉得麦肯锡收的多吗？更何况空降兵还有失控咬自己的危险。 实际上是麦肯锡公司的服务太贴心太实惠。知乎们都是从公司的结果来考虑麦肯锡的价值，而没有从有购买咨询决策权的高管角度来考虑。麦肯锡正是满足了这些公司高管心照不宣需求 ，才能做到毁公司不倦而生意源源不断。');
INSERT INTO youthchina.COM_RICH_TEXT (TEXT_ID, COMPILE_TYPE, JSON_CONTENT, TEXT_CONTENT)
VALUES (84, 1,
        '{"braftEditorRaw":{"blocks":[{"key":"dtj4a","text":"<管理咨询顾问的工作，一句话来概括：要么在项目上，要么在奔去项目的路上。工作体验在项目上，就是贴身为客户服务，满足客户的各种在商业范围内但在项目范围内外的各种需求。因为咨询一直要面临的挑战是：100多页ppt为啥价值几百万甚至过千万。卖项目的合伙人以及负责项目的经理管理客户的项目范围（俗称scope）的能力非常重要，直接决定整个项目组的生活及工作质量。在项目上时，各种工作亮点如下：终日换床换房。某些积分狂热者，每日换酒店，在两三个酒店体系之间倒腾，利用stay比night攒积分更快的小bug，迅速将各种顶级酒店的会员刷到顶级，然而攒着以后度假的时候不花钱住好酒店。终日单飞双飞多飞，各类航空公司刷等级。吃饭可以报销，预算还算慷慨，行话：charge code（简单说，这段时间你是属于客户的，所以费用也会由客户来承担）。忙的时候匆匆狗刨几口解决，不忙的时候可以攒一堆有charge code的人聚在一起而团出一个大预算，选一些不错的餐厅发泄一下。工作上就是写ppt、做model、找资料、做访谈、打cold call、陪客户聊天给客户开会等等。如果会一点奇巧淫技，会让工作效率大幅提高，直接达到一个顶n个的神奇功效，比如：找资料详见做投行、行研、咨询等金融岗位，有没有什么好用的找数据技巧呢？ - 何明科的回答，做model详见Excel 有哪些可能需要熟练掌握而很多人不会的技能？ - 何明科的回答。级别越低，这些奇巧淫技的杠杆作用越明显。级别越高，更多的时间要花在和客户沟通销售或者完成项目。在奔去项目上，就是给正在销售的项目做提议书（proposal）或者做行业研究以便发布行业报告，其实还是为公司做品牌和为卖项目做铺垫，等同于现在大家都在知乎上做高质量的回答以及发布专栏文章，以此来塑造品牌和获取流量。这时候因为没有客户，而雇佣劳力的仅仅为咨询公司自己，所以费用一般比较抠门，各种吃饭和出差等等都只有省着花。于是吃饭的时候，经常找有charge code的同事带着飞。这种时刻，只要老板不是特别过分，一般都会比较轻松，但处于一种等待被人翻牌上项目的阶段，所以叫做“奔去项目”的阶段。日后去处咨询公司招人的标准是非常苛刻的，按重要程度排序从高到低：聪明、沟通能力好、领导力强（其实这点存疑，即使做到合伙人也管不了多少人或者经历多少事儿，这条主要还是指积极主动性，所谓take initiatives）。考虑到是高价的客户服务，所以招聘的人员几乎都是来自于国内外的顶尖名校，至少拿简历或者GPA攒点重量，特别是在前几年咨询一枝独秀的年代，基本是招聘牛校当界最优秀的少数几个本科生、海龟顶尖MBA、PhD及JD等等。考虑到咨询公司万精油的性质以及大部分人很容易对这份工作产生价值的怀疑和内容的厌倦，大部分人在从业2-5年后都会选择离开，而咨询从业人员凭借绚丽的背景及学习能力，离开咨询后的去处还是非常广泛和分散的。现列举如下：MBA。大部分本科毕业加入咨询的人，都会在三年左右选择去读MBA，基本都能申请到顶级MBA Program。而且MBB三家都有资助计划，对于MBA之后回到原公司的同事给与学费及部分生活费报销，所以选择此条路径的人不少。投资。工作内容和咨询高度相关而且希望招到最优秀的人才，所以咨询转行各类天使、VC、PE及基金的人非常多。而且现在有越来越多的前咨询从业者自立门户开创自己的基金。创业。虽然有人经常讽刺咨询顾问创业是“秀才造反十年不成”，但是就博士屯一个小小公司在中国而言，已经涌现出小红书、碳元、碰碰及多点等估值超过1亿美元的数家公司，一点不比号称互联网创业黄埔军校的BAT差。如果再考虑到博士屯只有小几百人的员工规模，对比BAT任何一家都是上万人的规模，其创业靠谱程度更是秒杀BAT等互联网公司。创业公司及互联网公司。随着它们越来越有钱或者越来越提供更令人兴奋的工作，许多咨询顾问离开后加入这样的公司，所从事的岗位从经营分析到运营到产品技术，不一而足。特别是腾讯这样的大款，更是号称整队整队从博士屯挖人，安排到战略部或者各种业务部门。公司。一般是去跨国企业或者各类大国企大私企，从事的职位从中国区CEO到某一个部门的总监。学术。有些人离开后去顶尖名校做研究带博士，还获得加入中组部的青年千人计划的殊荣。自由职业者。从自媒体或艺术类，到自己做一些兼职的咨询项目，到慈善事业专业户，各种各样丰富多彩。>","type":"unstyled","depth":0,"inlineStyleRanges":[],"entityRanges":[],"data":{}}],"entityMap":{}},"previewText":"<在此填入你的文字>","resourceIdList":[]}',
        '管理咨询顾问的工作，一句话来概括：要么在项目上，要么在奔去项目的路上。工作体验在项目上，就是贴身为客户服务，满足客户的各种在商业范围内但在项目范围内外的各种需求。因为咨询一直要面临的挑战是：100多页ppt为啥价值几百万甚至过千万。卖项目的合伙人以及负责项目的经理管理客户的项目范围（俗称scope）的能力非常重要，直接决定整个项目组的生活及工作质量。在项目上时，各种工作亮点如下：终日换床换房。某些积分狂热者，每日换酒店，在两三个酒店体系之间倒腾，利用stay比night攒积分更快的小bug，迅速将各种顶级酒店的会员刷到顶级，然而攒着以后度假的时候不花钱住好酒店。终日单飞双飞多飞，各类航空公司刷等级。吃饭可以报销，预算还算慷慨，行话：charge code（简单说，这段时间你是属于客户的，所以费用也会由客户来承担）。忙的时候匆匆狗刨几口解决，不忙的时候可以攒一堆有charge code的人聚在一起而团出一个大预算，选一些不错的餐厅发泄一下。工作上就是写ppt、做model、找资料、做访谈、打cold call、陪客户聊天给客户开会等等。如果会一点奇巧淫技，会让工作效率大幅提高，直接达到一个顶n个的神奇功效，比如：找资料详见做投行、行研、咨询等金融岗位，有没有什么好用的找数据技巧呢？ - 何明科的回答，做model详见Excel 有哪些可能需要熟练掌握而很多人不会的技能？ - 何明科的回答。级别越低，这些奇巧淫技的杠杆作用越明显。级别越高，更多的时间要花在和客户沟通销售或者完成项目。在奔去项目上，就是给正在销售的项目做提议书（proposal）或者做行业研究以便发布行业报告，其实还是为公司做品牌和为卖项目做铺垫，等同于现在大家都在知乎上做高质量的回答以及发布专栏文章，以此来塑造品牌和获取流量。这时候因为没有客户，而雇佣劳力的仅仅为咨询公司自己，所以费用一般比较抠门，各种吃饭和出差等等都只有省着花。于是吃饭的时候，经常找有charge code的同事带着飞。这种时刻，只要老板不是特别过分，一般都会比较轻松，但处于一种等待被人翻牌上项目的阶段，所以叫做“奔去项目”的阶段。日后去处咨询公司招人的标准是非常苛刻的，按重要程度排序从高到低：聪明、沟通能力好、领导力强（其实这点存疑，即使做到合伙人也管不了多少人或者经历多少事儿，这条主要还是指积极主动性，所谓take initiatives）。考虑到是高价的客户服务，所以招聘的人员几乎都是来自于国内外的顶尖名校，至少拿简历或者GPA攒点重量，特别是在前几年咨询一枝独秀的年代，基本是招聘牛校当界最优秀的少数几个本科生、海龟顶尖MBA、PhD及JD等等。考虑到咨询公司万精油的性质以及大部分人很容易对这份工作产生价值的怀疑和内容的厌倦，大部分人在从业2-5年后都会选择离开，而咨询从业人员凭借绚丽的背景及学习能力，离开咨询后的去处还是非常广泛和分散的。现列举如下：MBA。大部分本科毕业加入咨询的人，都会在三年左右选择去读MBA，基本都能申请到顶级MBA Program。而且MBB三家都有资助计划，对于MBA之后回到原公司的同事给与学费及部分生活费报销，所以选择此条路径的人不少。投资。工作内容和咨询高度相关而且希望招到最优秀的人才，所以咨询转行各类天使、VC、PE及基金的人非常多。而且现在有越来越多的前咨询从业者自立门户开创自己的基金。创业。虽然有人经常讽刺咨询顾问创业是“秀才造反十年不成”，但是就博士屯一个小小公司在中国而言，已经涌现出小红书、碳元、碰碰及多点等估值超过1亿美元的数家公司，一点不比号称互联网创业黄埔军校的BAT差。如果再考虑到博士屯只有小几百人的员工规模，对比BAT任何一家都是上万人的规模，其创业靠谱程度更是秒杀BAT等互联网公司。创业公司及互联网公司。随着它们越来越有钱或者越来越提供更令人兴奋的工作，许多咨询顾问离开后加入这样的公司，所从事的岗位从经营分析到运营到产品技术，不一而足。特别是腾讯这样的大款，更是号称整队整队从博士屯挖人，安排到战略部或者各种业务部门。公司。一般是去跨国企业或者各类大国企大私企，从事的职位从中国区CEO到某一个部门的总监。学术。有些人离开后去顶尖名校做研究带博士，还获得加入中组部的青年千人计划的殊荣。自由职业者。从自媒体或艺术类，到自己做一些兼职的咨询项目，到慈善事业专业户，各种各样丰富多彩。');
INSERT INTO youthchina.COM_RICH_TEXT (TEXT_ID, COMPILE_TYPE, JSON_CONTENT, TEXT_CONTENT)
VALUES (85, 1,
        '{"braftEditorRaw":{"blocks":[{"key":"dtj4a","text":"<其他几位推荐的很好。我来讲我读过，也觉得帮助巨大的两本原版书吧。The lords of Strategy: The Secret Intellectual History of the New Corporate Worldhttp://www.amazon.com/The-Lords-Strategy-Intellectual-Corporate/dp/1591397820作者 Walter Kiechel，Forbes 的前主编和 Harvard Business Review 的 Producer （不知道对应中文的什么职位）。此书作为八卦一读非常值得，我读到很多有意思的小故事，也对行业有了点了解。书里讲了包括几大咨询公司的来历，公司里的著名人物，这些公司早年是如何运作的，为什么他们会变成今天这样，几大巨头 McKinsey，BCG，Bain 是什么关系，各有什么特点，各对商业世界有什么理论贡献，等等。推荐不了解行业者翻翻。Perspectives on Strategy from The Boston Consulting Group http://www.amazon.com/Perspectives-Strategy-Boston-Consulting-Group/dp/0471248339此书堪称管理咨询界的巨著了。我读的非常头疼，但不得不承认我还没有见到过比这本更 NB 的管理咨询界的专著。读完这本你可以对商业世界从 1950 到 2000 左右的思想变化有大致的了解，同时也知道哪些人对商业思想有过深刻的影响。当然，早年的一些理论已经不适用于今天的世界，比如experienced curve，后人已经有很多新的模型发展，不再用这个原型了。但从书里你可以读出当时人们是怎么进行商业思维的创新的，而这些创新又是如何影响了全世界。这本书是一本活脱脱的二十世纪后半夜的商业思想史，比较难读，但是我觉得值得好好看看。另外鼎鼎大名的 Competitive Strategy by Michael Porter 当然是应该一读，我本人没有读完，惭愧，就不评了。最后，比书更有用的三个网站/出版物：Harvard Business Review, BCG Perspectives, McKinsey Quarterly。没空看书的话，翻翻这三个基本就够了。>","type":"unstyled","depth":0,"inlineStyleRanges":[],"entityRanges":[],"data":{}}],"entityMap":{}},"previewText":"<在此填入你的文字>","resourceIdList":[]}',
        '其他几位推荐的很好。我来讲我读过，也觉得帮助巨大的两本原版书吧。The lords of Strategy: The Secret Intellectual History of the New Corporate Worldhttp://www.amazon.com/The-Lords-Strategy-Intellectual-Corporate/dp/1591397820作者 Walter Kiechel，Forbes 的前主编和 Harvard Business Review 的 Producer （不知道对应中文的什么职位）。此书作为八卦一读非常值得，我读到很多有意思的小故事，也对行业有了点了解。书里讲了包括几大咨询公司的来历，公司里的著名人物，这些公司早年是如何运作的，为什么他们会变成今天这样，几大巨头 McKinsey，BCG，Bain 是什么关系，各有什么特点，各对商业世界有什么理论贡献，等等。推荐不了解行业者翻翻。Perspectives on Strategy from The Boston Consulting Group http://www.amazon.com/Perspectives-Strategy-Boston-Consulting-Group/dp/0471248339此书堪称管理咨询界的巨著了。我读的非常头疼，但不得不承认我还没有见到过比这本更 NB 的管理咨询界的专著。读完这本你可以对商业世界从 1950 到 2000 左右的思想变化有大致的了解，同时也知道哪些人对商业思想有过深刻的影响。当然，早年的一些理论已经不适用于今天的世界，比如experienced curve，后人已经有很多新的模型发展，不再用这个原型了。但从书里你可以读出当时人们是怎么进行商业思维的创新的，而这些创新又是如何影响了全世界。这本书是一本活脱脱的二十世纪后半夜的商业思想史，比较难读，但是我觉得值得好好看看。另外鼎鼎大名的 Competitive Strategy by Michael Porter 当然是应该一读，我本人没有读完，惭愧，就不评了。最后，比书更有用的三个网站/出版物：Harvard Business Review, BCG Perspectives, McKinsey Quarterly。没空看书的话，翻翻这三个基本就够了。');
INSERT INTO youthchina.COM_RICH_TEXT (TEXT_ID, COMPILE_TYPE, JSON_CONTENT, TEXT_CONTENT)
VALUES (86, 1,
        '{"braftEditorRaw":{"blocks":[{"key":"dtj4a","text":"<评论里好多问今年还卖苹果不。不好意思，今年我家果园遭受自种植苹果35年以来最大的霜冻灾害，几乎绝收了。就剩一点够自家吃和送亲戚朋友领导了。————————————————————还有问果汁厂为什么不用好苹果，而是用落地果榨果汁。因为便宜啊，如果改用好苹果榨果汁，成本价格得翻五倍不止。还有据说欧洲的苹果汁市场几乎被中国垄断了，原因就在于此。其实落地果榨果汁，要经过一系列的处理，我没进去过果汁厂，听我们村的人说是用高压水冲洗，卫生符合国家规定。我高中的时候有同学就把厂里面的原浆果汁拿出来，非常粘稠，甜的发腻，我们兑开水当饮料喝。另外，我们县就有个某大品牌的果汁厂，名字就不说了，估计大家都喝过。——————————————————————曾经在拼多多上卖过一段时间自家的苹果。当时挑最好的苹果，十斤装卖49.9包邮。用的成本较高的泡沫箱，一个箱子带发泡网包装费7块钱左右，快递费10-12不等。当然这个定价在拼多多上根本没有竞争力，销量可想知有多惨，都是靠亲戚朋友支持。后来一朋友接了个拼多多商户的供货订单，我听了之后直接决定赶紧退出平台，要不然以后押金肯定被套住。是个什么样的订单呢？你可能都想象不到。如何能做八斤装红富士9.9包邮还能挣钱。我来给你细算一下。首先邮费如果是大批量的话，韵达8斤重能做到五块左右，包装箱和发泡网选最次的两块多钱一箱，根本不能保护苹果免于碰伤。这样加起来已经七块多钱了，只剩下两块多钱，装八斤苹果怎么做到的？我朋友说，当时拼多多商户给他的要求是，“只要是个苹果，而不是土坷垃就行”。我日。这朋友直接从准备送到果汁厂的落地果和挑剩下的最次的苹果中供货，当时一斤落地果大概二毛钱。就这样，商户一箱还能挣九毛钱。他家的销量，我去看了一次，几天时间卖了好几万箱。呵呵。>","type":"unstyled","depth":0,"inlineStyleRanges":[],"entityRanges":[],"data":{}}],"entityMap":{}},"previewText":"<在此填入你的文字>","resourceIdList":[]}',
        '评论里好多问今年还卖苹果不。不好意思，今年我家果园遭受自种植苹果35年以来最大的霜冻灾害，几乎绝收了。就剩一点够自家吃和送亲戚朋友领导了。————————————————————还有问果汁厂为什么不用好苹果，而是用落地果榨果汁。因为便宜啊，如果改用好苹果榨果汁，成本价格得翻五倍不止。还有据说欧洲的苹果汁市场几乎被中国垄断了，原因就在于此。其实落地果榨果汁，要经过一系列的处理，我没进去过果汁厂，听我们村的人说是用高压水冲洗，卫生符合国家规定。我高中的时候有同学就把厂里面的原浆果汁拿出来，非常粘稠，甜的发腻，我们兑开水当饮料喝。另外，我们县就有个某大品牌的果汁厂，名字就不说了，估计大家都喝过。——————————————————————曾经在拼多多上卖过一段时间自家的苹果。当时挑最好的苹果，十斤装卖49.9包邮。用的成本较高的泡沫箱，一个箱子带发泡网包装费7块钱左右，快递费10-12不等。当然这个定价在拼多多上根本没有竞争力，销量可想知有多惨，都是靠亲戚朋友支持。后来一朋友接了个拼多多商户的供货订单，我听了之后直接决定赶紧退出平台，要不然以后押金肯定被套住。是个什么样的订单呢？你可能都想象不到。如何能做八斤装红富士9.9包邮还能挣钱。我来给你细算一下。首先邮费如果是大批量的话，韵达8斤重能做到五块左右，包装箱和发泡网选最次的两块多钱一箱，根本不能保护苹果免于碰伤。这样加起来已经七块多钱了，只剩下两块多钱，装八斤苹果怎么做到的？我朋友说，当时拼多多商户给他的要求是，“只要是个苹果，而不是土坷垃就行”。我日。这朋友直接从准备送到果汁厂的落地果和挑剩下的最次的苹果中供货，当时一斤落地果大概二毛钱。就这样，商户一箱还能挣九毛钱。他家的销量，我去看了一次，几天时间卖了好几万箱。呵呵。');
INSERT INTO youthchina.COM_RICH_TEXT (TEXT_ID, COMPILE_TYPE, JSON_CONTENT, TEXT_CONTENT)
VALUES (87, 1,
        '{"braftEditorRaw":{"blocks":[{"key":"dtj4a","text":"<最早先是1元假团购的事被曝光，各种团成了和你说没货让你退钱，或者成团条件巨复杂逼你自己退团。说白了免费的赚了一大堆流量进来，顺便还赚了一波没退钱的。然后我妈在我苦口婆心的教育下，仍然贪便宜买了两次东西，一次质量奇差无比，一次漏发东西。商家态度奇差，叫半天都没反应，要求退款也不确认，还没有时间到了自动退款这一说，也没有商家电话，只能在线留言。反正遇到纠纷叫天天不应 叫地地不灵。打系统客服电话，居然是个个人手机号，很不耐烦的说我这是拼多多，你们有问题自己联系商家，然后话都不让你说，直接把电话给挂了！挂了！excuse me ？现在又在电视上到处刷广告，极挑我没看，但是中国新歌声也有他的广告啊，频率高到叫人恶心。见过最烂的一个电商，一生黑。看了下面商家们的回复后我好像明白了，原来人家的盈利模式是赚商家的赔款？>","type":"unstyled","depth":0,"inlineStyleRanges":[],"entityRanges":[],"data":{}}],"entityMap":{}},"previewText":"<在此填入你的文字>","resourceIdList":[]}',
        '最早先是1元假团购的事被曝光，各种团成了和你说没货让你退钱，或者成团条件巨复杂逼你自己退团。说白了免费的赚了一大堆流量进来，顺便还赚了一波没退钱的。然后我妈在我苦口婆心的教育下，仍然贪便宜买了两次东西，一次质量奇差无比，一次漏发东西。商家态度奇差，叫半天都没反应，要求退款也不确认，还没有时间到了自动退款这一说，也没有商家电话，只能在线留言。反正遇到纠纷叫天天不应 叫地地不灵。打系统客服电话，居然是个个人手机号，很不耐烦的说我这是拼多多，你们有问题自己联系商家，然后话都不让你说，直接把电话给挂了！挂了！excuse me ？现在又在电视上到处刷广告，极挑我没看，但是中国新歌声也有他的广告啊，频率高到叫人恶心。见过最烂的一个电商，一生黑。看了下面商家们的回复后我好像明白了，原来人家的盈利模式是赚商家的赔款？');
INSERT INTO youthchina.COM_RICH_TEXT (TEXT_ID, COMPILE_TYPE, JSON_CONTENT, TEXT_CONTENT)
VALUES (88, 1,
        '{"braftEditorRaw":{"blocks":[{"key":"dtj4a","text":"<我也去拼多多面过，感受真的不是一般的差。HR面试还是比较专业的，后来业务部门面试，面试官一进门就给人一种傲慢无礼的感觉，进来后玩手机10分钟，一句话不说，答主是国外留学回来的硕士，面试官第一句问的就是，你留学回来的？我说对，面试官随后问，一年花多少钱？我保守的估算了一下说：普遍一年35万左右。随后面试官就说，这么多钱你现在上班能回本么？...当时真的是想走人... 答主笑笑没说话，个人感觉出国留学也没什么好宣传炫耀的，诚恳的讲就是答主本科学校不错绩点也好看，能申请到不错的学校才去的。答主已经回国工作一年多了，面试官死抓着过往留学经历不放问了一波问题真的是让人很无语。随后开始问了关于目前工作的问题，基本上全方位贬低我个人目前所在公司，贬低我目前所从事的工作，认为答主所做的一切都是没有任何意义的... 答主虽然不是很喜欢自己目前的公司，但坦白讲目前所在的公司的各方面都不是拼多多能比得上的，另外存在即合理，面试官一再贬低，让我个人觉得无法忍受，毕竟目前为止答主所做的部门成绩喜人。面试官问我有没有用过拼多多，答主心情不爽自然也不想让面试官很爽，加上确实没用过拼多多，答没用过。面试官说为什么不用，答主说虽然广告宣传的铺天盖地，但是我质疑产品的品质，包括后续服务和客户权益是否能得到保障，品质第一，再便宜的东西品质不好我为什么要买？我更信任马云爸爸；再说了我又不缺钱，何必委屈自己买这什么拼团，没有这个必要。面试之后，HR说让我等通知，答主直接跟HR讲，请不要再联系我。注：我澄清下几点，不吹不黑，如实回答。1. 面试的HR还是比较专业的，态度也不错；2. 业务部门面试应该是中层管理者，也是答主大段描述的主角；3. 让答主真正感到气愤的是，面试官全盘否定贬低答主目前的公司和工作。也是从这之后答主开始针对面试官尖锐问题不客气的回答。虽然考虑换工作，但是不能代表答主不喜欢现在的公司和工作，只是出于个人考虑，毕竟在现在的公司学到了很多东西也成长了很多。4. 答主不喜欢也不想做 一个在新东家面前贬低和附和领导贬低老东家的人。5. 关于留学经历什么的，答主并没有觉得沾沾自喜什么的，纯粹是国外学校知名度高，且不用像国内考研付出这么多，加上答主英语不错，算是走捷径。6. 有人质疑玩手机10分钟，面试官一进来接了个电话，随后，开始摆弄手机，答主可以理解为有业务要忙或者有事情需要处理。但，答主不知道具体在做什么... 只是觉得基本礼仪也是应该说一下不好意思，我有点事情要处理。对于面试者来说也不会有不好的感受。7. 上述只是答主所遇到的事情，但不可否认每个公司都有其核心部门，每个管理者也不一定都像答主所遇到的这样。请各位理智的综合考虑。希望各位都能遇到一个很有人格魅力很有水准的上级。也能找到自己乐于付出的公司。>","type":"unstyled","depth":0,"inlineStyleRanges":[],"entityRanges":[],"data":{}}],"entityMap":{}},"previewText":"<在此填入你的文字>","resourceIdList":[]}',
        '我也去拼多多面过，感受真的不是一般的差。HR面试还是比较专业的，后来业务部门面试，面试官一进门就给人一种傲慢无礼的感觉，进来后玩手机10分钟，一句话不说，答主是国外留学回来的硕士，面试官第一句问的就是，你留学回来的？我说对，面试官随后问，一年花多少钱？我保守的估算了一下说：普遍一年35万左右。随后面试官就说，这么多钱你现在上班能回本么？...当时真的是想走人... 答主笑笑没说话，个人感觉出国留学也没什么好宣传炫耀的，诚恳的讲就是答主本科学校不错绩点也好看，能申请到不错的学校才去的。答主已经回国工作一年多了，面试官死抓着过往留学经历不放问了一波问题真的是让人很无语。随后开始问了关于目前工作的问题，基本上全方位贬低我个人目前所在公司，贬低我目前所从事的工作，认为答主所做的一切都是没有任何意义的... 答主虽然不是很喜欢自己目前的公司，但坦白讲目前所在的公司的各方面都不是拼多多能比得上的，另外存在即合理，面试官一再贬低，让我个人觉得无法忍受，毕竟目前为止答主所做的部门成绩喜人。面试官问我有没有用过拼多多，答主心情不爽自然也不想让面试官很爽，加上确实没用过拼多多，答没用过。面试官说为什么不用，答主说虽然广告宣传的铺天盖地，但是我质疑产品的品质，包括后续服务和客户权益是否能得到保障，品质第一，再便宜的东西品质不好我为什么要买？我更信任马云爸爸；再说了我又不缺钱，何必委屈自己买这什么拼团，没有这个必要。面试之后，HR说让我等通知，答主直接跟HR讲，请不要再联系我。注：我澄清下几点，不吹不黑，如实回答。1. 面试的HR还是比较专业的，态度也不错；2. 业务部门面试应该是中层管理者，也是答主大段描述的主角；3. 让答主真正感到气愤的是，面试官全盘否定贬低答主目前的公司和工作。也是从这之后答主开始针对面试官尖锐问题不客气的回答。虽然考虑换工作，但是不能代表答主不喜欢现在的公司和工作，只是出于个人考虑，毕竟在现在的公司学到了很多东西也成长了很多。4. 答主不喜欢也不想做 一个在新东家面前贬低和附和领导贬低老东家的人。5. 关于留学经历什么的，答主并没有觉得沾沾自喜什么的，纯粹是国外学校知名度高，且不用像国内考研付出这么多，加上答主英语不错，算是走捷径。6. 有人质疑玩手机10分钟，面试官一进来接了个电话，随后，开始摆弄手机，答主可以理解为有业务要忙或者有事情需要处理。但，答主不知道具体在做什么... 只是觉得基本礼仪也是应该说一下不好意思，我有点事情要处理。对于面试者来说也不会有不好的感受。7. 上述只是答主所遇到的事情，但不可否认每个公司都有其核心部门，每个管理者也不一定都像答主所遇到的这样。请各位理智的综合考虑。希望各位都能遇到一个很有人格魅力很有水准的上级。也能找到自己乐于付出的公司。');
INSERT INTO youthchina.COM_RICH_TEXT (TEXT_ID, COMPILE_TYPE, JSON_CONTENT, TEXT_CONTENT)
VALUES (89, 1,
        '{"braftEditorRaw":{"blocks":[{"key":"dtj4a","text":"<这件事情其实跟佛教没有关系，懂的人自然懂，不懂的就拉倒——实在想评论的请看完这个贴子，或者直接跳过中间看下最后我的说明，粗看了一下评论，被友军的意大利炮和吃瓜群众各种误伤。(想了想，还是把这段放前面，要不然总有人纠结）————————————————————————————————————我今天问美团客服：我信佛，能否将我点的素菜与其他荤腥餐分箱？答曰不能。于是我就向国家工信部，国家工商管理总局，国家12315互联网平台，国家宗教事务局，国家信访局投诉美团蓄意挑拨民族与宗教矛盾，目前坐等回复中。————————————割一下——————————————三小时不到就5千多赞，看来公道自在人心。一觉醒来，居然有一万多赞，有点诚惶诚恐。工信部的部长邮箱留言：部长信箱 因为美团的分箱事件主要是网站和app软件，这个是工信部的管理范围之内。当年家里的电信宽带限速限路由器之类的搞得很烦躁，投诉到工信部，两个小时内解决，所以感觉很好。国家工商行政管理总局：工商总局留言须知，需要先实名注册。国家12315：全国12315互联网平台，需要实名注册。投诉的理由是“侮辱人格尊严”，当然要注意下美团所在的公司是北京三快科技有限公司，所以需要投诉这一家公司而不是美团。国家宗教事务局：国家宗教事务局，需要实名注册。这当然是在管辖范围之内。国家信访局：国家投诉受理办公室，需要实名注册。这个局上管天，下管地，最注意的就是给稳与和谐，而这种挑拨宗教民族矛盾的事情是很破坏稳定的，所以这件事情也是在管辖范围之内。我也不知道这些能起多大的作用，但就是想为阻止泛清真化尽一些绵薄之力，让那些忘了祖宗想去跪舔绿绿的企业长点记心。另外再附一下清真食品是如何的“干净”与“卫生 ”匿名用户：有哪些让人惊叹「还有这种玩法」的体验？——————————————————————————————————————附一下我下午与美团客服（电话：10107888 ）小哥的对话（不能确保一字不差）：客服：你好！你好，请问你们这边是点清真餐可以分箱送，对么？客服（迟疑）：是的我：那请问这是出于什么样的考虑呢？是因为清真餐脏，还是非清真餐脏，所以要分开？客服：呃，这个是运营推出的措施，我个人认为这是因为非清真餐的一些作料与食材会影响到清真餐。我：那我信佛，点的素菜与其他荤腥需要分箱送，你们有这样的服务么？客服：……，没有我：那我是不是可以理解为你们对不同的宗教区别对待，蓄意挑拨民族与宗教矛盾？客服：这个并没有的，先生，这样吧，我让我的上级主管来与您沟通。（一会儿换了另外一个小哥，一上来就否认没有这种服务）客服：先生，我想您有所误解，我们这边的清真分箱，是宁夏那边商家自已推出的送餐措施，我们美团并没有官方推出此类措施。我：但我下载的app里面，首页上就有一个“清真”图标，然后你们的网站和app也都有这种清真大众分箱的广告啊！客服：先生，请不要相信网上的传言，我们并没有此类活动。来回扯了几句后，说不到一个频道上，就只好挂了电话后去投诉了。（我对客服没有任何意见，通话结束后给的是“非常满意”这样的评价，而且我的清楚的知道这种企业行为与客服没有任何关系，但我得确认一下美团是否能提供素食分箱）。从这次打客服电话反馈的情况看，其实美团内部的口径也不统一，估计这些客服也在心里狂骂那帮跪舔绿绿的猪队友。大家有空的时候也可以打客服电话问问，看看他们如何回答。———————————————写在后面的说明————————————昨天投诉完后，正好逛知乎看到有一个涉及到美团的贴子，就写了短短几句，本想着抖个机灵就走，没有想到反响很热烈。在我看来，这种投诉的机制本身就是国家与政府赋予我们普通公民的权利，让我们能多一些讲道理的途径，还是要善于运用。为什么我很讨厌并警惕绿教？因为这个教是人类文明之癌，如果你愿意你自己或者子孙后代生活在那种愚昧落后的社会，那就当我没说。1）绿教的教义明确要求了绿教要全力向外扩张，要奸杀抢掠异教徒，并且这种行为是他们的那个“真主”所赞赏的。具体的教义大家可以自己去搜索，这里就不多贴了。其实像基督教，佛教也都有这样的黑历史，但他们都顺应现代社会的准则，在不断的调整，而绿教则不一样，说古兰经一个字都不能改。因此很多的蠢货就相信男人爆了后上天堂有72处女，女人爆了后上天堂有永不变软的丁丁用（这些都是教义中的原话）。2）绿教不干活，只管撅屁股，又眼红勤劳工作人们的富裕生活，怎么办？那就去抢啊，去强奸啊，现在的德国等圣母国家就是最好的例子；另一个就是泛清真化，什么都搞个清真，而挂那个绿坨坨的企业不仅是要交钱，而且还要安排这些绿大爷当法人代表之类，坐着领工资，等时机成熟，再聚众打砸抢那些不清真的企业。引用一篇文章的数据与分析：王星看经济: 穆斯林一生的终极目标 当MSL人口在一个国家少于2%时，他们中的大多数会被认为是爱好和平的少数民族，不对其它公民构成威胁，这种情况的国家为： ...当MSL人口在一个国家少于2%时，他们中的大多数会被认为是爱好和平的少数民族，不对其它公民构成威胁；在2％至5％，他们开始向其它少数民族和心存叛意的群体传教，往往从监狱中和街头帮派大规模的吸收新成员到了5％，他们会行使突破人口比例平衡的过度影响。例如，它们将推动对清真（回教标准清洁）食品引进，从而确保清真食品的从业人员由MSL担任。它们会对连锁超市施加压力，在他们的货架上标注清真特性 - 并伴随着威胁不愿遵守的对象。到了这一步，他们将努力争取政府的授权，使他们能够在MSL聚居区根据自己的教法行使伊斯兰法。伊斯兰主义的最终目标是在整个世界建立伊斯兰教法。当 MSL接近人口的10％，他们试图增加法律条款，把“表达对MSL不满”定为非法。在巴黎，我们常看到汽车烧毁。任何非MSL的行为被认为冒犯了伊斯兰教，结果就是暴乱和恐怖。如在阿姆斯特丹，由反穆罕默德的漫画和电影导致的结果。每天看到这种紧张状态，尤其是在MSL区域，在它们达到20％，可以预知此国家处于骚乱一触即发的状态，圣战武装的零星屠杀，和焚烧基督教堂和犹太教堂，从60％起，国家将不受制约地迫害所有其它异教徒（包括不顺从的MSL）和零星的种族清洗（种族灭绝）。以伊斯兰教法作为武器对异教徒实行加税等岐视，如这样的：到了80％以后，预计每天都在恐吓、暴力、圣战，一些种族清洗，甚至一些大屠杀。因为这些国家驱逐异教徒，把100%作为目标。100％将迎来和平\\''达累斯萨拉姆\\'' - 伊斯兰和平之家。这里有应该是和平的，因为大家都是MSL，Madrasses是唯一的学校，可兰经至高无上经典。不幸的是，和平是永远不会实现。因为在这些100%纯国家里最激进的那部分MSL相互胁迫着发泄仇恨，为满足嗜血的欲望屠杀那些相对不太激进的MSL，以各种各样的理由...自相残杀。————————————————————————————————2018年3月15日更新：@美团外卖 昨天收到一位网友代表你们企业来投诉本人回答中的内容：知乎 ID ：义****联系人：钱**邮箱：********@http://qq.com企业名称：北京三快在线科技有限公司投诉内容为：“运用比喻不恰当，把我们清真模式比作那就去抢啊，去强奸啊，德国等圣母国家等等，严重损害我企业的权益。”“作者在文中写到它们将推动对清真（回教标准清洁）食品引进，从而确保清真食品的从业人员由MSL担任。它们会对连锁超市施加压力，在他们的货架上标注清真特性 - 并伴随着威胁不愿遵守的对象。，文中的它们，指的是我们企业，作则曲解清真（回教标准清洁）食品引进，描述上很夸大，比如说威胁不愿遵守的对象，是完全不可能，比如文中的那我是不是可以理解为你们对不同的宗教区别对待，蓄意挑拨民族与宗教矛盾，作者主观认为，严重损害我企业的权益。”>","type":"unstyled","depth":0,"inlineStyleRanges":[],"entityRanges":[],"data":{}}],"entityMap":{}},"previewText":"<在此填入你的文字>","resourceIdList":[]}',
        '这件事情其实跟佛教没有关系，懂的人自然懂，不懂的就拉倒——实在想评论的请看完这个贴子，或者直接跳过中间看下最后我的说明，粗看了一下评论，被友军的意大利炮和吃瓜群众各种误伤。(想了想，还是把这段放前面，要不然总有人纠结）————————————————————————————————————我今天问美团客服：我信佛，能否将我点的素菜与其他荤腥餐分箱？答曰不能。于是我就向国家工信部，国家工商管理总局，国家12315互联网平台，国家宗教事务局，国家信访局投诉美团蓄意挑拨民族与宗教矛盾，目前坐等回复中。————————————割一下——————————————三小时不到就5千多赞，看来公道自在人心。一觉醒来，居然有一万多赞，有点诚惶诚恐。工信部的部长邮箱留言：部长信箱 因为美团的分箱事件主要是网站和app软件，这个是工信部的管理范围之内。当年家里的电信宽带限速限路由器之类的搞得很烦躁，投诉到工信部，两个小时内解决，所以感觉很好。国家工商行政管理总局：工商总局留言须知，需要先实名注册。国家12315：全国12315互联网平台，需要实名注册。投诉的理由是“侮辱人格尊严”，当然要注意下美团所在的公司是北京三快科技有限公司，所以需要投诉这一家公司而不是美团。国家宗教事务局：国家宗教事务局，需要实名注册。这当然是在管辖范围之内。国家信访局：国家投诉受理办公室，需要实名注册。这个局上管天，下管地，最注意的就是给稳与和谐，而这种挑拨宗教民族矛盾的事情是很破坏稳定的，所以这件事情也是在管辖范围之内。我也不知道这些能起多大的作用，但就是想为阻止泛清真化尽一些绵薄之力，让那些忘了祖宗想去跪舔绿绿的企业长点记心。另外再附一下清真食品是如何的“干净”与“卫生 ”匿名用户：有哪些让人惊叹「还有这种玩法」的体验？——————————————————————————————————————附一下我下午与美团客服（电话：10107888 ）小哥的对话（不能确保一字不差）：客服：你好！你好，请问你们这边是点清真餐可以分箱送，对么？客服（迟疑）：是的我：那请问这是出于什么样的考虑呢？是因为清真餐脏，还是非清真餐脏，所以要分开？客服：呃，这个是运营推出的措施，我个人认为这是因为非清真餐的一些作料与食材会影响到清真餐。我：那我信佛，点的素菜与其他荤腥需要分箱送，你们有这样的服务么？客服：……，没有我：那我是不是可以理解为你们对不同的宗教区别对待，蓄意挑拨民族与宗教矛盾？客服：这个并没有的，先生，这样吧，我让我的上级主管来与您沟通。（一会儿换了另外一个小哥，一上来就否认没有这种服务）客服：先生，我想您有所误解，我们这边的清真分箱，是宁夏那边商家自已推出的送餐措施，我们美团并没有官方推出此类措施。我：但我下载的app里面，首页上就有一个“清真”图标，然后你们的网站和app也都有这种清真大众分箱的广告啊！客服：先生，请不要相信网上的传言，我们并没有此类活动。来回扯了几句后，说不到一个频道上，就只好挂了电话后去投诉了。（我对客服没有任何意见，通话结束后给的是“非常满意”这样的评价，而且我的清楚的知道这种企业行为与客服没有任何关系，但我得确认一下美团是否能提供素食分箱）。从这次打客服电话反馈的情况看，其实美团内部的口径也不统一，估计这些客服也在心里狂骂那帮跪舔绿绿的猪队友。大家有空的时候也可以打客服电话问问，看看他们如何回答。———————————————写在后面的说明————————————昨天投诉完后，正好逛知乎看到有一个涉及到美团的贴子，就写了短短几句，本想着抖个机灵就走，没有想到反响很热烈。在我看来，这种投诉的机制本身就是国家与政府赋予我们普通公民的权利，让我们能多一些讲道理的途径，还是要善于运用。为什么我很讨厌并警惕绿教？因为这个教是人类文明之癌，如果你愿意你自己或者子孙后代生活在那种愚昧落后的社会，那就当我没说。1）绿教的教义明确要求了绿教要全力向外扩张，要奸杀抢掠异教徒，并且这种行为是他们的那个“真主”所赞赏的。具体的教义大家可以自己去搜索，这里就不多贴了。其实像基督教，佛教也都有这样的黑历史，但他们都顺应现代社会的准则，在不断的调整，而绿教则不一样，说古兰经一个字都不能改。因此很多的蠢货就相信男人爆了后上天堂有72处女，女人爆了后上天堂有永不变软的丁丁用（这些都是教义中的原话）。2）绿教不干活，只管撅屁股，又眼红勤劳工作人们的富裕生活，怎么办？那就去抢啊，去强奸啊，现在的德国等圣母国家就是最好的例子；另一个就是泛清真化，什么都搞个清真，而挂那个绿坨坨的企业不仅是要交钱，而且还要安排这些绿大爷当法人代表之类，坐着领工资，等时机成熟，再聚众打砸抢那些不清真的企业。引用一篇文章的数据与分析：王星看经济: 穆斯林一生的终极目标 当MSL人口在一个国家少于2%时，他们中的大多数会被认为是爱好和平的少数民族，不对其它公民构成威胁，这种情况的国家为： ...当MSL人口在一个国家少于2%时，他们中的大多数会被认为是爱好和平的少数民族，不对其它公民构成威胁；在2％至5％，他们开始向其它少数民族和心存叛意的群体传教，往往从监狱中和街头帮派大规模的吸收新成员到了5％，他们会行使突破人口比例平衡的过度影响。例如，它们将推动对清真（回教标准清洁）食品引进，从而确保清真食品的从业人员由MSL担任。它们会对连锁超市施加压力，在他们的货架上标注清真特性 - 并伴随着威胁不愿遵守的对象。到了这一步，他们将努力争取政府的授权，使他们能够在MSL聚居区根据自己的教法行使伊斯兰法。伊斯兰主义的最终目标是在整个世界建立伊斯兰教法。当 MSL接近人口的10％，他们试图增加法律条款，把“表达对MSL不满”定为非法。在巴黎，我们常看到汽车烧毁。任何非MSL的行为被认为冒犯了伊斯兰教，结果就是暴乱和恐怖。如在阿姆斯特丹，由反穆罕默德的漫画和电影导致的结果。每天看到这种紧张状态，尤其是在MSL区域，在它们达到20％，可以预知此国家处于骚乱一触即发的状态，圣战武装的零星屠杀，和焚烧基督教堂和犹太教堂，从60％起，国家将不受制约地迫害所有其它异教徒（包括不顺从的MSL）和零星的种族清洗（种族灭绝）。以伊斯兰教法作为武器对异教徒实行加税等岐视，如这样的：到了80％以后，预计每天都在恐吓、暴力、圣战，一些种族清洗，甚至一些大屠杀。因为这些国家驱逐异教徒，把100%作为目标。100％将迎来和平\\''达累斯萨拉姆\\'' - 伊斯兰和平之家。这里有应该是和平的，因为大家都是MSL，Madrasses是唯一的学校，可兰经至高无上经典。不幸的是，和平是永远不会实现。因为在这些100%纯国家里最激进的那部分MSL相互胁迫着发泄仇恨，为满足嗜血的欲望屠杀那些相对不太激进的MSL，以各种各样的理由...自相残杀。————————————————————————————————2018年3月15日更新：@美团外卖 昨天收到一位网友代表你们企业来投诉本人回答中的内容：知乎 ID ：义****联系人：钱**邮箱：********@http://qq.com企业名称：北京三快在线科技有限公司投诉内容为：“运用比喻不恰当，把我们清真模式比作那就去抢啊，去强奸啊，德国等圣母国家等等，严重损害我企业的权益。”“作者在文中写到它们将推动对清真（回教标准清洁）食品引进，从而确保清真食品的从业人员由MSL担任。它们会对连锁超市施加压力，在他们的货架上标注清真特性 - 并伴随着威胁不愿遵守的对象。，文中的它们，指的是我们企业，作则曲解清真（回教标准清洁）食品引进，描述上很夸大，比如说威胁不愿遵守的对象，是完全不可能，比如文中的那我是不是可以理解为你们对不同的宗教区别对待，蓄意挑拨民族与宗教矛盾，作者主观认为，严重损害我企业的权益。”');
INSERT INTO youthchina.COM_RICH_TEXT (TEXT_ID, COMPILE_TYPE, JSON_CONTENT, TEXT_CONTENT)
VALUES (90, 1,
        '{"braftEditorRaw":{"blocks":[{"key":"dtj4a","text":"<近日，网上爆出美团外卖人员在送餐的过程中，偷吃菜品并向餐盒内吐口水的行为，事后美团官方进行了公开道歉，并且开除了该名送餐员，然而，该事件已在网上掀起了轩然大波，很多人都开始怀疑自己曾点过的外卖是否有送餐人员的口水。这次事件看似是一起偶发的孤立事件，然而这只是冰山的一角，电梯监控刚好拍到了送餐员的这种违反社会公德的行为，在其他城市，还有很多没被拍到的角落，也许送餐人员正在做着同样的事情。近期美团外卖问题频出，前段时间的“清真分箱”事件也闹得沸沸扬扬，当前美团外卖面临的主要问题，一方面是送餐过程中的食品安全问题，另一方面就是送餐员的交规遵守问题。首先说食品安全问题，美团外卖的订餐流程，从客户下单，到送餐员取餐，再到派餐，整个流程中除了线上那部分流程可以做到有效监管，其他流程均无法进行有效监管，尤其是在取餐到派餐环节中，如果送餐员对餐品做点手脚的话，无论是平台方还是顾客方都无法及时发现，就比如这次事件中的那个送餐员，类似这样的事情他可能已经做过多次了，但没想到这次在电梯里被第n方管监控的人发现了，然后才曝光到了网络上，如果当天送餐员是在别的没摄像头的地方干这事，或者监控人员没有注意到，那么他的所作所为还不会有人发现。那么，送餐员为什么会做这种违反职业道德的事呢？而且这种事情从根本上就是损人不利己。唯一的解释就是，送餐员是为了发泄心中的郁闷，这种郁闷可能是平台给他的，比如这个月又扣他工资了，或者因为送餐任务没完成而被领导批评；这种郁闷也可能是别的顾客给他的，比如上次送外卖因为晚了半小时而被投诉，又或者因为跟别的顾客当面发生了争执。外卖业是服务业，因为服务不到位，或者被误解，而受到了平台方或顾客方的指责，送餐员心中有郁闷却无处发泄，所以就只好发泄到所派送的餐品上了，不仅要偷吃两口菜，还要往里面吐口水。无论怎样，送餐员的这种行为都是违法公德的，为了发泄个人私愤而损害顾客的利益，被开除也是应当的。然而，光是开除员工是解决不了问题的，归根结底，这还是管理的问题，美团外卖这两年市场份额上升很快，基本上各大城市的街道上跑的都是美团外卖的送餐车，饿了么的送餐车早已了无影踪，然而美团外卖的市场份额上去了，管理却没有跟上，尤其是在对送餐员的管理上面。当前的送餐员群体，流动性很大，有些以前就是送快递的，这两年外卖市场火爆，单费也高，所以有很多送快递的转行不专业，开始送起了外卖，快递市场经过这么多年的发展，无论是行业规范还是业务流程，都已经日趋完善，像丢快件或者包裹内少东西的事情已经很少发生，快递公司对快递员的约束力也比较强，即使有个别快递员内心有私愤，也很难发泄到快递包裹上，毕竟包裹内的物品出问题了，顺着物流环节一直查，是能查到责任人的。然而外卖行业却不是这样，外卖送的是菜品，是要能打开即食的，所以保证不了外卖的密闭性，在送外卖的过程中，送餐员即使偷吃了几口，顾客也无法发现，即使发现饭菜的量比以前少了，也很难以此为证指责对方。以前的时候，送外卖的都是饭馆工作人员，他们为了招揽更多的顾客，会保证外卖在派送过程中的质量；而现在送外卖的都是第三方网络平台的送餐员，他们派送一单拿一单的钱，无需保证在派送过程中的外卖质量，即使对饭菜做了手脚，他们还是照样拿钱。这种经营方式，长期持续下去的话，出问题只是早晚的事，甚至可以这么说，类似这样的事件，每天都在全国各个角落上演着，只不过大多数时候你都不知道，也许你上顿吃的外卖就有送餐员下的口水。美团平台需要及时调整管理策略，建立起行之有效的制度，确保外卖在派送过程中的食品安全，这也是美团外卖的根本职责所在。说完了美团外卖在送餐过程中的食品安全问题，我们再说说送餐员的交规遵守问题。当前在各大城市中，美团外卖送餐员的骑行工具都是电瓶车，这种电瓶车什么路都能上，无论是公路、人行道、高架桥，还是高速路，只要有人走有车行的地方，他都敢上，甚至还在很多单行线上逆行。基本上每个星期都会有跟送餐员有关的交通事故发生，有些时候是突然变相拐弯引起后车急刹，有些时候是逆行撞人，还有些时候干脆就是追尾。不得不说，很多送餐员的交规遵守意识很差，他们在公路上开着这种电瓶车到处乱窜，说他们是公路杀手一点也不为过。乌鲁木齐最近正在严格治理这些违规上路的电瓶车，现在大街上已经看不到美团的电瓶车了，都换成了自行车。跟电瓶车比起来，自行车的派送效率可能会低一些，美团的那些送餐员也是在多次警告依然屡教不改后，才被强制统一改骑自行车的，毕竟交通安全是头等大事。其他城市的送餐员依然骑的是电瓶车，希望那些送餐员能够做到遵守交规，安全出行，美团外卖平台也要在这方面更加重视起来。希望美团外卖在今后的运营中，能够把"安全"放在第一位，这个安全不仅包括餐品的安全，也包括交通安全，毕竟安全无小事，这是一个企业能够持续经营下去的根本保证。>","type":"unstyled","depth":0,"inlineStyleRanges":[],"entityRanges":[],"data":{}}],"entityMap":{}},"previewText":"<在此填入你的文字>","resourceIdList":[]}',
        '近日，网上爆出美团外卖人员在送餐的过程中，偷吃菜品并向餐盒内吐口水的行为，事后美团官方进行了公开道歉，并且开除了该名送餐员，然而，该事件已在网上掀起了轩然大波，很多人都开始怀疑自己曾点过的外卖是否有送餐人员的口水。这次事件看似是一起偶发的孤立事件，然而这只是冰山的一角，电梯监控刚好拍到了送餐员的这种违反社会公德的行为，在其他城市，还有很多没被拍到的角落，也许送餐人员正在做着同样的事情。近期美团外卖问题频出，前段时间的“清真分箱”事件也闹得沸沸扬扬，当前美团外卖面临的主要问题，一方面是送餐过程中的食品安全问题，另一方面就是送餐员的交规遵守问题。首先说食品安全问题，美团外卖的订餐流程，从客户下单，到送餐员取餐，再到派餐，整个流程中除了线上那部分流程可以做到有效监管，其他流程均无法进行有效监管，尤其是在取餐到派餐环节中，如果送餐员对餐品做点手脚的话，无论是平台方还是顾客方都无法及时发现，就比如这次事件中的那个送餐员，类似这样的事情他可能已经做过多次了，但没想到这次在电梯里被第n方管监控的人发现了，然后才曝光到了网络上，如果当天送餐员是在别的没摄像头的地方干这事，或者监控人员没有注意到，那么他的所作所为还不会有人发现。那么，送餐员为什么会做这种违反职业道德的事呢？而且这种事情从根本上就是损人不利己。唯一的解释就是，送餐员是为了发泄心中的郁闷，这种郁闷可能是平台给他的，比如这个月又扣他工资了，或者因为送餐任务没完成而被领导批评；这种郁闷也可能是别的顾客给他的，比如上次送外卖因为晚了半小时而被投诉，又或者因为跟别的顾客当面发生了争执。外卖业是服务业，因为服务不到位，或者被误解，而受到了平台方或顾客方的指责，送餐员心中有郁闷却无处发泄，所以就只好发泄到所派送的餐品上了，不仅要偷吃两口菜，还要往里面吐口水。无论怎样，送餐员的这种行为都是违法公德的，为了发泄个人私愤而损害顾客的利益，被开除也是应当的。然而，光是开除员工是解决不了问题的，归根结底，这还是管理的问题，美团外卖这两年市场份额上升很快，基本上各大城市的街道上跑的都是美团外卖的送餐车，饿了么的送餐车早已了无影踪，然而美团外卖的市场份额上去了，管理却没有跟上，尤其是在对送餐员的管理上面。当前的送餐员群体，流动性很大，有些以前就是送快递的，这两年外卖市场火爆，单费也高，所以有很多送快递的转行不专业，开始送起了外卖，快递市场经过这么多年的发展，无论是行业规范还是业务流程，都已经日趋完善，像丢快件或者包裹内少东西的事情已经很少发生，快递公司对快递员的约束力也比较强，即使有个别快递员内心有私愤，也很难发泄到快递包裹上，毕竟包裹内的物品出问题了，顺着物流环节一直查，是能查到责任人的。然而外卖行业却不是这样，外卖送的是菜品，是要能打开即食的，所以保证不了外卖的密闭性，在送外卖的过程中，送餐员即使偷吃了几口，顾客也无法发现，即使发现饭菜的量比以前少了，也很难以此为证指责对方。以前的时候，送外卖的都是饭馆工作人员，他们为了招揽更多的顾客，会保证外卖在派送过程中的质量；而现在送外卖的都是第三方网络平台的送餐员，他们派送一单拿一单的钱，无需保证在派送过程中的外卖质量，即使对饭菜做了手脚，他们还是照样拿钱。这种经营方式，长期持续下去的话，出问题只是早晚的事，甚至可以这么说，类似这样的事件，每天都在全国各个角落上演着，只不过大多数时候你都不知道，也许你上顿吃的外卖就有送餐员下的口水。美团平台需要及时调整管理策略，建立起行之有效的制度，确保外卖在派送过程中的食品安全，这也是美团外卖的根本职责所在。说完了美团外卖在送餐过程中的食品安全问题，我们再说说送餐员的交规遵守问题。当前在各大城市中，美团外卖送餐员的骑行工具都是电瓶车，这种电瓶车什么路都能上，无论是公路、人行道、高架桥，还是高速路，只要有人走有车行的地方，他都敢上，甚至还在很多单行线上逆行。基本上每个星期都会有跟送餐员有关的交通事故发生，有些时候是突然变相拐弯引起后车急刹，有些时候是逆行撞人，还有些时候干脆就是追尾。不得不说，很多送餐员的交规遵守意识很差，他们在公路上开着这种电瓶车到处乱窜，说他们是公路杀手一点也不为过。乌鲁木齐最近正在严格治理这些违规上路的电瓶车，现在大街上已经看不到美团的电瓶车了，都换成了自行车。跟电瓶车比起来，自行车的派送效率可能会低一些，美团的那些送餐员也是在多次警告依然屡教不改后，才被强制统一改骑自行车的，毕竟交通安全是头等大事。其他城市的送餐员依然骑的是电瓶车，希望那些送餐员能够做到遵守交规，安全出行，美团外卖平台也要在这方面更加重视起来。希望美团外卖在今后的运营中，能够把"安全"放在第一位，这个安全不仅包括餐品的安全，也包括交通安全，毕竟安全无小事，这是一个企业能够持续经营下去的根本保证。');
INSERT INTO youthchina.COM_RICH_TEXT (TEXT_ID, COMPILE_TYPE, JSON_CONTENT, TEXT_CONTENT)
VALUES (91, 1,
        '{"braftEditorRaw":{"blocks":[{"key":"dtj4a","text":"<既然是闷声发大财又岂能轻易被人知晓呢？“ 我不想上市，我就想闷个声，发个财而已 ”一）棋牌类上海波克城市网络科技股份有限公司北京竞技世界网络技术有限公司一个是波克城市棋牌，另一个是JJ棋牌，波克城市注册人数过5000万，据我说知从2010年至今注册人数上升了2000万左右，日活大概是在50万。另一个JJ棋牌注册人数早已过亿，日活不得而知。类似这样的棋牌公司（集团）还有很多，这两个应该是发了大财的，另一家qq棋牌就不说了吧，能把棋牌做成合法化的没有点背景也撑不住，因为棋牌只是个幌子，变相赌博才是真，Game456不就是个例子么，至于盈利多少保守猜测年收益（纯利润）应该最少9位数吧！二）私服类重庆小闲在线科技有限公司热血传奇这个IP的掌门人，DDOS我有，天下我便有，在《重庆小闲如何运营？（上）》有详细说明。三）游戏类http://www.nbegame.com/海外服游戏币比价器及交易担保-美服欧服亚服暗黑3金币(Diablo大菠萝3大萝卜3)、魔兽世界wow gold金币等收货出货买卖平台 专业玩家-全球游戏资讯网.提供最新网游,游戏赚钱,游戏交易平台等游戏工作室周边的免费信息!信息发布广告费足已扛起年入百万的大旗，压根算不上什么入流的公司。四）金融类善心汇深圳市威富通科技有限公司善心汇这名字听说过的人应该不在少数，类似这样的打着网络理财 投资的幌子套钱的平台数不胜数，不敢多讲，怕被清真深圳市威富通科技有限公司 - SwiftPass让支付更便捷这家公司就有点意思了，表面上主营各种支付业务，也为各种灰黑色产业提供第三方公司的接口。五）视讯类北京密境和风科技有限公司缘份吧首页-官网 台湾UU聊天室前两个就不说了，一个花椒直播，另一个缘分吧。就台湾UU而言吧，每个月的推广支出是七位数，渠道覆盖微信、h5、H站。月下载量过百万的。插边球打的好，后台硬，这么严打都没事，最近听说出事了！六）软件类软件类目前没了解过，我只是比较怀念快播和暴风影音以及番茄花园它们，你看人家雨林木风都那么大栋楼了，可怜的小番茄 :( 。七）其他电影天堂_电影下载_高清首发Professional torrent search engine, Fast and Free Torrent and magenet Downloads“情怀”的电影天堂，我一直把它看作神，收入甩快播十几条街，这才是我心目中的大佬。>","type":"unstyled","depth":0,"inlineStyleRanges":[],"entityRanges":[],"data":{}}],"entityMap":{}},"previewText":"<在此填入你的文字>","resourceIdList":[]}',
        '既然是闷声发大财又岂能轻易被人知晓呢？“ 我不想上市，我就想闷个声，发个财而已 ”一）棋牌类上海波克城市网络科技股份有限公司北京竞技世界网络技术有限公司一个是波克城市棋牌，另一个是JJ棋牌，波克城市注册人数过5000万，据我说知从2010年至今注册人数上升了2000万左右，日活大概是在50万。另一个JJ棋牌注册人数早已过亿，日活不得而知。类似这样的棋牌公司（集团）还有很多，这两个应该是发了大财的，另一家qq棋牌就不说了吧，能把棋牌做成合法化的没有点背景也撑不住，因为棋牌只是个幌子，变相赌博才是真，Game456不就是个例子么，至于盈利多少保守猜测年收益（纯利润）应该最少9位数吧！二）私服类重庆小闲在线科技有限公司热血传奇这个IP的掌门人，DDOS我有，天下我便有，在《重庆小闲如何运营？（上）》有详细说明。三）游戏类http://www.nbegame.com/海外服游戏币比价器及交易担保-美服欧服亚服暗黑3金币(Diablo大菠萝3大萝卜3)、魔兽世界wow gold金币等收货出货买卖平台 专业玩家-全球游戏资讯网.提供最新网游,游戏赚钱,游戏交易平台等游戏工作室周边的免费信息!信息发布广告费足已扛起年入百万的大旗，压根算不上什么入流的公司。四）金融类善心汇深圳市威富通科技有限公司善心汇这名字听说过的人应该不在少数，类似这样的打着网络理财 投资的幌子套钱的平台数不胜数，不敢多讲，怕被清真深圳市威富通科技有限公司 - SwiftPass让支付更便捷这家公司就有点意思了，表面上主营各种支付业务，也为各种灰黑色产业提供第三方公司的接口。五）视讯类北京密境和风科技有限公司缘份吧首页-官网 台湾UU聊天室前两个就不说了，一个花椒直播，另一个缘分吧。就台湾UU而言吧，每个月的推广支出是七位数，渠道覆盖微信、h5、H站。月下载量过百万的。插边球打的好，后台硬，这么严打都没事，最近听说出事了！六）软件类软件类目前没了解过，我只是比较怀念快播和暴风影音以及番茄花园它们，你看人家雨林木风都那么大栋楼了，可怜的小番茄 :( 。七）其他电影天堂_电影下载_高清首发Professional torrent search engine, Fast and Free Torrent and magenet Downloads“情怀”的电影天堂，我一直把它看作神，收入甩快播十几条街，这才是我心目中的大佬。');
INSERT INTO youthchina.COM_RICH_TEXT (TEXT_ID, COMPILE_TYPE, JSON_CONTENT, TEXT_CONTENT)
VALUES (92, 1,
        '{"braftEditorRaw":{"blocks":[{"key":"dtj4a","text":"<微信短暂崩溃，影响了很多人，虽然不到一小时便完全修复，但是微信这次短暂的崩溃却撕开了互联网可怖的一角。细细想来，最近两年来，不论是在杭州、深圳还是北京、山东，出门都没怎么带过现金了，打车嘀嘀、吃饭付款微信支付宝，不敢想象如果某一天我走在一个陌生的街头，按照惯性就只带了一部手机，这时候微信和支付宝同时崩溃，没有一毛钱现金的我该如何打车、吃饭。仅是支付，便细思极恐。除此之外，还有微信等应用占据的我们日常的时间，张小龙当年创造微信、小程序的时候都曾说过要让人用完就走，而现实情况是用不完……微信上总会有聊不完的群聊、刷不完的朋友圈、抢不完的红包、回复不完的工作沟通，没有一刻是能离得了的，甚至有的公司老板凌晨给你发消息你不回都要扣一百块钱，微信真的让人离不了了，我读者群有一位成员，是我前阿里同事，我们叫她女流氓，为了能够减少微信对日常时间的掠夺，她甚至工作日退出群聊，周末再回来吹水。>","type":"unstyled","depth":0,"inlineStyleRanges":[],"entityRanges":[],"data":{}}],"entityMap":{}},"previewText":"<在此填入你的文字>","resourceIdList":[]}',
        '微信短暂崩溃，影响了很多人，虽然不到一小时便完全修复，但是微信这次短暂的崩溃却撕开了互联网可怖的一角。细细想来，最近两年来，不论是在杭州、深圳还是北京、山东，出门都没怎么带过现金了，打车嘀嘀、吃饭付款微信支付宝，不敢想象如果某一天我走在一个陌生的街头，按照惯性就只带了一部手机，这时候微信和支付宝同时崩溃，没有一毛钱现金的我该如何打车、吃饭。仅是支付，便细思极恐。除此之外，还有微信等应用占据的我们日常的时间，张小龙当年创造微信、小程序的时候都曾说过要让人用完就走，而现实情况是用不完……微信上总会有聊不完的群聊、刷不完的朋友圈、抢不完的红包、回复不完的工作沟通，没有一刻是能离得了的，甚至有的公司老板凌晨给你发消息你不回都要扣一百块钱，微信真的让人离不了了，我读者群有一位成员，是我前阿里同事，我们叫她女流氓，为了能够减少微信对日常时间的掠夺，她甚至工作日退出群聊，周末再回来吹水。');
INSERT INTO youthchina.COM_RICH_TEXT (TEXT_ID, COMPILE_TYPE, JSON_CONTENT, TEXT_CONTENT)
VALUES (93, 1,
        '{"braftEditorRaw":{"blocks":[{"key":"dtj4a","text":"<迅雷在那个QQ还在靠卖Q币赚第一桶金的年代，混沌时期的中国互联网，迅雷在用户的持有量上已经很巨大，且拥有不错的口碑。黄金时期的迅雷，还没有会员这一说，更没有乱七八糟的弹窗广告，下载速度几乎就是你网速的极限，百分百的良心产品。然而你再打开今天的迅雷………………这都是什么乱七八糟的四不像？！其实迅雷真的是一家十分神奇的公司，他几乎完美的错过了互联网浪潮里每一班车，什么都想做，可是什么都慢一步，什么都没做好。现在迅雷主界面右侧的一大块推荐，就是想做直播没做成功的“梦想残骸”。那究竟为什么迅雷会混成这样呢？！我不用拿数据和时间段给大家分析，我说一个事情。去年我在深圳招一个前端工程师，应聘的一个小伙子是原来快播的员工。小伙子非常优秀，聊天的时候说起了原来的快播公司。他直接说在快播上班很开心，大家很团结，每天都能有新的点子，学到新的知识，空闲的时候大家一起打游戏，是个好团队。然后我问了一个面试中常见的问题：那你在快播工作时候遇见的最大困难是什么？小伙子显然没有太多面试经验，给了我一个不怎么优秀的回答，却把我逗乐了：“最大的困难是迅雷，派人来我们楼下堵我们，还各种闹腾，一来就是一群，弄得我们没法好好工作……” “最后捅你们刀子的不是乐视么，乐视有没有……？”“没有，只有迅雷，闲的慌。”>","type":"unstyled","depth":0,"inlineStyleRanges":[],"entityRanges":[],"data":{}}],"entityMap":{}},"previewText":"<在此填入你的文字>","resourceIdList":[]}',
        '迅雷在那个QQ还在靠卖Q币赚第一桶金的年代，混沌时期的中国互联网，迅雷在用户的持有量上已经很巨大，且拥有不错的口碑。黄金时期的迅雷，还没有会员这一说，更没有乱七八糟的弹窗广告，下载速度几乎就是你网速的极限，百分百的良心产品。然而你再打开今天的迅雷………………这都是什么乱七八糟的四不像？！其实迅雷真的是一家十分神奇的公司，他几乎完美的错过了互联网浪潮里每一班车，什么都想做，可是什么都慢一步，什么都没做好。现在迅雷主界面右侧的一大块推荐，就是想做直播没做成功的“梦想残骸”。那究竟为什么迅雷会混成这样呢？！我不用拿数据和时间段给大家分析，我说一个事情。去年我在深圳招一个前端工程师，应聘的一个小伙子是原来快播的员工。小伙子非常优秀，聊天的时候说起了原来的快播公司。他直接说在快播上班很开心，大家很团结，每天都能有新的点子，学到新的知识，空闲的时候大家一起打游戏，是个好团队。然后我问了一个面试中常见的问题：那你在快播工作时候遇见的最大困难是什么？小伙子显然没有太多面试经验，给了我一个不怎么优秀的回答，却把我逗乐了：“最大的困难是迅雷，派人来我们楼下堵我们，还各种闹腾，一来就是一群，弄得我们没法好好工作……” “最后捅你们刀子的不是乐视么，乐视有没有……？”“没有，只有迅雷，闲的慌。”');
INSERT INTO youthchina.COM_RICH_TEXT (TEXT_ID, COMPILE_TYPE, JSON_CONTENT, TEXT_CONTENT)
VALUES (94, 1,
        '{"braftEditorRaw":{"blocks":[{"key":"dtj4a","text":"<以下内容可能有很大争议，但希望你们能看完，并尽量站在客观的角度思考。传统经营。你到楼下的粥铺吃早餐，老板对你一笑，很默契的给你端来一碗米粥一个馒头，他知道你每天都吃这个。互联网大数据时代你在粥铺里一边喝粥一边和旁边的人聊着心仪的一款鞋子，过后你就把这事忘了。第二天你再次来喝粥的时候，老板除了给你端上来一碗米粥一个馒头，还给你送过来一张纸，上面印着你昨天聊的那双鞋子以及适合与这款鞋搭配的各种服饰和相应打折活动。互联网大数据就像那个粥铺的老板，只不过以前的粥铺老板靠卖粥赚钱，现在不仅卖粥赚钱，还可以卖你的信息赚钱。而粥铺老板为了收集更多信息，甚至可以通过免费送粥来聚集人气收集更多信息。你在网络上的任何点击任何输入，在你眼里也许都是些无意识无价值的行为，但是在大数据面前，这都是价值，可以换取利益的真实价值。只不过本该属于你的信息价值被别人利用互联网工具夺取并换取利益。这种夺取，我称之为：信息剥削。每一次技术革命，都伴随着剥削方式的升级。封建时代，地主阶级通过土地剥削农民的价值。工业时代，企业主通过生产资料剥削工人的价值。互联网时代，资本家通过互联网工具剥削网民的价值。你在招聘网站上发布简历。招聘网站将你们的信息提供给企业并从中获利，但不会分给你一分钱。你用百度搜索网站，百度把你的信息贩卖给广告商获利，百度不会分给你一分钱。你在淘宝购买商品，淘宝把你的信息卖给商家获利，淘宝不会分给你一分钱。你在网络上的任何行为任何信息都是有价值的，别人利用你的信息获利，但是从来没有人给你分过一分钱。称之为信息剥削一点都没有错。而大数据本质上是提炼升华你的价值。以前你的价值可能是散乱的，被各个大小不一的网络公司瓜分，而大数据通过统一采集统一分析整理统一售卖让你的信息价值最大化。大数据和土地兼并简直一模一样！小地主土地有限，无法通过细化分工来进一步扩大农民的价值。大地主拥有足够的土地，可以最大化的剥削农民的价值。大数据时代可称之为信息兼并时代。剥削者一向都很聪明。地主说地是我的，你种我的地，我给你粮食，公平交易合情合理。企业主说机器是我的，你用我的机器，我给你工资，公平交易合情合理。BAT说网站是我的，你用我的网站，我给你提供你要的信息，我还不收你费，我比地主企业主仁慈的多了！流量等于农民转化等于剥削大数据等于土地兼并所谓羊毛出在猪身上的互联网思维，不过是拿羊毛换猪的文化包装。你我他就是那一根根羊毛。互联网时代得信息者得天下。但是很抱歉，信息兼并时代已经来临，普通人通过互联网逆袭的大门基本关闭了。就如同土地兼并时代，普通农民不可能通过开荒逆袭了。看到这里也许会让你很悲观，但是历史从来都是用来借鉴的，借鉴历史和互联网发展的走向，我们可以得出下一波机会在哪。评论区最大争论：信息剥削不算剥削。理由：网站投入了设备、技术、资金、人力，没有收取你任何费用，还给你提供你所需要的信息，不算剥削。我的回答：一位老板开了一家公司，投入了设备、技术、资金、场地等等，招人进来后，没有收取打工者任何费用，还给打工者提供场地设备，最后还给打工者付工资，算不算剥削？如果你说不算，那就不算吧，没啥好谈的了。事实是，老板的设备技术资金场地统一叫做“投资”，投资的目的就是为了获取剥削工具以方便剥削员工的剩余劳动价值。各网站的投入也是投资，投资的目的是为了获取剥削工具以方便剥削网民的剩余信息价值。我查了一下，暂时没发现谁提出信息剥削这个概念，一个新的概念提出来有争议在所难免。但停留于“信息剥削”这个概念其实没什么太大意义，更多应该是考虑信息剥削以及信息产业垄断兼并的后果以及能否从中发现新的商机。具体思考方向我已经在评论区置顶，可供参考。>","type":"unstyled","depth":0,"inlineStyleRanges":[],"entityRanges":[],"data":{}}],"entityMap":{}},"previewText":"<在此填入你的文字>","resourceIdList":[]}',
        '以下内容可能有很大争议，但希望你们能看完，并尽量站在客观的角度思考。传统经营。你到楼下的粥铺吃早餐，老板对你一笑，很默契的给你端来一碗米粥一个馒头，他知道你每天都吃这个。互联网大数据时代你在粥铺里一边喝粥一边和旁边的人聊着心仪的一款鞋子，过后你就把这事忘了。第二天你再次来喝粥的时候，老板除了给你端上来一碗米粥一个馒头，还给你送过来一张纸，上面印着你昨天聊的那双鞋子以及适合与这款鞋搭配的各种服饰和相应打折活动。互联网大数据就像那个粥铺的老板，只不过以前的粥铺老板靠卖粥赚钱，现在不仅卖粥赚钱，还可以卖你的信息赚钱。而粥铺老板为了收集更多信息，甚至可以通过免费送粥来聚集人气收集更多信息。你在网络上的任何点击任何输入，在你眼里也许都是些无意识无价值的行为，但是在大数据面前，这都是价值，可以换取利益的真实价值。只不过本该属于你的信息价值被别人利用互联网工具夺取并换取利益。这种夺取，我称之为：信息剥削。每一次技术革命，都伴随着剥削方式的升级。封建时代，地主阶级通过土地剥削农民的价值。工业时代，企业主通过生产资料剥削工人的价值。互联网时代，资本家通过互联网工具剥削网民的价值。你在招聘网站上发布简历。招聘网站将你们的信息提供给企业并从中获利，但不会分给你一分钱。你用百度搜索网站，百度把你的信息贩卖给广告商获利，百度不会分给你一分钱。你在淘宝购买商品，淘宝把你的信息卖给商家获利，淘宝不会分给你一分钱。你在网络上的任何行为任何信息都是有价值的，别人利用你的信息获利，但是从来没有人给你分过一分钱。称之为信息剥削一点都没有错。而大数据本质上是提炼升华你的价值。以前你的价值可能是散乱的，被各个大小不一的网络公司瓜分，而大数据通过统一采集统一分析整理统一售卖让你的信息价值最大化。大数据和土地兼并简直一模一样！小地主土地有限，无法通过细化分工来进一步扩大农民的价值。大地主拥有足够的土地，可以最大化的剥削农民的价值。大数据时代可称之为信息兼并时代。剥削者一向都很聪明。地主说地是我的，你种我的地，我给你粮食，公平交易合情合理。企业主说机器是我的，你用我的机器，我给你工资，公平交易合情合理。BAT说网站是我的，你用我的网站，我给你提供你要的信息，我还不收你费，我比地主企业主仁慈的多了！流量等于农民转化等于剥削大数据等于土地兼并所谓羊毛出在猪身上的互联网思维，不过是拿羊毛换猪的文化包装。你我他就是那一根根羊毛。互联网时代得信息者得天下。但是很抱歉，信息兼并时代已经来临，普通人通过互联网逆袭的大门基本关闭了。就如同土地兼并时代，普通农民不可能通过开荒逆袭了。看到这里也许会让你很悲观，但是历史从来都是用来借鉴的，借鉴历史和互联网发展的走向，我们可以得出下一波机会在哪。评论区最大争论：信息剥削不算剥削。理由：网站投入了设备、技术、资金、人力，没有收取你任何费用，还给你提供你所需要的信息，不算剥削。我的回答：一位老板开了一家公司，投入了设备、技术、资金、场地等等，招人进来后，没有收取打工者任何费用，还给打工者提供场地设备，最后还给打工者付工资，算不算剥削？如果你说不算，那就不算吧，没啥好谈的了。事实是，老板的设备技术资金场地统一叫做“投资”，投资的目的就是为了获取剥削工具以方便剥削员工的剩余劳动价值。各网站的投入也是投资，投资的目的是为了获取剥削工具以方便剥削网民的剩余信息价值。我查了一下，暂时没发现谁提出信息剥削这个概念，一个新的概念提出来有争议在所难免。但停留于“信息剥削”这个概念其实没什么太大意义，更多应该是考虑信息剥削以及信息产业垄断兼并的后果以及能否从中发现新的商机。具体思考方向我已经在评论区置顶，可供参考。');
INSERT INTO youthchina.COM_RICH_TEXT (TEXT_ID, COMPILE_TYPE, JSON_CONTENT, TEXT_CONTENT)
VALUES (95, 1,
        '{"braftEditorRaw":{"blocks":[{"key":"dtj4a","text":"<目测，20%的人是真正喜欢这个行业，如@Jenny Wu同学。这些人会去了解这些职位的具体状况，去有意识地拓宽自己的人脉，并知道自己要付什么代价。然而80%的人言必及投行是因为不知道自己想要什么，而投行高薪，有良好的转业机会（商业公司，咨询，基金，通过积累的人脉自己创业），附属的社会地位，这些特质推迟了做人生选择的时间点，即使你不知道想做什么，去投行也不可能是个最坏的，会后悔的选择。其实，有多少人真正适合投行这种每周80小时，忙起来连熬几天，用命换钱的工作模式？又有多少人真正愿意牺牲生活，把工作作为唯一乐趣？没时间娱乐看闲书听音乐陪爱人陪子女，这些你真的考虑过了吗？说是不是存在投行热是无意义的，因为这实在太明显了，phd不搞科研去做quant，不为科学进步添砖加瓦，而是去参与个你死我活的负和游戏。名校商科学生不去企业界创造价值，而去投行ibd做二道贩子。我不否认这些行业的价值，相反，我觉得它们不可或缺，但确实被炒得太热了，这绝对不是社会配置人才资源的最佳模式。什么人是真正爱这个行业的？是那些即使工资和bonus打折，即使有更高工资的offer放在眼前，仍然选择留在原行业的人。他们想一辈子在行业里发光发热创造价值，我们身边应该或多或少都有这样的朋友才对，他们可以在投行，可以是设计师，可以是码农，可以是人民教师。我们贪婪，我们都需要钱，可钱若是变成了选择工作的唯一度量，是可悲的。>","type":"unstyled","depth":0,"inlineStyleRanges":[],"entityRanges":[],"data":{}}],"entityMap":{}},"previewText":"<在此填入你的文字>","resourceIdList":[]}',
        '目测，20%的人是真正喜欢这个行业，如@Jenny Wu同学。这些人会去了解这些职位的具体状况，去有意识地拓宽自己的人脉，并知道自己要付什么代价。然而80%的人言必及投行是因为不知道自己想要什么，而投行高薪，有良好的转业机会（商业公司，咨询，基金，通过积累的人脉自己创业），附属的社会地位，这些特质推迟了做人生选择的时间点，即使你不知道想做什么，去投行也不可能是个最坏的，会后悔的选择。其实，有多少人真正适合投行这种每周80小时，忙起来连熬几天，用命换钱的工作模式？又有多少人真正愿意牺牲生活，把工作作为唯一乐趣？没时间娱乐看闲书听音乐陪爱人陪子女，这些你真的考虑过了吗？说是不是存在投行热是无意义的，因为这实在太明显了，phd不搞科研去做quant，不为科学进步添砖加瓦，而是去参与个你死我活的负和游戏。名校商科学生不去企业界创造价值，而去投行ibd做二道贩子。我不否认这些行业的价值，相反，我觉得它们不可或缺，但确实被炒得太热了，这绝对不是社会配置人才资源的最佳模式。什么人是真正爱这个行业的？是那些即使工资和bonus打折，即使有更高工资的offer放在眼前，仍然选择留在原行业的人。他们想一辈子在行业里发光发热创造价值，我们身边应该或多或少都有这样的朋友才对，他们可以在投行，可以是设计师，可以是码农，可以是人民教师。我们贪婪，我们都需要钱，可钱若是变成了选择工作的唯一度量，是可悲的。');
INSERT INTO youthchina.COM_RICH_TEXT (TEXT_ID, COMPILE_TYPE, JSON_CONTENT, TEXT_CONTENT)
VALUES (96, 1,
        '{"braftEditorRaw":{"blocks":[{"key":"dtj4a","text":"<楼上那么多大佬们写了很多经验总结，我学习受用了很多，顺便写点自己浅薄感悟。17岁的时候，看了些宋鸿兵写的傻B书，就突然决定要干金融了……（这是正确的还是错误的至今未知，是宋鸿兵背锅还是我自己的欲望背锅，也未知……）于是我决定大学读会计，考注会，于是变成了楼主的四大-注会-进修-投行的路线。但是现实是打脸的：1、国内目前985、211的金融会计专业比你想象重要难申请，尤其对于文科生。对于大部分文史哲类的学生来说，金融和会计相当于文科跨理科了。那么你是否为了愿意做这个，而跨专业？我是个文科生，小时候是个音乐生特长生，练琴练了好多年，为了读书而放弃了音乐的梦想，这个你是否愿意选择呢？当然我最后的选择也确实是，音乐是烧钱的，并且音乐太纯粹，以至于如果我一直走在这条道路上，我的世界观就会非常的片面化，并且毕业了没什么收入（我当时一起练小提琴的小伙伴，特备有天赋的出国拿了奖学金但是必须选择自己不喜欢的乐器，另一些现在做老师收入一般吧），而金融在我心里是高薪且高大上的，当时我认为，值得我这样去选择。就是这么傻B的选择了之后，才发现，我在此后的人生里，不管是在四大、在私募公司，我依然忘不了读音乐学院的心，碰到钢琴就各种弹……因为我只有在钢琴里面，才能找到自己纯粹的世界，和没有价值观矛盾打架的精神世界，商业世界里充满着斗争、算计与矛盾并存，钢琴反而成了我这一生，都无法再达到的最高的精神愉悦度了。（这是否是可悲的？我至今未知）每当我弹琴的时候，我的脑子里有如下想法：“我谈这些鬼都听不下去的17世纪的音乐，有P用？能换钱吗？能提升客户对我的Nice程度吗？还是有助于我承揽业务了？”“以及，我既然知道P用都没有，为什么我还是要在这么关键的应该奋斗应该考证加班的年纪，练琴？”原因很简单：部分程度来说，我为了选择“进入金融”，而选择了一个并不是发自内心喜爱的学科，不管我怎么认真的学习会计，我都没有发自内心的，上升到一种灵魂的愉悦的程度。这种遗憾大概是进入金融行业的牺牲之一。也就是大把大把适合干各种事情的人，都击破了头来考注会，去投行，实际上，大部分人，内心是挣扎的。这也是我为什么认为投行是一个很浪费才华和人才的地方。用高薪挑逗着很多人的欲望，而这种欲望是有害的。我成为我自己物质欲望、金钱欲望的奴隶，放弃了取悦自己灵魂的机会，因此选择金融。嗯，就是这么的丑陋~2、四大会计师事务所模板化的职业路线就是考证、刷211985、海外读书、四大、投行、MBA、PEVC这些。或者你也可以一开始就SSATSAT直接出去，在海外就业。当时我选择就是这个标准化模板。首先是语言、SAT托福、四六级专四专八、小语种（最好六国语言开挂节奏）；其次是考好学校、刷注会、填网申、不停的一面二面三面四面……死循环下去（极端的情况下一个月包括网上电话面试在内，有二三十个面试）；然后是社交、必须不断的去刷人，认识新的人，进入新的圈子，然后再循环往复下去，在对方身上寻找到有用的信息，精致且利己主义；最后是专业技能、会计、金融、法律法规，狂补工作中需要的各种知识和经验。这里面有很多的问题：1、你可能读了不太适合自己的学科以外（其实这不太要紧）2、你没时间在四大考证，你也没时间在四大考那些GMATGRE的东西（这个可能有些人特别擅长GMAT不是问题）3、四大的工作强度高到一般人是受不了的，最大强度曾经连续两个多月每天（包括周六周日）2-3点钟睡觉，第二天正常7-8点起床，午睡30分钟，极端的失眠带来了神经衰弱，极大的工作压力带来了焦虑，这些我没有预料到。4、巨大的工作强度打乱的职业规划。而这个问题反应出了，重点大学+四大+进修+投行这个路上，你可能艰辛的完成了前面，在中途的时候，你可能面临着：证书考不完、没空准备入学考试，你得重新调整的问题。>","type":"unstyled","depth":0,"inlineStyleRanges":[],"entityRanges":[],"data":{}}],"entityMap":{}},"previewText":"<在此填入你的文字>","resourceIdList":[]}',
        '楼上那么多大佬们写了很多经验总结，我学习受用了很多，顺便写点自己浅薄感悟。17岁的时候，看了些宋鸿兵写的傻B书，就突然决定要干金融了……（这是正确的还是错误的至今未知，是宋鸿兵背锅还是我自己的欲望背锅，也未知……）于是我决定大学读会计，考注会，于是变成了楼主的四大-注会-进修-投行的路线。但是现实是打脸的：1、国内目前985、211的金融会计专业比你想象重要难申请，尤其对于文科生。对于大部分文史哲类的学生来说，金融和会计相当于文科跨理科了。那么你是否为了愿意做这个，而跨专业？我是个文科生，小时候是个音乐生特长生，练琴练了好多年，为了读书而放弃了音乐的梦想，这个你是否愿意选择呢？当然我最后的选择也确实是，音乐是烧钱的，并且音乐太纯粹，以至于如果我一直走在这条道路上，我的世界观就会非常的片面化，并且毕业了没什么收入（我当时一起练小提琴的小伙伴，特备有天赋的出国拿了奖学金但是必须选择自己不喜欢的乐器，另一些现在做老师收入一般吧），而金融在我心里是高薪且高大上的，当时我认为，值得我这样去选择。就是这么傻B的选择了之后，才发现，我在此后的人生里，不管是在四大、在私募公司，我依然忘不了读音乐学院的心，碰到钢琴就各种弹……因为我只有在钢琴里面，才能找到自己纯粹的世界，和没有价值观矛盾打架的精神世界，商业世界里充满着斗争、算计与矛盾并存，钢琴反而成了我这一生，都无法再达到的最高的精神愉悦度了。（这是否是可悲的？我至今未知）每当我弹琴的时候，我的脑子里有如下想法：“我谈这些鬼都听不下去的17世纪的音乐，有P用？能换钱吗？能提升客户对我的Nice程度吗？还是有助于我承揽业务了？”“以及，我既然知道P用都没有，为什么我还是要在这么关键的应该奋斗应该考证加班的年纪，练琴？”原因很简单：部分程度来说，我为了选择“进入金融”，而选择了一个并不是发自内心喜爱的学科，不管我怎么认真的学习会计，我都没有发自内心的，上升到一种灵魂的愉悦的程度。这种遗憾大概是进入金融行业的牺牲之一。也就是大把大把适合干各种事情的人，都击破了头来考注会，去投行，实际上，大部分人，内心是挣扎的。这也是我为什么认为投行是一个很浪费才华和人才的地方。用高薪挑逗着很多人的欲望，而这种欲望是有害的。我成为我自己物质欲望、金钱欲望的奴隶，放弃了取悦自己灵魂的机会，因此选择金融。嗯，就是这么的丑陋~2、四大会计师事务所模板化的职业路线就是考证、刷211985、海外读书、四大、投行、MBA、PEVC这些。或者你也可以一开始就SSATSAT直接出去，在海外就业。当时我选择就是这个标准化模板。首先是语言、SAT托福、四六级专四专八、小语种（最好六国语言开挂节奏）；其次是考好学校、刷注会、填网申、不停的一面二面三面四面……死循环下去（极端的情况下一个月包括网上电话面试在内，有二三十个面试）；然后是社交、必须不断的去刷人，认识新的人，进入新的圈子，然后再循环往复下去，在对方身上寻找到有用的信息，精致且利己主义；最后是专业技能、会计、金融、法律法规，狂补工作中需要的各种知识和经验。这里面有很多的问题：1、你可能读了不太适合自己的学科以外（其实这不太要紧）2、你没时间在四大考证，你也没时间在四大考那些GMATGRE的东西（这个可能有些人特别擅长GMAT不是问题）3、四大的工作强度高到一般人是受不了的，最大强度曾经连续两个多月每天（包括周六周日）2-3点钟睡觉，第二天正常7-8点起床，午睡30分钟，极端的失眠带来了神经衰弱，极大的工作压力带来了焦虑，这些我没有预料到。4、巨大的工作强度打乱的职业规划。而这个问题反应出了，重点大学+四大+进修+投行这个路上，你可能艰辛的完成了前面，在中途的时候，你可能面临着：证书考不完、没空准备入学考试，你得重新调整的问题。');
INSERT INTO youthchina.COM_RICH_TEXT (TEXT_ID, COMPILE_TYPE, JSON_CONTENT, TEXT_CONTENT)
VALUES (97, 1,
        '{"braftEditorRaw":{"blocks":[{"key":"dtj4a","text":"<好久没回来看，得到大家的认可十分感动，谢谢大家的理解，我会坚持一直做下去，毕竟医学还是心中所爱。正如预料的一样，果然有人非要拿红包说事，我不否认有医生收红包，但肯定是极少数，为什么这么说呢？因为成本。1、手术是风险极高的操作，随便一个小失误，都随时可能致命，见过腹腔镜放置戳卡的过程中（可以简单理解为手术通道，一个硬塑料的空心管子，里面带针芯），穿过腹腔的时候力度没掌握好，一下刺破腹主动脉，直接死台上的。如果遇到这种无法预料的险情，一个外科大夫还正好拿了你的红包，病人死了怎么办，就算没死，病人术后并发症了怎么办（包括不能吃饭，反复发烧，住icu一天一万的烧钱，长期拔不了引流管，腹胀、腹痛，气管插管给镇静生不如死）？2、这个时候如果外科大夫拿了你的钱让家属误以为手术风险其实不高，闹起来怎么办？大家有没有想过，现在医疗卫生九不准，医德医风建设抓的如此之严，抓到后直接吊销执照怎么办？亲眼见过一个术后有一点并发症的患者（早就痊愈了）赖在医院不走，住了半年，就要赔钱，就说没治好，因为主刀大夫收了红包，主刀大夫只能妥协。最后威胁主刀大夫要弄死他，两人争执的情况下，在病房大喊你把红包还我，最后被全院调查。也曾经见过研究生索要红包被直接开除的。所以各位就不用跟我列举你们的见闻了，我在行业内见过的肯定比你们多。3、是凡有一些常识的人可能现在也应该想明白了，我收了你撑死不到一万块钱的红包，担惊受怕自不必说，随叫随到也是必须，冒着开除，处分，吊销执照的风险，搭上自己的前途命运是否合算。稍微有点志气的人，以后当了主任，教授，待遇自然上去，合理合法的挣钱行不行？就算你们非要阴暗，领导贪污风险高、收入多，还是找个陌生人收红包风险高、收入多，诸位自己能不能权衡一下？4、就算有些手术风险小，术后啥事没有，让一个陌生人拿住你的把柄是否合适，我见过术后什么事没有，术后比术前胖了十多斤，执意要告我们，还对大夫十分客气，定期来门诊复查。详细询问原因，说治疗没问题很感谢我们，但是他们穷，告是为了要点钱，认为赔钱是医院赔，大夫也有钱，可能觉得我们不在乎，被我们主任说了几句这么做恩将仇报，会遭报应的（也不敢破口大骂，实在有辱身份），告诉他以后肯定不给他看了，不用来挂号了。请问各位，如果我们拿了这种人几千块钱红包，你的余生会如何，不言自明。有老大夫被纠缠数载，患者家属就要告到你家破人亡的。5、最后，我想请没事拿红包当事说的同志们，稍微动动脑子，换位思考一下，自己在各自的岗位能不能贪到钱？是不是光看见贼吃肉，不管贼是不是会挨打？不要没事就觉得别人天天坐着收钱。真能贪污到钱还没事的，也真是个人本事，这本事我还真没有，也见过人有。就算黑社会收保护费，出来混也迟早要还的，何况医生？以下原答案：据我了解金融行业的朋友，我觉得工作强度根本算不上累，跟医学没法比，要是算上收入，还用得着坚持？每天享受生活才对吧，说是自己每天睡几个小时的人，我就想知道趴桌子上睡算没算，午睡算没算。看过一篇说自己在投行多忙的文章，罗列了看着巨多的工作，看了半天，三餐还是正点吃的，我是没觉出有什么可紧张的，要说罗列工作，我一天写的病例比你们罗列的多得多，再加上每年法定假日，不用值班，公司年休假，加班的加班费，我真不知道在投行有什么可抱怨的。本人三甲医院外科医生，最长的一台手术长达22个小时，是硬生生从头天早上八点，站到第二天第二天早上六点半，没吃早饭，中间只下来吃了一顿晚饭，睡了十几分钟就又回去了，因为还有兄弟需要我替下来，三十没到已经静脉曲张很严重了，结果一台手术费能有多少，分到住院医手里能到二百么？再算上医生不受劳动法保护，所有加班没有加班费，平时夜里值班有时一夜不睡，第二天还要连着上白班（外科没有下夜班）。周末、节假日值班无数，亲历的三十值班就好几个了，这还不算下班后每天的科研文章，准备各种考试，基本属于没有一点生活空间，每年医生猝死新闻有多少，再加上杀医伤医案件，我们被患者辱骂现在已经是家常便饭了，诸位投行年薪百万的精英们，真的觉得自己累的要死了么？这个社会谁不说自己辛苦，扫地环卫工人辛不辛苦，早点摊位辛不辛苦，警察辛不辛苦，老师辛不辛苦，我觉得这个社会谁说辛苦也轮不到投行的人说辛苦，因为挣到钱了，因为值得，我在想的是这个社会如此下去，医生、警察，教师、公务员，环卫工人们都还坚持不坚持的下去。题外话，我知道评论肯定又有一帮人说你们有回扣，有红包，认识的医生都是亿万富翁，年入千万，我希望这么说的人自己站出来，说是给谁送的，送了多少，不要来一句不方便说就乱喷>","type":"unstyled","depth":0,"inlineStyleRanges":[],"entityRanges":[],"data":{}}],"entityMap":{}},"previewText":"<在此填入你的文字>","resourceIdList":[]}',
        '好久没回来看，得到大家的认可十分感动，谢谢大家的理解，我会坚持一直做下去，毕竟医学还是心中所爱。正如预料的一样，果然有人非要拿红包说事，我不否认有医生收红包，但肯定是极少数，为什么这么说呢？因为成本。1、手术是风险极高的操作，随便一个小失误，都随时可能致命，见过腹腔镜放置戳卡的过程中（可以简单理解为手术通道，一个硬塑料的空心管子，里面带针芯），穿过腹腔的时候力度没掌握好，一下刺破腹主动脉，直接死台上的。如果遇到这种无法预料的险情，一个外科大夫还正好拿了你的红包，病人死了怎么办，就算没死，病人术后并发症了怎么办（包括不能吃饭，反复发烧，住icu一天一万的烧钱，长期拔不了引流管，腹胀、腹痛，气管插管给镇静生不如死）？2、这个时候如果外科大夫拿了你的钱让家属误以为手术风险其实不高，闹起来怎么办？大家有没有想过，现在医疗卫生九不准，医德医风建设抓的如此之严，抓到后直接吊销执照怎么办？亲眼见过一个术后有一点并发症的患者（早就痊愈了）赖在医院不走，住了半年，就要赔钱，就说没治好，因为主刀大夫收了红包，主刀大夫只能妥协。最后威胁主刀大夫要弄死他，两人争执的情况下，在病房大喊你把红包还我，最后被全院调查。也曾经见过研究生索要红包被直接开除的。所以各位就不用跟我列举你们的见闻了，我在行业内见过的肯定比你们多。3、是凡有一些常识的人可能现在也应该想明白了，我收了你撑死不到一万块钱的红包，担惊受怕自不必说，随叫随到也是必须，冒着开除，处分，吊销执照的风险，搭上自己的前途命运是否合算。稍微有点志气的人，以后当了主任，教授，待遇自然上去，合理合法的挣钱行不行？就算你们非要阴暗，领导贪污风险高、收入多，还是找个陌生人收红包风险高、收入多，诸位自己能不能权衡一下？4、就算有些手术风险小，术后啥事没有，让一个陌生人拿住你的把柄是否合适，我见过术后什么事没有，术后比术前胖了十多斤，执意要告我们，还对大夫十分客气，定期来门诊复查。详细询问原因，说治疗没问题很感谢我们，但是他们穷，告是为了要点钱，认为赔钱是医院赔，大夫也有钱，可能觉得我们不在乎，被我们主任说了几句这么做恩将仇报，会遭报应的（也不敢破口大骂，实在有辱身份），告诉他以后肯定不给他看了，不用来挂号了。请问各位，如果我们拿了这种人几千块钱红包，你的余生会如何，不言自明。有老大夫被纠缠数载，患者家属就要告到你家破人亡的。5、最后，我想请没事拿红包当事说的同志们，稍微动动脑子，换位思考一下，自己在各自的岗位能不能贪到钱？是不是光看见贼吃肉，不管贼是不是会挨打？不要没事就觉得别人天天坐着收钱。真能贪污到钱还没事的，也真是个人本事，这本事我还真没有，也见过人有。就算黑社会收保护费，出来混也迟早要还的，何况医生？以下原答案：据我了解金融行业的朋友，我觉得工作强度根本算不上累，跟医学没法比，要是算上收入，还用得着坚持？每天享受生活才对吧，说是自己每天睡几个小时的人，我就想知道趴桌子上睡算没算，午睡算没算。看过一篇说自己在投行多忙的文章，罗列了看着巨多的工作，看了半天，三餐还是正点吃的，我是没觉出有什么可紧张的，要说罗列工作，我一天写的病例比你们罗列的多得多，再加上每年法定假日，不用值班，公司年休假，加班的加班费，我真不知道在投行有什么可抱怨的。本人三甲医院外科医生，最长的一台手术长达22个小时，是硬生生从头天早上八点，站到第二天第二天早上六点半，没吃早饭，中间只下来吃了一顿晚饭，睡了十几分钟就又回去了，因为还有兄弟需要我替下来，三十没到已经静脉曲张很严重了，结果一台手术费能有多少，分到住院医手里能到二百么？再算上医生不受劳动法保护，所有加班没有加班费，平时夜里值班有时一夜不睡，第二天还要连着上白班（外科没有下夜班）。周末、节假日值班无数，亲历的三十值班就好几个了，这还不算下班后每天的科研文章，准备各种考试，基本属于没有一点生活空间，每年医生猝死新闻有多少，再加上杀医伤医案件，我们被患者辱骂现在已经是家常便饭了，诸位投行年薪百万的精英们，真的觉得自己累的要死了么？这个社会谁不说自己辛苦，扫地环卫工人辛不辛苦，早点摊位辛不辛苦，警察辛不辛苦，老师辛不辛苦，我觉得这个社会谁说辛苦也轮不到投行的人说辛苦，因为挣到钱了，因为值得，我在想的是这个社会如此下去，医生、警察，教师、公务员，环卫工人们都还坚持不坚持的下去。题外话，我知道评论肯定又有一帮人说你们有回扣，有红包，认识的医生都是亿万富翁，年入千万，我希望这么说的人自己站出来，说是给谁送的，送了多少，不要来一句不方便说就乱喷');
INSERT INTO youthchina.COM_RICH_TEXT (TEXT_ID, COMPILE_TYPE, JSON_CONTENT, TEXT_CONTENT)
VALUES (98, 1,
        '{"braftEditorRaw":{"blocks":[{"key":"dtj4a","text":"<这已经是几个月之前的回答了，突然之间被这么多人关注，有些吃惊，也看到了后面的评论，更让我不胜惶恐。因为对于一些有志于从事投资一类的读者或者即将进入这个行业的人来说，一个过来人的体悟往往有着比较重大的影响。我在这里陈述缺点，并非是让读者对金融行业心生畏惧或是感到迷茫，也非吐槽抱怨寻求共鸣，而是告诉读者在这个行业中有得必失，得失相伴的这个事实。至于我在陈述缺点时所用的措辞语气，大抵是回忆起一些往事有感而发，也可能是由于身处假期身心放松稍显随意，仔细思量，可能确有不妥之处，在此也表示歉意。至于评论区里面的一些疑惑，我想在这里有必要澄清一二：1. 答主在这里主要陈述缺点，并非是答主认为金融行业缺点多过优点，而是提醒读者进入此行业将来可能面对的困难是什么。答主希望进入这个行业的人清楚认识到从事此行业所需要付出的是什么，面对的是什么，心安理得把这个行业当作值得追求一生的事业来做，而不是仅仅凭着一腔热血，一时兴起或者活在别人所诉的美好愿景之中。而这也是答主对于投资这项事业的态度。风险和收益是投资两大不变的主题，对于职业选择也是，人生的重大抉择也是如此。不过至于如何选择，有些时候，并非落于合适与否，惟愿与不愿。2. 术业有专攻。答主是价值投资者，看重基本面，对Quant虽有所知，但只是略懂一丝皮毛，而Quant的投资方式、理念与我有较大差异，因此对于Quant方面的问题不敢随意作答。对量化和价值投资孰优孰劣的问题也是仁者见仁智者见智之事，无法评论。3. 有人问及IB中的S&T，我并未在IB这个部门做过事，但还是可以简单说说个人看法。现在的IB并没有可以明确被称为自营的业务（proprietary trading）。即使有，也是游走于政策边缘，相比于七八年前的规模不可同日而语。在S&T体验一下Trading Floor并没有什么坏处，只不过做市/拿头寸这种事情的交易偏向短线。在我看来，短线交易并无不可，不妥的是长久做短线交易容易沾染急功近利的心态，妄图在短期之内通过杠杆攫取一大笔财富的浮躁心态，尤其在尚未搞清市场逻辑的前提之下。这种心态对于未来的投资生涯个人认为有百害无一利。所以一个人如果想把投资当做一辈子的事业来做的话，S&T并不适合待上太久，向Research转型或转投买方才是正途。不过以上建议只是符合我个人的投资理念，纯属个人看法。选择这种事情，还是自己慎重考虑后再做决定才好。4. 这里面有些同行提到了压力和心态。我在回答时提到过压力大的问题，实际上我个人在工作前半段的时候确实感觉压力较大，要说现在，其实还好。至于心态，我认为这取决于你如何看待这个问题。于我个人而言，只要你没有变成基金的高级合伙人，公司对你个人来说只不过是一个平台而已，你为公司和投资人赚钱，他给你薪水奖金，这是最直接的利益关系。你做的好了，名利双收，做的差了，扫地出门，天经地义。不报不切合实际的期望，也就不会有忿忿不平的失望。至于业绩和投资策略方面，投资经理自然在建立头寸之前会有周详的计划，面对不同的市场状况作出相应的操作。在建仓之前，充分考虑，建仓之后，承担风险与收益，为自己做出的决策负责，这也是天经地义，自然要淡然处之。不过，真正的淡然，是在历经市场浮沉有成功业绩支持的自信。这也是我希望自己达到的高度。而投资赚不赚钱，靠的是水平，能赚多少，运气也起很大作用，有些时候不必过度苛求，追求极致，这样也会淡然一些。5. 看到有些评论抱怨收入低辛苦。我认为，你的收入状况取决于你所能为企业创造的价值多寡和对此价值的垄断程度。至于如何提高解决，请自行考虑，因为路都是自己走出来的。6. 对于国内薪酬一类的数字表述，确切的说是根据朋友随意聊天道听途说而来，并非是答主拉上朋友去银行拉出薪资流水存为证据，证明其所报收入属实非虚，以作谈资。朋友相交，有些底线还是不能逾越的。7. 对于有些质疑。“Sell Side研究员创造价值的方式是为S&T 部门带来交易的佣金。大银行的研报对所有交易客户都是免费的，从来没见过研究员靠卖研报为生”。这句话基本属实。“卖研报”只不过是中国基金圈朋友的说法，卖方的主要收入是靠佣金分仓，而买方选择卖方的主要因素就是卖方的研究实力。卖方经常会到买方去交流推票，在很多基金经理看来，这种行为无异于卖研究卖研报，所有才有这一种说法。这个说法比较常见，至于真实性，问问基金经理是否认可这种说法便知。另外，做投资组合的基金经理也可能需要来源于第三方的行业研究或者报告（例如咨询公司），这部分可肯定是无法免费的。至于我个人，因为我的策略时宏观对冲，并不追踪个股，绝大多数时间亦不需要细分至行业，无需与股票分析师打太多交道。我的研究支持更多来源于公司内部组合中各投资品种策略分析师的分析总结评论，彭博终端，路透终端，官方表态（FED,ECB,BOE,BOJ等央行官员或报告）或者是IB一些重量级宏观策略分析师对市场的评论分析。>","type":"unstyled","depth":0,"inlineStyleRanges":[],"entityRanges":[],"data":{}}],"entityMap":{}},"previewText":"<在此填入你的文字>","resourceIdList":[]}',
        '这已经是几个月之前的回答了，突然之间被这么多人关注，有些吃惊，也看到了后面的评论，更让我不胜惶恐。因为对于一些有志于从事投资一类的读者或者即将进入这个行业的人来说，一个过来人的体悟往往有着比较重大的影响。我在这里陈述缺点，并非是让读者对金融行业心生畏惧或是感到迷茫，也非吐槽抱怨寻求共鸣，而是告诉读者在这个行业中有得必失，得失相伴的这个事实。至于我在陈述缺点时所用的措辞语气，大抵是回忆起一些往事有感而发，也可能是由于身处假期身心放松稍显随意，仔细思量，可能确有不妥之处，在此也表示歉意。至于评论区里面的一些疑惑，我想在这里有必要澄清一二：1. 答主在这里主要陈述缺点，并非是答主认为金融行业缺点多过优点，而是提醒读者进入此行业将来可能面对的困难是什么。答主希望进入这个行业的人清楚认识到从事此行业所需要付出的是什么，面对的是什么，心安理得把这个行业当作值得追求一生的事业来做，而不是仅仅凭着一腔热血，一时兴起或者活在别人所诉的美好愿景之中。而这也是答主对于投资这项事业的态度。风险和收益是投资两大不变的主题，对于职业选择也是，人生的重大抉择也是如此。不过至于如何选择，有些时候，并非落于合适与否，惟愿与不愿。2. 术业有专攻。答主是价值投资者，看重基本面，对Quant虽有所知，但只是略懂一丝皮毛，而Quant的投资方式、理念与我有较大差异，因此对于Quant方面的问题不敢随意作答。对量化和价值投资孰优孰劣的问题也是仁者见仁智者见智之事，无法评论。3. 有人问及IB中的S&T，我并未在IB这个部门做过事，但还是可以简单说说个人看法。现在的IB并没有可以明确被称为自营的业务（proprietary trading）。即使有，也是游走于政策边缘，相比于七八年前的规模不可同日而语。在S&T体验一下Trading Floor并没有什么坏处，只不过做市/拿头寸这种事情的交易偏向短线。在我看来，短线交易并无不可，不妥的是长久做短线交易容易沾染急功近利的心态，妄图在短期之内通过杠杆攫取一大笔财富的浮躁心态，尤其在尚未搞清市场逻辑的前提之下。这种心态对于未来的投资生涯个人认为有百害无一利。所以一个人如果想把投资当做一辈子的事业来做的话，S&T并不适合待上太久，向Research转型或转投买方才是正途。不过以上建议只是符合我个人的投资理念，纯属个人看法。选择这种事情，还是自己慎重考虑后再做决定才好。4. 这里面有些同行提到了压力和心态。我在回答时提到过压力大的问题，实际上我个人在工作前半段的时候确实感觉压力较大，要说现在，其实还好。至于心态，我认为这取决于你如何看待这个问题。于我个人而言，只要你没有变成基金的高级合伙人，公司对你个人来说只不过是一个平台而已，你为公司和投资人赚钱，他给你薪水奖金，这是最直接的利益关系。你做的好了，名利双收，做的差了，扫地出门，天经地义。不报不切合实际的期望，也就不会有忿忿不平的失望。至于业绩和投资策略方面，投资经理自然在建立头寸之前会有周详的计划，面对不同的市场状况作出相应的操作。在建仓之前，充分考虑，建仓之后，承担风险与收益，为自己做出的决策负责，这也是天经地义，自然要淡然处之。不过，真正的淡然，是在历经市场浮沉有成功业绩支持的自信。这也是我希望自己达到的高度。而投资赚不赚钱，靠的是水平，能赚多少，运气也起很大作用，有些时候不必过度苛求，追求极致，这样也会淡然一些。5. 看到有些评论抱怨收入低辛苦。我认为，你的收入状况取决于你所能为企业创造的价值多寡和对此价值的垄断程度。至于如何提高解决，请自行考虑，因为路都是自己走出来的。6. 对于国内薪酬一类的数字表述，确切的说是根据朋友随意聊天道听途说而来，并非是答主拉上朋友去银行拉出薪资流水存为证据，证明其所报收入属实非虚，以作谈资。朋友相交，有些底线还是不能逾越的。7. 对于有些质疑。“Sell Side研究员创造价值的方式是为S&T 部门带来交易的佣金。大银行的研报对所有交易客户都是免费的，从来没见过研究员靠卖研报为生”。这句话基本属实。“卖研报”只不过是中国基金圈朋友的说法，卖方的主要收入是靠佣金分仓，而买方选择卖方的主要因素就是卖方的研究实力。卖方经常会到买方去交流推票，在很多基金经理看来，这种行为无异于卖研究卖研报，所有才有这一种说法。这个说法比较常见，至于真实性，问问基金经理是否认可这种说法便知。另外，做投资组合的基金经理也可能需要来源于第三方的行业研究或者报告（例如咨询公司），这部分可肯定是无法免费的。至于我个人，因为我的策略时宏观对冲，并不追踪个股，绝大多数时间亦不需要细分至行业，无需与股票分析师打太多交道。我的研究支持更多来源于公司内部组合中各投资品种策略分析师的分析总结评论，彭博终端，路透终端，官方表态（FED,ECB,BOE,BOJ等央行官员或报告）或者是IB一些重量级宏观策略分析师对市场的评论分析。');
INSERT INTO youthchina.COM_RICH_TEXT (TEXT_ID, COMPILE_TYPE, JSON_CONTENT, TEXT_CONTENT)
VALUES (99, 1,
        '{"braftEditorRaw":{"blocks":[{"key":"dtj4a","text":"<今年刚好40岁，目前在一著名外企作技术专家，经历过3次大的并购，2次大的裁员，我可以非常负责任的说：你是否被裁员和你是否努力，是否优秀没有半点关系。我经历过的三次并购，普通员工都是在最后一刻才知道消息，基本和公开新闻同步。然后就是剧烈部门重组，裁员。而且很多裁员都是战略级的，整个部门被裁，上到经理，下到行政无一幸免。可能昨天你还和隔壁Tom为部门经理的位置明争暗斗，但今天你俩可能就得双双领钱走人，活脱脱一场荒诞剧。可怜很多人都是在公司奋斗了十几年，踩着无数人的失败才坐上经理的位置，可是凳子还没坐热，随着整个部门就被裁，照样也得今天领钱，明天走人，你能说这些人不努力，不优秀？就企业来说，裁员的原因绝往往非常简单：不挣钱！但就个人来说，不管你是一个部门经理也好，还是一个技术专家也好，你所在的business是否赚钱，很多时候都在于大势，普通员工在其中的作用基本可以忽略不记。我特不爱听那些所谓的“成功人士”给别人灌鸡汤，教别人要努力，要奋斗，否则做了loser就别怪别人。这种人要么是蠢（缺少基本的统计学常识），要么是被猪油蒙了心的坏（自己成功了，就洋洋得意的俯瞰众生）！但我最恨的还是那些坐歪屁股的奋斗逼们，一个打工的却操着资本家的心，认为企业就该裁掉老人，就该给年轻人让位。全世界劳动者，100年来用眼泪和汗水换来的8小时工作制、年龄平等、性别平等就是被这些奋斗逼们给毁了。说句不好听的，这些无良企业之所以敢明目张胆践踏劳动法（例如996），明目张胆的年龄歧视，性别歧视，就是被你们这些奋斗逼们惯的。这些奋斗逼们还缺少基本的系统思维能力，那些无良企业为啥要裁掉老员工？是因为老员工智力跟不上了吗？34岁可以说正是人生经验和智力的巅峰！根本原因还是老员工人到中年，上有老下有小，精力跟不上了，不能适应高强度的加班了（例如996）。但是如果所有的企业都奉公守法，都遵守8小时工作制，我看谁敢说老员工的生产力不如年轻人？有些人已经病态到这种程度，他们不去反思畸形的劳动关系，反而去妖魔化中年人，给中年人扣上奸滑、油腻的帽子。去怂恿不明世事的职场年轻人去排挤，去斗争老员工，好像他们就会永远年轻一样？骚年们，请记住，是人就不会永远年轻，但年轻人却永远有。等你老了（34岁），你一定也会被更年轻的人收割，而只有那些无良资本家躲在阴影中，操手看这场人间悲喜剧反复上演！！--------------------------------------------------上面是原答案，不过评论区有人怼我，既然这样，我就一不做二不休，再多说几句，权当送佛送到西吧：1.按照劳动法规定，工作日加班工资是平时的1.5倍，双休日2倍，法定假日3倍，因此如果你的工作时长为996，员工只有拿到市场工资的2.25倍，在经济帐上才不吃亏。所以我劝告那些因为加班而多挣了3、5斗的奋斗逼们，就凭你那点眼界还想占资本家的便宜，naive，真是被别人卖了，还替别人数钱的主！2.人的一生是一个漫长而完整的过程，幸福与否，不仅要看你年轻的时候能飞的多高，更要看年老的时候能否平安降落？年轻的时候在血汗工厂挣些辛苦钱，然后人到中年，年老色衰，加不动班的时候被人家扫地出门，生活出现断崖式下降。此情此景让你想起什么？没错，就是妓女，不过在我看来，奋斗逼们的下场往往连妓女都不如。妓女们年老色衰了至少还有机会从良，还能找个小白兔嫁了，你一个被人用废的奋斗逼能有什么好下场？3.奋斗逼的一个愚蠢逻辑就是：把奋斗和加班等同起来。难道正确的操作不应该是站稳自己的阶级立场，争取8小时工作制，然后在此基础上提高工作效率，提高创新水平，然后在这种良性竞争中，脱颖而出，成为一个体面的，有尊严的精英分子，而不是无底线加班，做什么狗屁“奋斗者”。4.人一生最精彩的时光恰恰是你年轻的时候。年轻的时候，你想爱，想吃，想玩，而且有能力（身体好），有条件（合法）去爱，去吃，去玩！等到人到中年的，身体每况愈下的时候，纵然小有积蓄，但你会吃惊的发现，那些年轻时候你想做而没有做的事情，现在绝大多数都做不了，要么不健康，要么不合法！于是，暮年回首，你说你这一生过的叫什么劲？所谓的奋斗也不过是用你的青春成就了别人的富豪梦！所以，骚年们，在“奋斗”的路上，抽空喘口气，挤一点时间思考，别只顾着低头拉车，丢失了灵魂，迷失了人生！>","type":"unstyled","depth":0,"inlineStyleRanges":[],"entityRanges":[],"data":{}}],"entityMap":{}},"previewText":"<在此填入你的文字>","resourceIdList":[]}',
        '今年刚好40岁，目前在一著名外企作技术专家，经历过3次大的并购，2次大的裁员，我可以非常负责任的说：你是否被裁员和你是否努力，是否优秀没有半点关系。我经历过的三次并购，普通员工都是在最后一刻才知道消息，基本和公开新闻同步。然后就是剧烈部门重组，裁员。而且很多裁员都是战略级的，整个部门被裁，上到经理，下到行政无一幸免。可能昨天你还和隔壁Tom为部门经理的位置明争暗斗，但今天你俩可能就得双双领钱走人，活脱脱一场荒诞剧。可怜很多人都是在公司奋斗了十几年，踩着无数人的失败才坐上经理的位置，可是凳子还没坐热，随着整个部门就被裁，照样也得今天领钱，明天走人，你能说这些人不努力，不优秀？就企业来说，裁员的原因绝往往非常简单：不挣钱！但就个人来说，不管你是一个部门经理也好，还是一个技术专家也好，你所在的business是否赚钱，很多时候都在于大势，普通员工在其中的作用基本可以忽略不记。我特不爱听那些所谓的“成功人士”给别人灌鸡汤，教别人要努力，要奋斗，否则做了loser就别怪别人。这种人要么是蠢（缺少基本的统计学常识），要么是被猪油蒙了心的坏（自己成功了，就洋洋得意的俯瞰众生）！但我最恨的还是那些坐歪屁股的奋斗逼们，一个打工的却操着资本家的心，认为企业就该裁掉老人，就该给年轻人让位。全世界劳动者，100年来用眼泪和汗水换来的8小时工作制、年龄平等、性别平等就是被这些奋斗逼们给毁了。说句不好听的，这些无良企业之所以敢明目张胆践踏劳动法（例如996），明目张胆的年龄歧视，性别歧视，就是被你们这些奋斗逼们惯的。这些奋斗逼们还缺少基本的系统思维能力，那些无良企业为啥要裁掉老员工？是因为老员工智力跟不上了吗？34岁可以说正是人生经验和智力的巅峰！根本原因还是老员工人到中年，上有老下有小，精力跟不上了，不能适应高强度的加班了（例如996）。但是如果所有的企业都奉公守法，都遵守8小时工作制，我看谁敢说老员工的生产力不如年轻人？有些人已经病态到这种程度，他们不去反思畸形的劳动关系，反而去妖魔化中年人，给中年人扣上奸滑、油腻的帽子。去怂恿不明世事的职场年轻人去排挤，去斗争老员工，好像他们就会永远年轻一样？骚年们，请记住，是人就不会永远年轻，但年轻人却永远有。等你老了（34岁），你一定也会被更年轻的人收割，而只有那些无良资本家躲在阴影中，操手看这场人间悲喜剧反复上演！！--------------------------------------------------上面是原答案，不过评论区有人怼我，既然这样，我就一不做二不休，再多说几句，权当送佛送到西吧：1.按照劳动法规定，工作日加班工资是平时的1.5倍，双休日2倍，法定假日3倍，因此如果你的工作时长为996，员工只有拿到市场工资的2.25倍，在经济帐上才不吃亏。所以我劝告那些因为加班而多挣了3、5斗的奋斗逼们，就凭你那点眼界还想占资本家的便宜，naive，真是被别人卖了，还替别人数钱的主！2.人的一生是一个漫长而完整的过程，幸福与否，不仅要看你年轻的时候能飞的多高，更要看年老的时候能否平安降落？年轻的时候在血汗工厂挣些辛苦钱，然后人到中年，年老色衰，加不动班的时候被人家扫地出门，生活出现断崖式下降。此情此景让你想起什么？没错，就是妓女，不过在我看来，奋斗逼们的下场往往连妓女都不如。妓女们年老色衰了至少还有机会从良，还能找个小白兔嫁了，你一个被人用废的奋斗逼能有什么好下场？3.奋斗逼的一个愚蠢逻辑就是：把奋斗和加班等同起来。难道正确的操作不应该是站稳自己的阶级立场，争取8小时工作制，然后在此基础上提高工作效率，提高创新水平，然后在这种良性竞争中，脱颖而出，成为一个体面的，有尊严的精英分子，而不是无底线加班，做什么狗屁“奋斗者”。4.人一生最精彩的时光恰恰是你年轻的时候。年轻的时候，你想爱，想吃，想玩，而且有能力（身体好），有条件（合法）去爱，去吃，去玩！等到人到中年的，身体每况愈下的时候，纵然小有积蓄，但你会吃惊的发现，那些年轻时候你想做而没有做的事情，现在绝大多数都做不了，要么不健康，要么不合法！于是，暮年回首，你说你这一生过的叫什么劲？所谓的奋斗也不过是用你的青春成就了别人的富豪梦！所以，骚年们，在“奋斗”的路上，抽空喘口气，挤一点时间思考，别只顾着低头拉车，丢失了灵魂，迷失了人生！');
INSERT INTO youthchina.COM_RICH_TEXT (TEXT_ID, COMPILE_TYPE, JSON_CONTENT, TEXT_CONTENT)
VALUES (100, 1,
        '{"braftEditorRaw":{"blocks":[{"key":"dtj4a","text":"<2014年入职，在大非洲奋斗了三年。一个多月前刚离开公司。离职前写下了对三年多工作的总结，有自己的真实感受，也有对“华为能带给你什么”和“什么样的人适合来华为”等问题的思考，应该部分回答了题主的问题。今天看到了这个问题，就分享一下。希望能给小伙伴们带来一点启发。 25岁，放弃年入50万的工作 前几天，在知乎上被邀请回答问题：“30岁前赚到100万是种什么样的体验？”我自己有一个电子账本，于是看了下，2017年1月~12月，自己的税后收入是52万多一点。再往前两年没有详细记录，但三年加起来，粗略估计是够100万了。这是毕业第三年，刚好25岁。本着“真实”的原则，就不打马赛克了：过去三年我的主要职位是海外项目财务，现在是区域财务分析师。我所在的公司是传说中的华为。:-)但这里不是来“晒收入”的。实话讲，100万并不是什么了不起的“成就”，同龄人里能甩我几条街的大有人在。我想说的是，看到这个问题的第一反应，如果只能用一句话来讲最重要的感受，那就是：年轻的时候，薪水不是最重要的；找到适合自己的道路才真正意义非凡。有的小伙伴可能会说，你自己赚了一点小钱，就开始显摆，然后说薪水不是最重要的，站着说话不腰疼。其实不是。就在两周前，我正式提交了离职申请。:-)关于我的工作，令人不满的地方，会实事求是；令人愉快的地方，也会认真介绍。大多数工作其实并没有绝对的“好”或者“坏”，只有“适合”或者“不适合”。我选择离开，本质上取决于我对自己的认知，而不是我对公司的认知。由于我在国内总部的新职位只待了不到三个月，所以这里主要讲海外工作。分六个部分来说：【一、我的工作职位&日常工作内容是什么？】【二、我的工作节奏是怎样的（比如加班多少）？】【三、我在工作中的感受是怎样的？】【四、我对工作的思考。】【五、华为能带给你什么？】【六、什么样的人适合来华为？】>","type":"unstyled","depth":0,"inlineStyleRanges":[],"entityRanges":[],"data":{}}],"entityMap":{}},"previewText":"<在此填入你的文字>","resourceIdList":[]}',
        '2014年入职，在大非洲奋斗了三年。一个多月前刚离开公司。离职前写下了对三年多工作的总结，有自己的真实感受，也有对“华为能带给你什么”和“什么样的人适合来华为”等问题的思考，应该部分回答了题主的问题。今天看到了这个问题，就分享一下。希望能给小伙伴们带来一点启发。 25岁，放弃年入50万的工作 前几天，在知乎上被邀请回答问题：“30岁前赚到100万是种什么样的体验？”我自己有一个电子账本，于是看了下，2017年1月~12月，自己的税后收入是52万多一点。再往前两年没有详细记录，但三年加起来，粗略估计是够100万了。这是毕业第三年，刚好25岁。本着“真实”的原则，就不打马赛克了：过去三年我的主要职位是海外项目财务，现在是区域财务分析师。我所在的公司是传说中的华为。:-)但这里不是来“晒收入”的。实话讲，100万并不是什么了不起的“成就”，同龄人里能甩我几条街的大有人在。我想说的是，看到这个问题的第一反应，如果只能用一句话来讲最重要的感受，那就是：年轻的时候，薪水不是最重要的；找到适合自己的道路才真正意义非凡。有的小伙伴可能会说，你自己赚了一点小钱，就开始显摆，然后说薪水不是最重要的，站着说话不腰疼。其实不是。就在两周前，我正式提交了离职申请。:-)关于我的工作，令人不满的地方，会实事求是；令人愉快的地方，也会认真介绍。大多数工作其实并没有绝对的“好”或者“坏”，只有“适合”或者“不适合”。我选择离开，本质上取决于我对自己的认知，而不是我对公司的认知。由于我在国内总部的新职位只待了不到三个月，所以这里主要讲海外工作。分六个部分来说：【一、我的工作职位&日常工作内容是什么？】【二、我的工作节奏是怎样的（比如加班多少）？】【三、我在工作中的感受是怎样的？】【四、我对工作的思考。】【五、华为能带给你什么？】【六、什么样的人适合来华为？】');
INSERT INTO youthchina.COM_RICH_TEXT (TEXT_ID, COMPILE_TYPE, JSON_CONTENT, TEXT_CONTENT)
VALUES (101, 1,
        '{"braftEditorRaw":{"blocks":[{"key":"dtj4a","text":"<我这里讲个大家都能听懂的故事吧，美国排华法案，人人都知道。但是很多人不知道为什么通过时获得那么多人支持。其中一个原因，其他工人跟资本家Ba工时，华裔工人不仅不参加，反而继续去工作，从而拉到了足够的仇恨。更因为平时华裔工人能忍受低工资甚至还有零工资，因为他们勤劳，下班后开洗衣店餐馆什么的，并不在乎打工的工资养活不了自己。于是排华法案就有了民意基础。人形容说“machine-like…of obtuse nerve, but little affected by heat or cold, wiry, sinewy, with muscles of iron”。这句话看似赞美，但一个词machine就已经定位了。这是第一个故事。第二个故事是我自己观察的，美国的中餐馆的经营模式，竞争中多数打价格战，一个比一个便宜，实在没法降低食材成本，然后就省人力，比如本地餐厅一个服务员管5桌，中餐馆就一个服务员管10桌，再后来老板老板娘亲自上阵。最后，有些老板这么累，也并没有赚到多少钱，人力缺乏导致服务质量下降，小费也就下降。我不爱去中餐馆，这也是一个原因，因为我去美国店这么多年，极少有对服务不太满意的时候，给20%小费也心甘情愿；去中餐馆，很多服务糟糕，给20%真心不爽，给少了又不好意思，干脆不去了。整体层面上，日本餐韩国餐比中餐在美国是要高一个档次的（当然，也高得很有限），因为日本人至少餐馆弄得还算干净，服务也凑合等。第三个故事是我工作时观察的，在某著名大公司，国内transfer过来的人很多的那家。我和我的朋友们都发现，中国人分两种，在美国读过书的大多数工作比较温和马马虎虎，而中国直接transfer过来的就非常aggressive（英文中aggressive是中性词，看语境可褒可贬），很卖力气，并且也较为排斥他人。有人一定觉得美国读书这一波人不行吧？也不见得，在美国读过书的最后大多数都跳到FLGUAS等一线去了，因为“生存太不容易了”，我有的朋友就直言：在这些国内来的人多的组，根本没法生存，干活太拼，人际太狠，我犯不上为了个稀饭钱跟他们玩。某公司的文化，其实是某国文化的代表：对自己狠，对别人更狠，最后很可能是双输。华工如果跟其他族裔联合，或许赚钱会少些，但是不至于断了整条路，自己连媳妇都娶不上；中餐馆如果不打价格战，也许也不会多赚钱，但是大家都舒服；某大公司就给那么点钱，不玩命干，也许大家都可以轻松过上好日子，或是有时间准备面试跳到一线公司去享福。我个人以为，崇拜勤劳是对的，但过度崇拜勤劳，以勤劳为唯一信仰，是错的。大老板、科研大佬们鼓吹过度勤劳，是因为他们需要手下人卖命（他们自己肯过度勤劳么？）；普通给人打工就赚仨瓜俩枣的天天也鼓吹过度勤劳，怕是失了智。什么叫恶性循环？一味地讲究过度勤劳，近乎泯灭人性地勤劳，最后只能把就业市场拖向更惨更苦工资更低，缺少情商的人、有创造力的人、爱家庭的人、体力不好的人最后都被淘汰，整体风气更加可怕。我自己精神力不济体力也不那么好，真的玩不起。我是码农，工作的公司是偏累的，但跟国内比恐怕还差太远。每当想到如果有一天，整个工业界都被这种勤劳至极的人占领就不寒而栗。有人或许会说我应该更努力，而不是迁就自己，我觉得不是，我有时候一天工作7个小时，有时候也是12个小时，但我不会为了努力而努力，不会为了装作努力而努力，而是一定有状态、有产出、有热情、有效率、有兴趣，从内心爆发出力量去支撑自己高效工作。而不是因为恐惧，因为习惯，因为怕失业，因为某种文化的强迫。我有家庭，我有子女，我有自己的爱好，我有自己的悠闲，我有我自己的健康，我不是一台工作的机器，行走的机器。工作只占我生命中最多35%的比重。我是个小人物，但也是勤勤恳恳支撑起一个帝国的无数个小人物之一，我没有远大理想，不懂得贵族们的事，我只希望我这样的小人物能过得稍微好一点，就心满意足了。其实一个社会也需要很多像我这样的小人物，不求有功但求无过，低调地做事情。有多少人，为了那些宏大的目标激动、疯狂。我不会，我所在的罗马，不是一夜建成的，而是兴建了将近400年了。除了勤劳和血泪，还有很多很多美德，比如勇敢，比如公正，比如宽容，比如平衡，比如保护。我过了30岁，忽然懂了：就算那些过度勤劳的人们攻无不克战无不胜，打败了对手，我想真诚地问一句：那种新的产业秩序，跟现在比，真的就好么？那种生活，真的是你们想要的么？对不起，我们梦想中的世界，不太一样。====更新 Sep. 29th, 2018====这是我知乎赞增长最快的之一，6个小时就800多了。我昨晚睡不着，三点钟写的这个，感谢大家的赞。评论我看了，到124，我简单解释一下。>","type":"unstyled","depth":0,"inlineStyleRanges":[],"entityRanges":[],"data":{}}],"entityMap":{}},"previewText":"<在此填入你的文字>","resourceIdList":[]}',
        '我这里讲个大家都能听懂的故事吧，美国排华法案，人人都知道。但是很多人不知道为什么通过时获得那么多人支持。其中一个原因，其他工人跟资本家Ba工时，华裔工人不仅不参加，反而继续去工作，从而拉到了足够的仇恨。更因为平时华裔工人能忍受低工资甚至还有零工资，因为他们勤劳，下班后开洗衣店餐馆什么的，并不在乎打工的工资养活不了自己。于是排华法案就有了民意基础。人形容说“machine-like…of obtuse nerve, but little affected by heat or cold, wiry, sinewy, with muscles of iron”。这句话看似赞美，但一个词machine就已经定位了。这是第一个故事。第二个故事是我自己观察的，美国的中餐馆的经营模式，竞争中多数打价格战，一个比一个便宜，实在没法降低食材成本，然后就省人力，比如本地餐厅一个服务员管5桌，中餐馆就一个服务员管10桌，再后来老板老板娘亲自上阵。最后，有些老板这么累，也并没有赚到多少钱，人力缺乏导致服务质量下降，小费也就下降。我不爱去中餐馆，这也是一个原因，因为我去美国店这么多年，极少有对服务不太满意的时候，给20%小费也心甘情愿；去中餐馆，很多服务糟糕，给20%真心不爽，给少了又不好意思，干脆不去了。整体层面上，日本餐韩国餐比中餐在美国是要高一个档次的（当然，也高得很有限），因为日本人至少餐馆弄得还算干净，服务也凑合等。第三个故事是我工作时观察的，在某著名大公司，国内transfer过来的人很多的那家。我和我的朋友们都发现，中国人分两种，在美国读过书的大多数工作比较温和马马虎虎，而中国直接transfer过来的就非常aggressive（英文中aggressive是中性词，看语境可褒可贬），很卖力气，并且也较为排斥他人。有人一定觉得美国读书这一波人不行吧？也不见得，在美国读过书的最后大多数都跳到FLGUAS等一线去了，因为“生存太不容易了”，我有的朋友就直言：在这些国内来的人多的组，根本没法生存，干活太拼，人际太狠，我犯不上为了个稀饭钱跟他们玩。某公司的文化，其实是某国文化的代表：对自己狠，对别人更狠，最后很可能是双输。华工如果跟其他族裔联合，或许赚钱会少些，但是不至于断了整条路，自己连媳妇都娶不上；中餐馆如果不打价格战，也许也不会多赚钱，但是大家都舒服；某大公司就给那么点钱，不玩命干，也许大家都可以轻松过上好日子，或是有时间准备面试跳到一线公司去享福。我个人以为，崇拜勤劳是对的，但过度崇拜勤劳，以勤劳为唯一信仰，是错的。大老板、科研大佬们鼓吹过度勤劳，是因为他们需要手下人卖命（他们自己肯过度勤劳么？）；普通给人打工就赚仨瓜俩枣的天天也鼓吹过度勤劳，怕是失了智。什么叫恶性循环？一味地讲究过度勤劳，近乎泯灭人性地勤劳，最后只能把就业市场拖向更惨更苦工资更低，缺少情商的人、有创造力的人、爱家庭的人、体力不好的人最后都被淘汰，整体风气更加可怕。我自己精神力不济体力也不那么好，真的玩不起。我是码农，工作的公司是偏累的，但跟国内比恐怕还差太远。每当想到如果有一天，整个工业界都被这种勤劳至极的人占领就不寒而栗。有人或许会说我应该更努力，而不是迁就自己，我觉得不是，我有时候一天工作7个小时，有时候也是12个小时，但我不会为了努力而努力，不会为了装作努力而努力，而是一定有状态、有产出、有热情、有效率、有兴趣，从内心爆发出力量去支撑自己高效工作。而不是因为恐惧，因为习惯，因为怕失业，因为某种文化的强迫。我有家庭，我有子女，我有自己的爱好，我有自己的悠闲，我有我自己的健康，我不是一台工作的机器，行走的机器。工作只占我生命中最多35%的比重。我是个小人物，但也是勤勤恳恳支撑起一个帝国的无数个小人物之一，我没有远大理想，不懂得贵族们的事，我只希望我这样的小人物能过得稍微好一点，就心满意足了。其实一个社会也需要很多像我这样的小人物，不求有功但求无过，低调地做事情。有多少人，为了那些宏大的目标激动、疯狂。我不会，我所在的罗马，不是一夜建成的，而是兴建了将近400年了。除了勤劳和血泪，还有很多很多美德，比如勇敢，比如公正，比如宽容，比如平衡，比如保护。我过了30岁，忽然懂了：就算那些过度勤劳的人们攻无不克战无不胜，打败了对手，我想真诚地问一句：那种新的产业秩序，跟现在比，真的就好么？那种生活，真的是你们想要的么？对不起，我们梦想中的世界，不太一样。====更新 Sep. 29th, 2018====这是我知乎赞增长最快的之一，6个小时就800多了。我昨晚睡不着，三点钟写的这个，感谢大家的赞。评论我看了，到124，我简单解释一下。');
INSERT INTO youthchina.COM_RICH_TEXT (TEXT_ID, COMPILE_TYPE, JSON_CONTENT, TEXT_CONTENT)
VALUES (102, 1,
        '{"braftEditorRaw":{"blocks":[{"key":"dtj4a","text":"<有感于腾讯公司的发家史，总觉得腾讯背后有某种强大的力量，能靠微创新（也可称山寨）能发展到现如今的体量也算是世界奇观。靠模仿icq完成了资本的原始积累并实现了滚雪球，可以这么说腾讯的今天是一切都建立在oicq（qq）之上的，从qq堂，qq飞车，qq劲舞，腾讯的发家史就是一个复制粘贴史。。。并且发展到如今规模，企业文化还是坚强的延续下来，复制粘贴的企业文化从高层到底层，已深入骨髓，从领子烂到里子。。对创新型企业来说，腾讯如一颗毒瘤存在，注定不会得到大家尊重。>","type":"unstyled","depth":0,"inlineStyleRanges":[],"entityRanges":[],"data":{}}],"entityMap":{}},"previewText":"<在此填入你的文字>","resourceIdList":[]}',
        '有感于腾讯公司的发家史，总觉得腾讯背后有某种强大的力量，能靠微创新（也可称山寨）能发展到现如今的体量也算是世界奇观。靠模仿icq完成了资本的原始积累并实现了滚雪球，可以这么说腾讯的今天是一切都建立在oicq（qq）之上的，从qq堂，qq飞车，qq劲舞，腾讯的发家史就是一个复制粘贴史。。。并且发展到如今规模，企业文化还是坚强的延续下来，复制粘贴的企业文化从高层到底层，已深入骨髓，从领子烂到里子。。对创新型企业来说，腾讯如一颗毒瘤存在，注定不会得到大家尊重。');
INSERT INTO youthchina.COM_RICH_TEXT (TEXT_ID, COMPILE_TYPE, JSON_CONTENT, TEXT_CONTENT)
VALUES (103, 1,
        '{"braftEditorRaw":{"blocks":[{"key":"dtj4a","text":"<腾讯的背景调查是比较严格的一类了，从身份、学历、犯罪记录、工作履历和工作表现方面来查，某些岗位还会有商业利益冲突。普通员工查前三个就够了，如果岗位要求一定的工作经验的话会查工作履历和表现，一般都是第三方机构查询。腾讯的供应商都是国内最专业的公司，有一套专业的招聘风险管理体系，你的简历虚假度在一定范围内是可以接受的，但是超出底线就不行，这避免了误杀和误招。所以你简历上如实写就好，公司有考量标准的，不要弄虚作假，一般都会查出来的。>","type":"unstyled","depth":0,"inlineStyleRanges":[],"entityRanges":[],"data":{}}],"entityMap":{}},"previewText":"<在此填入你的文字>","resourceIdList":[]}',
        '腾讯的背景调查是比较严格的一类了，从身份、学历、犯罪记录、工作履历和工作表现方面来查，某些岗位还会有商业利益冲突。普通员工查前三个就够了，如果岗位要求一定的工作经验的话会查工作履历和表现，一般都是第三方机构查询。腾讯的供应商都是国内最专业的公司，有一套专业的招聘风险管理体系，你的简历虚假度在一定范围内是可以接受的，但是超出底线就不行，这避免了误杀和误招。所以你简历上如实写就好，公司有考量标准的，不要弄虚作假，一般都会查出来的。');
INSERT INTO youthchina.COM_RICH_TEXT (TEXT_ID, COMPILE_TYPE, JSON_CONTENT, TEXT_CONTENT)
VALUES (104, 1,
        '{"braftEditorRaw":{"blocks":[{"key":"dtj4a","text":"<重点说一下头条的工作体验吧。第一就是忙：大小周，就是一周工作6天一周工作5天，然后需求排不完，天天都是事情。晚上加班到11点，10点是常有的事情，常年我11点下班的时候一叫唤，还有人说，你先走吧。是真的忙，而不是装着忙。我实习的时候待过百度和搜狗，相比较而言，IES这边是确实大部分都很忙，不单单是程序员，运营产品也是要经常一起陪着加班的。但是即便如此，我每周都会拒绝很多需求，人力不够。第二就是国际化：中午吃食堂的时候能看到好多老外，白人和黑人是直接能认出来的，但是亚裔就可能认识才知道。我直接打交道的有日本人，越南人，泰国人，马来西亚人，台湾人，主要是tiktok在亚州这边的需求，当然欧美也有，但是我没有直接打过交道，而且欧美市场主要是上海musically团队负责。抖音可能是目前国内公司里做国际化做的最好的一批产品了吧，前几天公布的全球MAU破五亿，Ins的全球MAU达到5亿花了3年，抖音只花了不到2年。很期待抖音后面的表现。第三就是不太设置边界：公司很多js写了几年去写oc，写android的去写nodejs，大家基本上都是跟着需求来，有这个需求，就直接上，而不会说等到招到合适的人才开发，大部分情况都是你去学吧。公司也比较鼓励跨端学习尝试，不会像bat那样，代码仓库权限控制做的比较好。了这么多好的地方，我也说一些不好的地方：第四就是基础服务较弱：累计我在这的两年里，发生了4次全公司断网，2次全公司统一登录验证挂掉，同时发展太快，很多新人培养机制也比较弱，没有像bat一样完善的带人制度，但是目前也在慢慢改善吧。同时代码也没有特别健全的review上线机制，也没有线上测试环境。这些怎么说呢，这都是发展太快，业务压力太大，一直在做新的需求，没有好好停下来把原有的基础服务好好稳固住，后续如果业务进入平缓期，这些应该还是比较好解决的。第五就是居住环境不太好：因为公司的租房补贴政策，导致知春里这边的房价普遍偏高，4千块钱租一个10平米的旧房子，马桶还老堵。总体来说，大家的工作状态比较像是在一个创业公司，有做梦的空间。年轻人可以来拼一拼，目前国内的洗脑神曲已经在日本泰国印尼有烂大街的趋势，作为一个东亚的文化宗主国，有一个文化倾销的平台，我感觉这两年还是蛮有成就感的。下一步就看看能不能超过Ins了，把短视频社交给做成！>","type":"unstyled","depth":0,"inlineStyleRanges":[],"entityRanges":[],"data":{}}],"entityMap":{}},"previewText":"<在此填入你的文字>","resourceIdList":[]}',
        '重点说一下头条的工作体验吧。第一就是忙：大小周，就是一周工作6天一周工作5天，然后需求排不完，天天都是事情。晚上加班到11点，10点是常有的事情，常年我11点下班的时候一叫唤，还有人说，你先走吧。是真的忙，而不是装着忙。我实习的时候待过百度和搜狗，相比较而言，IES这边是确实大部分都很忙，不单单是程序员，运营产品也是要经常一起陪着加班的。但是即便如此，我每周都会拒绝很多需求，人力不够。第二就是国际化：中午吃食堂的时候能看到好多老外，白人和黑人是直接能认出来的，但是亚裔就可能认识才知道。我直接打交道的有日本人，越南人，泰国人，马来西亚人，台湾人，主要是tiktok在亚州这边的需求，当然欧美也有，但是我没有直接打过交道，而且欧美市场主要是上海musically团队负责。抖音可能是目前国内公司里做国际化做的最好的一批产品了吧，前几天公布的全球MAU破五亿，Ins的全球MAU达到5亿花了3年，抖音只花了不到2年。很期待抖音后面的表现。第三就是不太设置边界：公司很多js写了几年去写oc，写android的去写nodejs，大家基本上都是跟着需求来，有这个需求，就直接上，而不会说等到招到合适的人才开发，大部分情况都是你去学吧。公司也比较鼓励跨端学习尝试，不会像bat那样，代码仓库权限控制做的比较好。了这么多好的地方，我也说一些不好的地方：第四就是基础服务较弱：累计我在这的两年里，发生了4次全公司断网，2次全公司统一登录验证挂掉，同时发展太快，很多新人培养机制也比较弱，没有像bat一样完善的带人制度，但是目前也在慢慢改善吧。同时代码也没有特别健全的review上线机制，也没有线上测试环境。这些怎么说呢，这都是发展太快，业务压力太大，一直在做新的需求，没有好好停下来把原有的基础服务好好稳固住，后续如果业务进入平缓期，这些应该还是比较好解决的。第五就是居住环境不太好：因为公司的租房补贴政策，导致知春里这边的房价普遍偏高，4千块钱租一个10平米的旧房子，马桶还老堵。总体来说，大家的工作状态比较像是在一个创业公司，有做梦的空间。年轻人可以来拼一拼，目前国内的洗脑神曲已经在日本泰国印尼有烂大街的趋势，作为一个东亚的文化宗主国，有一个文化倾销的平台，我感觉这两年还是蛮有成就感的。下一步就看看能不能超过Ins了，把短视频社交给做成！');
INSERT INTO youthchina.COM_RICH_TEXT (TEXT_ID, COMPILE_TYPE, JSON_CONTENT, TEXT_CONTENT)
VALUES (105, 1,
        '{"braftEditorRaw":{"blocks":[{"key":"dtj4a","text":"<个人感觉阿里的贡献远大于腾讯。从阿里的发展来看，一直在引领社会的进步，电商平台的贡献不用多说，物流，移动支付，都是阿里带给我们的，后面的阿里云，即将发力的物联网，都与我们息息相关。同类的某东完全不一样，我们用某东最多的是什么？自营！对，就是自营，理论上他只是一个超级大的仓库，那么阿里呢？起家的c2c业务对农村和城市就业以及物流的贡献……不用多说了，多少人的饭碗。再来说腾讯，当然也有价值。腾讯的核心是什么？社交链！那么我们需要社交嘛？当然需要，这就是他最大的价值。但是，社交本身是不盈利的，理论上它只是一个巨大的流量池，他一定会把流量引流到他需要盈利的地方，这就是所有腾讯系企业需要腾讯的原因。那腾讯系企业有价值吗？也有。但是和腾讯没有关系，财务投资人谁都会当。本质上不过是个流量变现而已>","type":"unstyled","depth":0,"inlineStyleRanges":[],"entityRanges":[],"data":{}}],"entityMap":{}},"previewText":"<在此填入你的文字>","resourceIdList":[]}',
        '个人感觉阿里的贡献远大于腾讯。从阿里的发展来看，一直在引领社会的进步，电商平台的贡献不用多说，物流，移动支付，都是阿里带给我们的，后面的阿里云，即将发力的物联网，都与我们息息相关。同类的某东完全不一样，我们用某东最多的是什么？自营！对，就是自营，理论上他只是一个超级大的仓库，那么阿里呢？起家的c2c业务对农村和城市就业以及物流的贡献……不用多说了，多少人的饭碗。再来说腾讯，当然也有价值。腾讯的核心是什么？社交链！那么我们需要社交嘛？当然需要，这就是他最大的价值。但是，社交本身是不盈利的，理论上它只是一个巨大的流量池，他一定会把流量引流到他需要盈利的地方，这就是所有腾讯系企业需要腾讯的原因。那腾讯系企业有价值吗？也有。但是和腾讯没有关系，财务投资人谁都会当。本质上不过是个流量变现而已');
INSERT INTO youthchina.COM_RICH_TEXT (TEXT_ID, COMPILE_TYPE, JSON_CONTENT, TEXT_CONTENT)
VALUES (106, 1,
        '{"braftEditorRaw":{"blocks":[{"key":"dtj4a","text":"<在软件行业，操作系统平台就是那个八，其他的应用软件就是那个二。微软已经踩到了一次狗屎运，得到了软件行业80%的利润，现在，他所需要做的，就是保持住这个地位。但技术不是静止不动的，不断有新的技术生长出来，在成千上万种技术中，有一种会长成参天大树，利润无比丰厚，取代原来的技术平台，成为新的主流趋势。到了今天，微软在互联网时代江河日下，谷歌和facebook大肆收购，花上百亿美元去买下新兴的技术，为的是什么？就是在押宝呀。技术在不断向前升级，哪一个方向才是未来的主流趋势呢？没有人知道。对于腾讯来说，也是一样的。小马哥每天都在为这件事情而焦虑。截至目前，在国内，押中两次宝的就只有腾讯和阿里。阿里押中了淘宝和支付宝，腾讯押中了QQ和微信。在移动互联网时代，腾讯可以稍稍松一口气了，但是在下一个主流技术趋势到来的时候，还有这个好运气么？>","type":"unstyled","depth":0,"inlineStyleRanges":[],"entityRanges":[],"data":{}}],"entityMap":{}},"previewText":"<在此填入你的文字>","resourceIdList":[]}',
        '在软件行业，操作系统平台就是那个八，其他的应用软件就是那个二。微软已经踩到了一次狗屎运，得到了软件行业80%的利润，现在，他所需要做的，就是保持住这个地位。但技术不是静止不动的，不断有新的技术生长出来，在成千上万种技术中，有一种会长成参天大树，利润无比丰厚，取代原来的技术平台，成为新的主流趋势。到了今天，微软在互联网时代江河日下，谷歌和facebook大肆收购，花上百亿美元去买下新兴的技术，为的是什么？就是在押宝呀。技术在不断向前升级，哪一个方向才是未来的主流趋势呢？没有人知道。对于腾讯来说，也是一样的。小马哥每天都在为这件事情而焦虑。截至目前，在国内，押中两次宝的就只有腾讯和阿里。阿里押中了淘宝和支付宝，腾讯押中了QQ和微信。在移动互联网时代，腾讯可以稍稍松一口气了，但是在下一个主流技术趋势到来的时候，还有这个好运气么？');
INSERT INTO youthchina.COM_RICH_TEXT (TEXT_ID, COMPILE_TYPE, JSON_CONTENT, TEXT_CONTENT)
VALUES (107, 1,
        '{"braftEditorRaw":{"blocks":[{"key":"dtj4a","text":"<问这个问题的，典型的不了解互联网公司，以为百度就是搜索，阿里就是淘宝，腾讯就是微信QQ。问个问题，楼主认为百度在全球有多少员工？这些人大致都在百度分别干哪些方面的工作？这个事情楼主是否有个概念，如果有概念，那问题的答案就不言自明了。实际上，这些第一代中国互联网公司，不仅仅做了他们的主打产品，还深度参与了中国互联网基础设施的建设，形成和管理培养一支庞大的互联网团队，合作构建了早期生态。举个例子，你看见的手机上的APP中，有多少app内有百度的代码？估计这个比例至少在5成以上。百度在移动领域，提供了很多sdk加速了移动开发，也从中分享了相关用户数据，也贡献了部分开源代码。说到数据这一点，单是百度掌握和存储的中国用户数据，就无法忽视，春节出行数据统计，百度能做，有哪些市场主体能做的比百度更全面翔实？恐怕为数不多。而且这样的数据体量，也不是哪个公司都能存的了的，可以了解下百度阳泉云计算中心。百度这个公司，且不说智能驾驶、人工智能方面的投入和积累，单说人才、美股市值和财报收入，就无法忽视。你可以说百度的搜索产品不行，可以说百度企业文化不好，也可以说百度掉出互联网第一梯队。但质问百度的存在意义，有点太苛刻了吧！中国的互联网公司再不行，也比有些国企效率高吧，也是无数互联网人辛苦加班干出来的。百度作为互联网公司，至少他提供的产品是透明的可选择的，比用特权赚钱或者用骗术赚钱干净多了。你不喜欢百度，搜索360必应随你用；谷歌不进入中国市场，是谷歌自己的决定，dragonfly这个项目在谷歌内部都pass不了。>","type":"unstyled","depth":0,"inlineStyleRanges":[],"entityRanges":[],"data":{}}],"entityMap":{}},"previewText":"<在此填入你的文字>","resourceIdList":[]}',
        '问这个问题的，典型的不了解互联网公司，以为百度就是搜索，阿里就是淘宝，腾讯就是微信QQ。问个问题，楼主认为百度在全球有多少员工？这些人大致都在百度分别干哪些方面的工作？这个事情楼主是否有个概念，如果有概念，那问题的答案就不言自明了。实际上，这些第一代中国互联网公司，不仅仅做了他们的主打产品，还深度参与了中国互联网基础设施的建设，形成和管理培养一支庞大的互联网团队，合作构建了早期生态。举个例子，你看见的手机上的APP中，有多少app内有百度的代码？估计这个比例至少在5成以上。百度在移动领域，提供了很多sdk加速了移动开发，也从中分享了相关用户数据，也贡献了部分开源代码。说到数据这一点，单是百度掌握和存储的中国用户数据，就无法忽视，春节出行数据统计，百度能做，有哪些市场主体能做的比百度更全面翔实？恐怕为数不多。而且这样的数据体量，也不是哪个公司都能存的了的，可以了解下百度阳泉云计算中心。百度这个公司，且不说智能驾驶、人工智能方面的投入和积累，单说人才、美股市值和财报收入，就无法忽视。你可以说百度的搜索产品不行，可以说百度企业文化不好，也可以说百度掉出互联网第一梯队。但质问百度的存在意义，有点太苛刻了吧！中国的互联网公司再不行，也比有些国企效率高吧，也是无数互联网人辛苦加班干出来的。百度作为互联网公司，至少他提供的产品是透明的可选择的，比用特权赚钱或者用骗术赚钱干净多了。你不喜欢百度，搜索360必应随你用；谷歌不进入中国市场，是谷歌自己的决定，dragonfly这个项目在谷歌内部都pass不了。');
INSERT INTO youthchina.COM_RICH_TEXT (TEXT_ID, COMPILE_TYPE, JSON_CONTENT, TEXT_CONTENT)
VALUES (108, 1,
        '{"braftEditorRaw":{"blocks":[{"key":"dtj4a","text":"<百度：说一下理由吧，我觉得这个公司价值观就有问题，行事处理一副用户祖宗的做派。身为借着红利起来的大公司，毫无社会责任感。出了魏则西以后，连个道歉都没有(发个内部信不算道歉)。出事后曾经把医疗竞价排名撤了，没过多久又回来了。关乎人命，还执迷不悟，可恶之至！>","type":"unstyled","depth":0,"inlineStyleRanges":[],"entityRanges":[],"data":{}}],"entityMap":{}},"previewText":"<在此填入你的文字>","resourceIdList":[]}',
        '百度：说一下理由吧，我觉得这个公司价值观就有问题，行事处理一副用户祖宗的做派。身为借着红利起来的大公司，毫无社会责任感。出了魏则西以后，连个道歉都没有(发个内部信不算道歉)。出事后曾经把医疗竞价排名撤了，没过多久又回来了。关乎人命，还执迷不悟，可恶之至！');
INSERT INTO youthchina.COM_RICH_TEXT (TEXT_ID, COMPILE_TYPE, JSON_CONTENT, TEXT_CONTENT)
VALUES (109, 1,
        '{"braftEditorRaw":{"blocks":[{"key":"dtj4a","text":"<— —这是百度最后的背水一战，但我并不乐观2018年的某一天，当我想找个地方周末去玩一下时，我打开了微信，点开了专做宁波同城游的一个公众号，很轻松的报名参团。那一瞬间，我突然明白了很多，我以前没有想清楚的问题百度这些年，为什么一意孤行的越来越封闭，为什么顶着大家的一片骂名，被从里到外的批评也毫无改观。为什么换了那么多高管，硅谷大牛，新锐青年，也没有解决问题为什么喊了那么多的狼性，野性，兽性，都没有挽回颓势为什么百度不好好的做搜索引擎？这么一个简单的问题背后非不为也，而是不能也百度的信息之海，已经从根本上枯竭了，百度没有能力，也没有机会去抓取到优质的信息了。最简单的例子，当你第一次搜索到淘宝，美团，去哪儿，当你知道这里拥有你想要的一切，你便再没有动机，跑去百度上搜索，哪里衣服好看，哪家店好吃了电商，美食，旅游这些商业化程度最高，搜索最频繁，最容易赚钱的领域，早早的都脱离百度自成一体了。其次，这些年来，大家对搜索引擎的商业模式，都存在一个误判人们常常称百度为互联网时代，信息高速公路上的收费站，搜索引擎坐在那里就能收钱但实际上，现实中的收费站你去要交钱，回来也要交钱，日复一日的每天路过都能收你的钱而百度，实际上往往只能收一次：所谓信息，只有当你第一次接触到时，才是信息后面，可能就会成为日常的服务了，这些频繁的服务，是可以支撑用户绕过你百度的收费站的。大量的信息在新时代变成了服务。百度将自己的未来押在了AI赛道，他认为未来需要强有力的AI来处理海量的信息。>","type":"unstyled","depth":0,"inlineStyleRanges":[],"entityRanges":[],"data":{}}],"entityMap":{}},"previewText":"<在此填入你的文字>","resourceIdList":[]}',
        '— —这是百度最后的背水一战，但我并不乐观2018年的某一天，当我想找个地方周末去玩一下时，我打开了微信，点开了专做宁波同城游的一个公众号，很轻松的报名参团。那一瞬间，我突然明白了很多，我以前没有想清楚的问题百度这些年，为什么一意孤行的越来越封闭，为什么顶着大家的一片骂名，被从里到外的批评也毫无改观。为什么换了那么多高管，硅谷大牛，新锐青年，也没有解决问题为什么喊了那么多的狼性，野性，兽性，都没有挽回颓势为什么百度不好好的做搜索引擎？这么一个简单的问题背后非不为也，而是不能也百度的信息之海，已经从根本上枯竭了，百度没有能力，也没有机会去抓取到优质的信息了。最简单的例子，当你第一次搜索到淘宝，美团，去哪儿，当你知道这里拥有你想要的一切，你便再没有动机，跑去百度上搜索，哪里衣服好看，哪家店好吃了电商，美食，旅游这些商业化程度最高，搜索最频繁，最容易赚钱的领域，早早的都脱离百度自成一体了。其次，这些年来，大家对搜索引擎的商业模式，都存在一个误判人们常常称百度为互联网时代，信息高速公路上的收费站，搜索引擎坐在那里就能收钱但实际上，现实中的收费站你去要交钱，回来也要交钱，日复一日的每天路过都能收你的钱而百度，实际上往往只能收一次：所谓信息，只有当你第一次接触到时，才是信息后面，可能就会成为日常的服务了，这些频繁的服务，是可以支撑用户绕过你百度的收费站的。大量的信息在新时代变成了服务。百度将自己的未来押在了AI赛道，他认为未来需要强有力的AI来处理海量的信息。');
INSERT INTO youthchina.COM_RICH_TEXT (TEXT_ID, COMPILE_TYPE, JSON_CONTENT, TEXT_CONTENT)
VALUES (110, 1,
        '{"braftEditorRaw":{"blocks":[{"key":"dtj4a","text":"<北京时间2月20日消息，百度及其去年分拆出来的流媒体视频网站爱奇艺将在周四盘后公布第四季度业绩。对于爱奇艺四季度的财报，分析师预计，该公司本季度营收将为9.68亿美元，这一预测位于公司此前给出的9.435亿至9.828亿美元的营收目标区间的高端，较去年四季度增长约43%-49%，增长速度远快于百度。值得一提的是，近日有媒体报道，美国证券交易委员会（SEC）的最新数据显示，高瓴资本于去年四季度重仓了爱奇艺，持有爱奇艺240,191,174股A类普通股，占爱奇艺A类股比例为11%。截至2018年底，高瓴资本在美的前五大重仓股分别是：百济神州、爱奇艺、京东、恩斯塔、阿里巴巴。其中，爱奇艺为高瓴资本第二大重仓股。此外，在业绩方面，爱奇艺会员规模不断扩大，截止到2018年9月，爱奇艺的会员数量达到8070万，同比增长89%，单季度增长1350万。作为控股股东，爱奇艺的亮眼数据也为百度带来了荣光。然而，明亮背后的阴霾才最触目惊心，纵观百度近年来在资本市场的布局，不惜下重本“买买买”背后，收获的更多的却是迷茫与尴尬。事实上，自上市以来，百度收购的大部分公司，不幸则被玩死，幸则半死不活。投中网就从中选取了十二家具有代表性的案例，从表面上的“苟活”或“死亡”入手，透析“百度爸爸”内心的跌宕起伏。http://Hao123.com2004年8月，百度宣称以5000万元收购国内最大网址站http://Hao123.com，实际收购金额仅为1000万元。此次收购后，“导航网站之父”李兴平，一夜暴富。而这场交易在当时饱受争议，矛盾点无非在于“百度为什么要巨资买下hao123，而不是复制一个hao123？”。知乎网友解释颇为合理，“如果当时百度的网址导航正面交锋hao123，作为强龙的百度未必压的了hao123这条地头蛇。就像百度拿现在360的导航没辙一样，天下武功为快不破，各自撑下去对双方都没好处。不管是谁输了，被人记得的总是第一，很少有人了解谁是第二的。最重要的是百度不差钱，能花钱就把风险规避掉，何乐而不为呢，无非是价格问题罢了。”然而，百度的资源并没能夯实住http://Hao123.com的“第一”江湖地位。后来的故事大家都知道了：360、腾讯、搜狗纷纷杀入导航网站，http://Hao123.com的先发优势早已消耗殆尽。天空软件2006年5月，百度以3000万收购天空软件，创下了当时的公司最高价收购记录。据悉，天空软件网站由张鹤创建于2001年，为当时国内最知名的软件下载网站之一，在ALEXA全球网站排名中名列351名，每日页面流量超过数百万。而这次收购，也代表着资本市场风向标的转变。“现在是互联网加速整合的一个高峰。”业内人士评价说，“所不同的是，以前大家收购的是有像Hao123这样有巨大流量的个人网站，而现在，大家抢的是热门软件，以及天空软件这样的软件通道。”但伴随互联网原住民崛起，近年来软件下载市场一直不温不火。遗憾的是，百度也未能为天空软件找到合适的转型方案，任由其慢慢被用户淡忘。天天静听2006年7月，百度收购千千静听。作为红极一时的音乐播放软件鼻祖，千千静听也难逃“百度劫难”。自从被百度收编后，变身百度音乐，后来又被百度甩掉，扔给了太合麦田。点讯输入法2009年10月，百度又将“魔爪”伸向了输入法领域。在收购了点讯输入法的开发公司后，将更名为“百度输入法”，界面也主打其标志性的“百度蓝”。然而最终，故事的结局与http://Hao123.com类似：腾讯、搜狗、360甚至讯飞陆续加入混战，百度输入法的地位之尴尬，恐怕早已无需多言。耀点1002010年5月，百度联合达芙妮投资耀点100。据悉，耀点100是中国第一家真正的网络百货商城，也是百度在B2C电商领域迈出的关键一步。然而，投中网发现，耀点100已于2017年7月28日停止运营，CEO等高管已回台湾，官网已经打不开。“把中国台湾的电商B2C模式直接移植过来用，这不光行不通，也是他们倒闭的直接原因”，业内人士一针见血地指出耀点100的失败，“只可惜苦了上千名供应商，欠款没地方讨。”乐酷天2010年10月，百度B2C心不死，与日本乐天合计出资5000万美元，推出网上商城“乐酷天”（乐天占股51%，百度占股49%）。然而，此站已于2016年4月20日宣布关闭，至此，百度B2C布局正式宣告失败。究其“死因”，可归结为“用户”和“供应链”两个方面。首先，电子的核心是流量和用户，百度在搜索流量向购物流量的转化方面几乎没有建树，同时既要养自己的孩子又要挣其他电商的钱也让百度比较纠结。其次，商务的核心是前台的运营和后台的供应链，乐天在本地化方面做的并不出色，无论从命名到前台表现再到对商家的服务都显得诚意不足。百伯网2011年1月，百度在原百度人才频道的基础之上，投资1亿元，将原“百度人才频道”产品独立成一家公司进行运营，并将其正式改名为“百伯网”。其主要产品是针对于招聘网站进行职位信息和公司招聘信息检索的垂直搜索引擎。无独有偶，百伯网再一次在互联网招聘的“激烈打斗”中败下阵来。随着智联招聘、中华英才网、58招聘等品牌的兴起，百伯网早已失去原有客群，地位鸡肋。番薯网2011年8月，百度收购番薯网40%股份，与中搜在线并列成为最大机构股东。作为当时全球最大的数字图书门户，番薯网可以为百度文库提供更优质的版权资源和更成熟的电子商务平台支持。说到底，李彦宏还是在打“文库变现”的算盘。但天不遂人愿，百度文库的盈利能力却并未因为这场收购而获得显著提升。据业内人士分析，“作为大部分网民寻找资源的首选站点，百度文库一直定位不清晰。加上后续的收费模式，更是流失了很多用户，且内容质量一直上不去。”>","type":"unstyled","depth":0,"inlineStyleRanges":[],"entityRanges":[],"data":{}}],"entityMap":{}},"previewText":"<在此填入你的文字>","resourceIdList":[]}',
        '北京时间2月20日消息，百度及其去年分拆出来的流媒体视频网站爱奇艺将在周四盘后公布第四季度业绩。对于爱奇艺四季度的财报，分析师预计，该公司本季度营收将为9.68亿美元，这一预测位于公司此前给出的9.435亿至9.828亿美元的营收目标区间的高端，较去年四季度增长约43%-49%，增长速度远快于百度。值得一提的是，近日有媒体报道，美国证券交易委员会（SEC）的最新数据显示，高瓴资本于去年四季度重仓了爱奇艺，持有爱奇艺240,191,174股A类普通股，占爱奇艺A类股比例为11%。截至2018年底，高瓴资本在美的前五大重仓股分别是：百济神州、爱奇艺、京东、恩斯塔、阿里巴巴。其中，爱奇艺为高瓴资本第二大重仓股。此外，在业绩方面，爱奇艺会员规模不断扩大，截止到2018年9月，爱奇艺的会员数量达到8070万，同比增长89%，单季度增长1350万。作为控股股东，爱奇艺的亮眼数据也为百度带来了荣光。然而，明亮背后的阴霾才最触目惊心，纵观百度近年来在资本市场的布局，不惜下重本“买买买”背后，收获的更多的却是迷茫与尴尬。事实上，自上市以来，百度收购的大部分公司，不幸则被玩死，幸则半死不活。投中网就从中选取了十二家具有代表性的案例，从表面上的“苟活”或“死亡”入手，透析“百度爸爸”内心的跌宕起伏。http://Hao123.com2004年8月，百度宣称以5000万元收购国内最大网址站http://Hao123.com，实际收购金额仅为1000万元。此次收购后，“导航网站之父”李兴平，一夜暴富。而这场交易在当时饱受争议，矛盾点无非在于“百度为什么要巨资买下hao123，而不是复制一个hao123？”。知乎网友解释颇为合理，“如果当时百度的网址导航正面交锋hao123，作为强龙的百度未必压的了hao123这条地头蛇。就像百度拿现在360的导航没辙一样，天下武功为快不破，各自撑下去对双方都没好处。不管是谁输了，被人记得的总是第一，很少有人了解谁是第二的。最重要的是百度不差钱，能花钱就把风险规避掉，何乐而不为呢，无非是价格问题罢了。”然而，百度的资源并没能夯实住http://Hao123.com的“第一”江湖地位。后来的故事大家都知道了：360、腾讯、搜狗纷纷杀入导航网站，http://Hao123.com的先发优势早已消耗殆尽。天空软件2006年5月，百度以3000万收购天空软件，创下了当时的公司最高价收购记录。据悉，天空软件网站由张鹤创建于2001年，为当时国内最知名的软件下载网站之一，在ALEXA全球网站排名中名列351名，每日页面流量超过数百万。而这次收购，也代表着资本市场风向标的转变。“现在是互联网加速整合的一个高峰。”业内人士评价说，“所不同的是，以前大家收购的是有像Hao123这样有巨大流量的个人网站，而现在，大家抢的是热门软件，以及天空软件这样的软件通道。”但伴随互联网原住民崛起，近年来软件下载市场一直不温不火。遗憾的是，百度也未能为天空软件找到合适的转型方案，任由其慢慢被用户淡忘。天天静听2006年7月，百度收购千千静听。作为红极一时的音乐播放软件鼻祖，千千静听也难逃“百度劫难”。自从被百度收编后，变身百度音乐，后来又被百度甩掉，扔给了太合麦田。点讯输入法2009年10月，百度又将“魔爪”伸向了输入法领域。在收购了点讯输入法的开发公司后，将更名为“百度输入法”，界面也主打其标志性的“百度蓝”。然而最终，故事的结局与http://Hao123.com类似：腾讯、搜狗、360甚至讯飞陆续加入混战，百度输入法的地位之尴尬，恐怕早已无需多言。耀点1002010年5月，百度联合达芙妮投资耀点100。据悉，耀点100是中国第一家真正的网络百货商城，也是百度在B2C电商领域迈出的关键一步。然而，投中网发现，耀点100已于2017年7月28日停止运营，CEO等高管已回台湾，官网已经打不开。“把中国台湾的电商B2C模式直接移植过来用，这不光行不通，也是他们倒闭的直接原因”，业内人士一针见血地指出耀点100的失败，“只可惜苦了上千名供应商，欠款没地方讨。”乐酷天2010年10月，百度B2C心不死，与日本乐天合计出资5000万美元，推出网上商城“乐酷天”（乐天占股51%，百度占股49%）。然而，此站已于2016年4月20日宣布关闭，至此，百度B2C布局正式宣告失败。究其“死因”，可归结为“用户”和“供应链”两个方面。首先，电子的核心是流量和用户，百度在搜索流量向购物流量的转化方面几乎没有建树，同时既要养自己的孩子又要挣其他电商的钱也让百度比较纠结。其次，商务的核心是前台的运营和后台的供应链，乐天在本地化方面做的并不出色，无论从命名到前台表现再到对商家的服务都显得诚意不足。百伯网2011年1月，百度在原百度人才频道的基础之上，投资1亿元，将原“百度人才频道”产品独立成一家公司进行运营，并将其正式改名为“百伯网”。其主要产品是针对于招聘网站进行职位信息和公司招聘信息检索的垂直搜索引擎。无独有偶，百伯网再一次在互联网招聘的“激烈打斗”中败下阵来。随着智联招聘、中华英才网、58招聘等品牌的兴起，百伯网早已失去原有客群，地位鸡肋。番薯网2011年8月，百度收购番薯网40%股份，与中搜在线并列成为最大机构股东。作为当时全球最大的数字图书门户，番薯网可以为百度文库提供更优质的版权资源和更成熟的电子商务平台支持。说到底，李彦宏还是在打“文库变现”的算盘。但天不遂人愿，百度文库的盈利能力却并未因为这场收购而获得显著提升。据业内人士分析，“作为大部分网民寻找资源的首选站点，百度文库一直定位不清晰。加上后续的收费模式，更是流失了很多用户，且内容质量一直上不去。”');
INSERT INTO youthchina.COM_RICH_TEXT (TEXT_ID, COMPILE_TYPE, JSON_CONTENT, TEXT_CONTENT)
VALUES (111, 1,
        '{"braftEditorRaw":{"blocks":[{"key":"dtj4a","text":"<我本来不太关心大公司的内部八卦，但是一时好奇看了这位女高管的淘宝店，实在有点坐不住了。别的先不谈，最先给我留下印象的，是这位女高管在文章里多次强调的国际专家哈洽德·阿肖特博士，我不是研究自然科学的，但我知道欧洲人文和自然科学院（简称欧洲科学院）是个挺严肃的机构。如果这位阿肖特博士真的是欧洲科学院院士，他说的话没准可信。于是我按图索骥找到了欧洲科学院官网的院士名单。看了一圈，也没有找到这位阿肖特博士。当然，可能是我看漏了或者翻译有偏差。我采取了最简单的办法，直接去问淘宝店的客服，为什么这位阿肖特博士没有列在欧洲科学院的院士名单里呢？谁知道淘宝店客服给了我一个惊人的答案：这位博士是俄罗斯人。我至今也没想明白，这位阿肖特博士是不是俄罗斯人，和他是不是欧洲科学院的院士有什么关系呢？客服小妹是在考我俄罗斯是不是欧洲国家吗？我后来又追问了客服小妹，但是她应该是看我也没有要买面膜的意思，根本不回复我了。不管他了，至少客服小妹提供了一条新的线索，欧洲科学院的俄罗斯籍院士并不多，看起来方便多了。我又仔细看了一遍，还是没有找到任何能够和哈洽德·阿肖特这个名字沾的上边的人。到这里，我觉得基本能下一个结论：这位所谓的哈洽德·阿肖特博士，并不是欧洲科学院的院士。说实话，我对这位女高管没什么恶感，也对她到底是不是高管、是不是被裁完全不敢兴趣。我只想说，我自己是从事法律行业的，工作中也会固定的帮客户审核化妆品广告。当我们的客户始终谨小慎微、以最严格的标准审查广告的时候，市场上却总有像女高管面膜这样的产品，用基本没有依据的话进行夸张的宣传，拿一些根本名不副实的专家出来背书，一次又一次做着欺诈消费者的事情。这些让遵纪守法者显得像个笑话。>","type":"unstyled","depth":0,"inlineStyleRanges":[],"entityRanges":[],"data":{}}],"entityMap":{}},"previewText":"<在此填入你的文字>","resourceIdList":[]}',
        '我本来不太关心大公司的内部八卦，但是一时好奇看了这位女高管的淘宝店，实在有点坐不住了。别的先不谈，最先给我留下印象的，是这位女高管在文章里多次强调的国际专家哈洽德·阿肖特博士，我不是研究自然科学的，但我知道欧洲人文和自然科学院（简称欧洲科学院）是个挺严肃的机构。如果这位阿肖特博士真的是欧洲科学院院士，他说的话没准可信。于是我按图索骥找到了欧洲科学院官网的院士名单。看了一圈，也没有找到这位阿肖特博士。当然，可能是我看漏了或者翻译有偏差。我采取了最简单的办法，直接去问淘宝店的客服，为什么这位阿肖特博士没有列在欧洲科学院的院士名单里呢？谁知道淘宝店客服给了我一个惊人的答案：这位博士是俄罗斯人。我至今也没想明白，这位阿肖特博士是不是俄罗斯人，和他是不是欧洲科学院的院士有什么关系呢？客服小妹是在考我俄罗斯是不是欧洲国家吗？我后来又追问了客服小妹，但是她应该是看我也没有要买面膜的意思，根本不回复我了。不管他了，至少客服小妹提供了一条新的线索，欧洲科学院的俄罗斯籍院士并不多，看起来方便多了。我又仔细看了一遍，还是没有找到任何能够和哈洽德·阿肖特这个名字沾的上边的人。到这里，我觉得基本能下一个结论：这位所谓的哈洽德·阿肖特博士，并不是欧洲科学院的院士。说实话，我对这位女高管没什么恶感，也对她到底是不是高管、是不是被裁完全不敢兴趣。我只想说，我自己是从事法律行业的，工作中也会固定的帮客户审核化妆品广告。当我们的客户始终谨小慎微、以最严格的标准审查广告的时候，市场上却总有像女高管面膜这样的产品，用基本没有依据的话进行夸张的宣传，拿一些根本名不副实的专家出来背书，一次又一次做着欺诈消费者的事情。这些让遵纪守法者显得像个笑话。');
INSERT INTO youthchina.COM_RICH_TEXT (TEXT_ID, COMPILE_TYPE, JSON_CONTENT, TEXT_CONTENT)
VALUES (112, 1,
        '{"braftEditorRaw":{"blocks":[{"key":"dtj4a","text":"<小孩子才整天说体验，大人们都关注利益。别以为我是抖机灵，举几个栗子：前两年新浪微博火的时候，腾讯举事业群之力，快速模仿出了一个腾讯微博，从功能上说，不管用户体验、还是交互设计、还是你们所说的简洁大气无骚扰等各方面，都全面的超越了新浪微博，可是腾讯微博却还是失败了。他们没有运作媒体网络的基因，把媒体网络当成社交网络来做，产品体验好是没有用的。再来一个栗子，还是腾讯的:腾讯微博挂掉之后，还是这个事业群，做了一个微视，好了，这次还是功能完美，滤镜领先，体验还是典型的腾讯完美体验，大腾讯最不缺的就是产品经理和交互设计师啦。可是，微视走了原来新浪微博运作微博的路子去运作微视，请了一大堆明星每天发视频，期望通过粉丝效应带动，可是微视还是不温不火。而此时，一个带有浓厚的乡土气息的美图秀秀出品的美拍火遍了朋友圈，为啥，美拍街地气啊，微视的明星搔首弄姿关我屁事，美拍的人都是身边的人、认识的人，这才是用户关注的。和自己差不多的普通人都拍出了明星效果，那么，我也赶紧用美拍拍出来秀秀。美拍揣摩和诱导普通用户秀出来，变革了新浪微博此前的缺点，而微视依然在走新浪微博此前“明星掌握了最大的发言权，屁民发声没人看”的老路上。这又是一个接地气的产品逆袭高逼格的产品的例子。这，真不是一个简单的将用户体验提升就能解决的。其实，好的产品切中用户需求后，往往是有原始生命力的，草榴十多年来一直是最土的discuz论坛模板，从未改过交互体验，网址还老是变，每次访问都得千方百计寻找网址。但是因为能解决宅男需求，十几年了，一直是第一名。而如果没能切中用户需求，体验再好也没用。当然，腾讯也有做得非常成功的互联网类目，阿里巴巴在社交网络上被腾讯虐得不轻。腾讯的微信崛起之后，看到微信进入支付、O2O、电商等市场，逐渐蚕食阿里巴巴的市场份额，阿里巴巴紧张了，推出了一个“来往”。 实际上，在微信已经完成用户沉淀之后，微信和来往的网络价值、网络效应并不是简单的线性倍数关系。微信有1000万用户，来往有100万用户的时候，它们之间的价值不是10倍，而是相差100倍；微信有1亿用户，来往有1000万用户的时候，它们之间的价值更不是10倍，而是相差100000倍以上。这就是互联网规模的指数效应。这个效应构建起的竞争壁垒才是腾讯的核心，而不是简单的表层体验。这个时候，微信已完成移动社交的用户圈地，任凭来往再怎么把用户体验做好、做极致、无骚扰，甚至不惜让阿里巴巴员工强推，都很难泛起一丝涟漪。所以你们看到了，体验优秀只是取胜的一个基本要素，并不是取胜的唯一砝码，微信取胜取决于深厚的社交关系沉淀、先发优势等各方面综合发力。 大人们都更关注如何切中用户需求、维持快速增长、构建牢不可破的竞争壁垒。把用户需求切中了，用户体验并不难，你可以看到体验一步步的变好。而如果后面的一整套思路不正确，轮不到前面的小产品经理们谈用户体验，产品就已经挂掉了。用户体验可以逐步优化，并且这也是一个非常主观的用词，体验需要结合用户群体构成客观的去看待。再来一个浏览器的例子，谷歌chrome浏览器的极简设计被很多IT男、很多刚入门的产品经理奉为天下浏览器的体验设计标杆。可是，在电脑小白、二三线城市等很多普通用户眼里，chrome的极简体验正是被他们所唾弃的。这类普通用户在大范围的使用你们所认为的体验糟糕、土的掉渣的360浏览器。谷歌的chrome在他们眼里，没有网址导航、不知道该如何装网银插件、没有撤销按键、历史记录不知道在哪。而相反，土得掉渣的360浏览器虽然臃肿，不美观，但是却给了他们完美的一切，不仅有完善的网址导航、网银和支付宝的安全插件都设了专区指引你半自动的安装，关闭了的网页标签会动态的告诉你进了一个垃圾桶、可以很便捷的换肤，傻瓜都会用。360浏览器在大陆的市场份额大的惊人，如果我没记错，超过了30%，是大陆第一大PC浏览器厂商。模仿淘宝的腾讯拍拍，除了淘宝的先发优势，未能建立完整的电商生态和未能摸索出适应电商发展的运营方式是拍拍失败的根本原因。电商平台不只是把前端页面的用户体验做好这么简单，需要扶植卖家、需要打通卖家货源生态、建立有利于卖家成长的竞价规则、保障消费者的信誉规则、支付保障等上下游所有链条。这些拍拍没能做到完美，用淘宝的方式打淘宝，显而易见是会失败的实际上，体验是一个涵盖了整个产品形态中的所有链条的泛概念，需要将产品放在用户群体构成、以及整个业务形态中整体的看。当然，这样回答，并不是说体验不重要。我只是想说，体验没那么简单。产品经理需要拥有很高的产品设计、用户体验感知能力，不过遗憾的是，在很多产品相关的网站和博客，你会发现讨论和分享的绝大多数都是围绕体验和交互设计相关的内容，这个怪像容易让初级产品经理陷入泥潭，会造成产品整体感觉丧失。初级产品经理最容易犯的错误是把太多的时间抠在产品的设计细节上。说具体些，就是把产品的交互设计和UI设计看的太重，几乎大部分的时间都花在axure原型图的设计上了，而忽视了理解钻研用户需求、公司策略等本身应该重点考虑的地方。把体验做好是产品经理该做的基本功，做好了只能给59分。切中用户需求，帮助用户解决问题，能构建核心竞争壁垒才是核心能力。>","type":"unstyled","depth":0,"inlineStyleRanges":[],"entityRanges":[],"data":{}}],"entityMap":{}},"previewText":"<在此填入你的文字>","resourceIdList":[]}',
        '小孩子才整天说体验，大人们都关注利益。别以为我是抖机灵，举几个栗子：前两年新浪微博火的时候，腾讯举事业群之力，快速模仿出了一个腾讯微博，从功能上说，不管用户体验、还是交互设计、还是你们所说的简洁大气无骚扰等各方面，都全面的超越了新浪微博，可是腾讯微博却还是失败了。他们没有运作媒体网络的基因，把媒体网络当成社交网络来做，产品体验好是没有用的。再来一个栗子，还是腾讯的:腾讯微博挂掉之后，还是这个事业群，做了一个微视，好了，这次还是功能完美，滤镜领先，体验还是典型的腾讯完美体验，大腾讯最不缺的就是产品经理和交互设计师啦。可是，微视走了原来新浪微博运作微博的路子去运作微视，请了一大堆明星每天发视频，期望通过粉丝效应带动，可是微视还是不温不火。而此时，一个带有浓厚的乡土气息的美图秀秀出品的美拍火遍了朋友圈，为啥，美拍街地气啊，微视的明星搔首弄姿关我屁事，美拍的人都是身边的人、认识的人，这才是用户关注的。和自己差不多的普通人都拍出了明星效果，那么，我也赶紧用美拍拍出来秀秀。美拍揣摩和诱导普通用户秀出来，变革了新浪微博此前的缺点，而微视依然在走新浪微博此前“明星掌握了最大的发言权，屁民发声没人看”的老路上。这又是一个接地气的产品逆袭高逼格的产品的例子。这，真不是一个简单的将用户体验提升就能解决的。其实，好的产品切中用户需求后，往往是有原始生命力的，草榴十多年来一直是最土的discuz论坛模板，从未改过交互体验，网址还老是变，每次访问都得千方百计寻找网址。但是因为能解决宅男需求，十几年了，一直是第一名。而如果没能切中用户需求，体验再好也没用。当然，腾讯也有做得非常成功的互联网类目，阿里巴巴在社交网络上被腾讯虐得不轻。腾讯的微信崛起之后，看到微信进入支付、O2O、电商等市场，逐渐蚕食阿里巴巴的市场份额，阿里巴巴紧张了，推出了一个“来往”。 实际上，在微信已经完成用户沉淀之后，微信和来往的网络价值、网络效应并不是简单的线性倍数关系。微信有1000万用户，来往有100万用户的时候，它们之间的价值不是10倍，而是相差100倍；微信有1亿用户，来往有1000万用户的时候，它们之间的价值更不是10倍，而是相差100000倍以上。这就是互联网规模的指数效应。这个效应构建起的竞争壁垒才是腾讯的核心，而不是简单的表层体验。这个时候，微信已完成移动社交的用户圈地，任凭来往再怎么把用户体验做好、做极致、无骚扰，甚至不惜让阿里巴巴员工强推，都很难泛起一丝涟漪。所以你们看到了，体验优秀只是取胜的一个基本要素，并不是取胜的唯一砝码，微信取胜取决于深厚的社交关系沉淀、先发优势等各方面综合发力。 大人们都更关注如何切中用户需求、维持快速增长、构建牢不可破的竞争壁垒。把用户需求切中了，用户体验并不难，你可以看到体验一步步的变好。而如果后面的一整套思路不正确，轮不到前面的小产品经理们谈用户体验，产品就已经挂掉了。用户体验可以逐步优化，并且这也是一个非常主观的用词，体验需要结合用户群体构成客观的去看待。再来一个浏览器的例子，谷歌chrome浏览器的极简设计被很多IT男、很多刚入门的产品经理奉为天下浏览器的体验设计标杆。可是，在电脑小白、二三线城市等很多普通用户眼里，chrome的极简体验正是被他们所唾弃的。这类普通用户在大范围的使用你们所认为的体验糟糕、土的掉渣的360浏览器。谷歌的chrome在他们眼里，没有网址导航、不知道该如何装网银插件、没有撤销按键、历史记录不知道在哪。而相反，土得掉渣的360浏览器虽然臃肿，不美观，但是却给了他们完美的一切，不仅有完善的网址导航、网银和支付宝的安全插件都设了专区指引你半自动的安装，关闭了的网页标签会动态的告诉你进了一个垃圾桶、可以很便捷的换肤，傻瓜都会用。360浏览器在大陆的市场份额大的惊人，如果我没记错，超过了30%，是大陆第一大PC浏览器厂商。模仿淘宝的腾讯拍拍，除了淘宝的先发优势，未能建立完整的电商生态和未能摸索出适应电商发展的运营方式是拍拍失败的根本原因。电商平台不只是把前端页面的用户体验做好这么简单，需要扶植卖家、需要打通卖家货源生态、建立有利于卖家成长的竞价规则、保障消费者的信誉规则、支付保障等上下游所有链条。这些拍拍没能做到完美，用淘宝的方式打淘宝，显而易见是会失败的实际上，体验是一个涵盖了整个产品形态中的所有链条的泛概念，需要将产品放在用户群体构成、以及整个业务形态中整体的看。当然，这样回答，并不是说体验不重要。我只是想说，体验没那么简单。产品经理需要拥有很高的产品设计、用户体验感知能力，不过遗憾的是，在很多产品相关的网站和博客，你会发现讨论和分享的绝大多数都是围绕体验和交互设计相关的内容，这个怪像容易让初级产品经理陷入泥潭，会造成产品整体感觉丧失。初级产品经理最容易犯的错误是把太多的时间抠在产品的设计细节上。说具体些，就是把产品的交互设计和UI设计看的太重，几乎大部分的时间都花在axure原型图的设计上了，而忽视了理解钻研用户需求、公司策略等本身应该重点考虑的地方。把体验做好是产品经理该做的基本功，做好了只能给59分。切中用户需求，帮助用户解决问题，能构建核心竞争壁垒才是核心能力。');
INSERT INTO youthchina.COM_RICH_TEXT (TEXT_ID, COMPILE_TYPE, JSON_CONTENT, TEXT_CONTENT)
VALUES (113, 1,
        '{"braftEditorRaw":{"blocks":[{"key":"dtj4a","text":"<说的非常有道理，BAT三家里大概只有马云—阿里的联系是如此紧密的。说起腾讯，在马化腾之前，人们首先想到的或许是游戏，是微信，是社交。说起百度，在李彦宏之前，人们首先想到的是搜索引擎，是广告竞价。唯独提起阿里巴巴，人们首先想的是马云。如同BT两家创始人一样，马云创立了阿里，但是马云却是三人中唯一一个把自己的灵魂世界注入到这家公司里的。店小二，花名体系，各种武侠风格命名的办公室，达摩院/罗汉堂.....阿里这浓郁的武侠风格是喜欢风清扬的马云内心世界最直接的投射。没人会否认马云是阿里的灵魂，但是不要忘了，当阿里依靠的只是马云一个人时，那马云就是阿里最大的软肋。 >","type":"unstyled","depth":0,"inlineStyleRanges":[],"entityRanges":[],"data":{}}],"entityMap":{}},"previewText":"<在此填入你的文字>","resourceIdList":[]}',
        '说的非常有道理，BAT三家里大概只有马云—阿里的联系是如此紧密的。说起腾讯，在马化腾之前，人们首先想到的或许是游戏，是微信，是社交。说起百度，在李彦宏之前，人们首先想到的是搜索引擎，是广告竞价。唯独提起阿里巴巴，人们首先想的是马云。如同BT两家创始人一样，马云创立了阿里，但是马云却是三人中唯一一个把自己的灵魂世界注入到这家公司里的。店小二，花名体系，各种武侠风格命名的办公室，达摩院/罗汉堂.....阿里这浓郁的武侠风格是喜欢风清扬的马云内心世界最直接的投射。没人会否认马云是阿里的灵魂，但是不要忘了，当阿里依靠的只是马云一个人时，那马云就是阿里最大的软肋。');
INSERT INTO youthchina.COM_RICH_TEXT (TEXT_ID, COMPILE_TYPE, JSON_CONTENT, TEXT_CONTENT)
VALUES (114, 1,
        '{"braftEditorRaw":{"blocks":[{"key":"dtj4a","text":"<研究生强答一波，阿里和腾讯都拿到了校招offer，除此之外也拿了百度头条网易滴滴亚马逊。我本科不是计算机专业的，所以主要也是在研究生两年多的时间里进行研发方向的学习，相信有很多经验和适用于本科生。写在最前我写过很多篇秋招总结，这篇文章应该是最后一篇总结，当然也是最完整，最详细的一篇总结。秋招是我人生中一段宝贵的经历，不仅是我研究生生涯交出的一份答卷，也是未来职业生涯的开端。仅以此文，献给自己，以及各位在求职路上的，或者是已经经历过校招的朋友们。不忘初心，方得始终。前言在下本是跨专业渣考研的985渣硕一枚，经历研究生两年的学习积累，有幸于2019秋季招聘中拿到几个公司的研发岗offer，包括百度，阿里，腾讯，今日头条，网易，华为等。（在秋招末期，有幸又拿到了滴滴和亚马逊的offer，那时已经11月份了，所以之前的文章里都没有提到过）如果你是Java方向的同学，那么我强烈推荐你关注公众号【Java技术江湖】本号致力于分享Java后端技术文章，分享我两年的Java学习心得，以及未来在阿里的点滴。关注公众号后回复“资料”即可领取3T免费学习资源（包括Java、C++、前端、移动端、算法、大数据等方向）一路走来也遇到很多困难，也踩了很多坑，同时我自己也探索了很多的学习方法，总结了很多心得体会，并且，我对校园招聘也做了一些研究和相应的准备。在今年的秋季招聘结束以后，我也决定把这些东西全部都写成文字，做成专题，以便分享给更多未来将要参加校招的同学。大学时期的迷茫与坚定我的本科专业是电子信息工程，基本没有接触过计算机专业的课程，只学过c语言，然后在大三的时候接触过java，Android，以及前端开发。这时候我只是一个刚刚入门的菜鸟，还不知道软件开发的水有多深，抱着试一试的态度去应聘了很多公司。结果可想而知，连简历筛选都没有通过。当年我对游戏开发很有兴趣，特别是对网易游戏情有独钟，但是当我看到网易游戏研发工程师的招聘要求时，我只能望而却步，因为它要求学历至少是985的硕士。也因为这个契机，我在大三的暑假开始准备考研，花了一个月的时间深思熟虑之后，选择了华科作为我的目标院校。于是，2016年的下半年，我成为了“两耳不闻窗外事，一心只读圣贤书”的考研党，回想起来那确实是玩命学习的半年时间，每天稳定泡在图书馆8个小时以上，有时候学到宿舍都能学到晚上12点，那时候感觉自己完全变了一个人似的，可能当一个人为了某个目标而努力时，真的会变得不一样。最终我顺利地考上了，令我意外的是，成绩还挺不错。研究生时期的方向选择对于即将读研的同学来说，一般有两件事很重要，一件事是选择导师，一件事是选择方向。我在刚读研的时候最头疼的也是这两件事情。首先说明一下，我读的是专硕，所以实验室一般不搞科研，有部分导师会带项目，由于我不打算在实验室做项目（因为我更希望去大公司里锻炼几年），所以我当时本着想要找实习的想法选择了导师，事实证明我的选择还是很正确的，我在研二有大段时间去参加实习，让我在大厂里有足够的时间去锻炼和学习。而选择方向这件事，我倒是折腾了好久。研一期间我做的最多的事情就是看书了，当时自己的方向还不明确，所以找了很多书来看。当别人都在专研数据挖掘和机器学习时，我还在各种方向之间摇摆不定。我在读研之前想做游戏开发和Android开发，但我以前也学过Java Web开发。于是我在网上了解对应方向的资讯，发现游戏研发的就业面比较窄。最后，我综合公司的岗位情况，个人兴趣，以及我之前的学习经历等因素，选定了Java开发方向。于是，我在学校的实训项目中选择了Java Web项目，从此也真正意义上地踏上了Java的学习之路。笨鸟先飞，勤能补拙尽管我的入学成绩是全学院的top3，但是，我发现，作为非科班出身的我，和很多科班同学相比，还是有一定差距的。大部分同学本科都上过计算机专业的相关课程，比如计算机网络，操作系统，数据结构等等，而我以前连听都没听过，除此之外，他们一般都会几段比较完整的项目经验，至少在Java Web方面已经算是比较熟悉了。而我在当时，只学了数据结构，另外接触过一些Java基础，有一部分项目经验，基本上就是入门水平。于是我痛定思痛，决定好好弥补我的不足，平时一有空就去图书馆找些书来看，不论是操作系统，计算机网络，还是数据库等本科课程，我都会找一些对应的书籍来看，当时不太清楚其实有些课程其实不需要特地去补，以至于我连计算机组成原理，编译原理，软件测试等方面的书都特地找来看，现在想想也是挺逗比的。由于我们上的课比较水，所以上课时间反而变成了我自学基础课程的大好时光了。所以我平时上课的时候都会带两三本书，一到两周内看完一本，虽然可能吸收的不是特别好，但是对当时的我来说还是有很大帮助的。除此之外，有时候我还会偷偷去旁听有一些本科生的课程，这也是因为我在自学一些课程的时候遇到了困难，比如《操作系统》，《数据库原理》等等。>","type":"unstyled","depth":0,"inlineStyleRanges":[],"entityRanges":[],"data":{}}],"entityMap":{}},"previewText":"<在此填入你的文字>","resourceIdList":[]}',
        '研究生强答一波，阿里和腾讯都拿到了校招offer，除此之外也拿了百度头条网易滴滴亚马逊。我本科不是计算机专业的，所以主要也是在研究生两年多的时间里进行研发方向的学习，相信有很多经验和适用于本科生。写在最前我写过很多篇秋招总结，这篇文章应该是最后一篇总结，当然也是最完整，最详细的一篇总结。秋招是我人生中一段宝贵的经历，不仅是我研究生生涯交出的一份答卷，也是未来职业生涯的开端。仅以此文，献给自己，以及各位在求职路上的，或者是已经经历过校招的朋友们。不忘初心，方得始终。前言在下本是跨专业渣考研的985渣硕一枚，经历研究生两年的学习积累，有幸于2019秋季招聘中拿到几个公司的研发岗offer，包括百度，阿里，腾讯，今日头条，网易，华为等。（在秋招末期，有幸又拿到了滴滴和亚马逊的offer，那时已经11月份了，所以之前的文章里都没有提到过）如果你是Java方向的同学，那么我强烈推荐你关注公众号【Java技术江湖】本号致力于分享Java后端技术文章，分享我两年的Java学习心得，以及未来在阿里的点滴。关注公众号后回复“资料”即可领取3T免费学习资源（包括Java、C++、前端、移动端、算法、大数据等方向）一路走来也遇到很多困难，也踩了很多坑，同时我自己也探索了很多的学习方法，总结了很多心得体会，并且，我对校园招聘也做了一些研究和相应的准备。在今年的秋季招聘结束以后，我也决定把这些东西全部都写成文字，做成专题，以便分享给更多未来将要参加校招的同学。大学时期的迷茫与坚定我的本科专业是电子信息工程，基本没有接触过计算机专业的课程，只学过c语言，然后在大三的时候接触过java，Android，以及前端开发。这时候我只是一个刚刚入门的菜鸟，还不知道软件开发的水有多深，抱着试一试的态度去应聘了很多公司。结果可想而知，连简历筛选都没有通过。当年我对游戏开发很有兴趣，特别是对网易游戏情有独钟，但是当我看到网易游戏研发工程师的招聘要求时，我只能望而却步，因为它要求学历至少是985的硕士。也因为这个契机，我在大三的暑假开始准备考研，花了一个月的时间深思熟虑之后，选择了华科作为我的目标院校。于是，2016年的下半年，我成为了“两耳不闻窗外事，一心只读圣贤书”的考研党，回想起来那确实是玩命学习的半年时间，每天稳定泡在图书馆8个小时以上，有时候学到宿舍都能学到晚上12点，那时候感觉自己完全变了一个人似的，可能当一个人为了某个目标而努力时，真的会变得不一样。最终我顺利地考上了，令我意外的是，成绩还挺不错。研究生时期的方向选择对于即将读研的同学来说，一般有两件事很重要，一件事是选择导师，一件事是选择方向。我在刚读研的时候最头疼的也是这两件事情。首先说明一下，我读的是专硕，所以实验室一般不搞科研，有部分导师会带项目，由于我不打算在实验室做项目（因为我更希望去大公司里锻炼几年），所以我当时本着想要找实习的想法选择了导师，事实证明我的选择还是很正确的，我在研二有大段时间去参加实习，让我在大厂里有足够的时间去锻炼和学习。而选择方向这件事，我倒是折腾了好久。研一期间我做的最多的事情就是看书了，当时自己的方向还不明确，所以找了很多书来看。当别人都在专研数据挖掘和机器学习时，我还在各种方向之间摇摆不定。我在读研之前想做游戏开发和Android开发，但我以前也学过Java Web开发。于是我在网上了解对应方向的资讯，发现游戏研发的就业面比较窄。最后，我综合公司的岗位情况，个人兴趣，以及我之前的学习经历等因素，选定了Java开发方向。于是，我在学校的实训项目中选择了Java Web项目，从此也真正意义上地踏上了Java的学习之路。笨鸟先飞，勤能补拙尽管我的入学成绩是全学院的top3，但是，我发现，作为非科班出身的我，和很多科班同学相比，还是有一定差距的。大部分同学本科都上过计算机专业的相关课程，比如计算机网络，操作系统，数据结构等等，而我以前连听都没听过，除此之外，他们一般都会几段比较完整的项目经验，至少在Java Web方面已经算是比较熟悉了。而我在当时，只学了数据结构，另外接触过一些Java基础，有一部分项目经验，基本上就是入门水平。于是我痛定思痛，决定好好弥补我的不足，平时一有空就去图书馆找些书来看，不论是操作系统，计算机网络，还是数据库等本科课程，我都会找一些对应的书籍来看，当时不太清楚其实有些课程其实不需要特地去补，以至于我连计算机组成原理，编译原理，软件测试等方面的书都特地找来看，现在想想也是挺逗比的。由于我们上的课比较水，所以上课时间反而变成了我自学基础课程的大好时光了。所以我平时上课的时候都会带两三本书，一到两周内看完一本，虽然可能吸收的不是特别好，但是对当时的我来说还是有很大帮助的。除此之外，有时候我还会偷偷去旁听有一些本科生的课程，这也是因为我在自学一些课程的时候遇到了困难，比如《操作系统》，《数据库原理》等等。');
INSERT INTO youthchina.COM_RICH_TEXT (TEXT_ID, COMPILE_TYPE, JSON_CONTENT, TEXT_CONTENT)
VALUES (115, 1,
        '{"braftEditorRaw":{"blocks":[{"key":"dtj4a","text":"<频繁变化组织架构是好事，反官僚，反派系。不变的是变化，在中国最有望成为百年企业的公司里，庆幸他们贯彻这种思路，不停的盘动变化增加活力，是我们众多用户的幸运。为什么是幸运？都知道网易、腾讯等公司的产品通常以匠心为精神，以用户价值为导向以博取市场。阿里的成功则在于公器精神，以公心和格局观取天下。阿里的管理层是最有热情兼济天下之心去做行业的革新，以这样的格局观对社会和全产业链进行思考。所以公心。这样的企业价值观再赋予现代化的组织和管理，成为百年企业的概率大大提高，那么它就会一直为这个时代、这个社会创造价值>","type":"unstyled","depth":0,"inlineStyleRanges":[],"entityRanges":[],"data":{}}],"entityMap":{}},"previewText":"<在此填入你的文字>","resourceIdList":[]}',
        '频繁变化组织架构是好事，反官僚，反派系。不变的是变化，在中国最有望成为百年企业的公司里，庆幸他们贯彻这种思路，不停的盘动变化增加活力，是我们众多用户的幸运。为什么是幸运？都知道网易、腾讯等公司的产品通常以匠心为精神，以用户价值为导向以博取市场。阿里的成功则在于公器精神，以公心和格局观取天下。阿里的管理层是最有热情兼济天下之心去做行业的革新，以这样的格局观对社会和全产业链进行思考。所以公心。这样的企业价值观再赋予现代化的组织和管理，成为百年企业的概率大大提高，那么它就会一直为这个时代、这个社会创造价值');
INSERT INTO youthchina.COM_RICH_TEXT (TEXT_ID, COMPILE_TYPE, JSON_CONTENT, TEXT_CONTENT)
VALUES (116, 1,
        '{"braftEditorRaw":{"blocks":[{"key":"dtj4a","text":"<算是跟BAT三家的车联网相关事业部都有过长期亲密接触，匿名来说些不算内幕的内幕。这三家的车联网进程，看时间轴就很清楚了：阿里选择了从操作系统切入，2010年开始做，2014年聚焦到车上并命名为AliOS；百度无人驾驶车项目于2013年起步，由百度研究院主导研发，称其技术核心为“百度汽车大脑”；而腾讯则表示：你们先做，我看看。几年后的今天，腾讯说：好的，我都来抄一份。另外两家呢，百度看到阿里互联网汽车的巨大商业前景和领先性，开始跟；阿里看到百度越吹越大的无人驾驶，也要布局。最终，BAT三家在车上再一起相遇，同时发现车里还坐着一个华为。具体到车联网，以BAT三家的实力而言，任何一家只要决定了投入车联网这一领域，我相信他们都有这个实力、人力、物力能保证做好。但为什么腾讯和百度一直在打酱油呢？一个当然与汽车行业的周期较长有关，另一方面而言，其实该领域的收益与投入极其不对称，现如今的投入可能上亿，可能两三年后才能卖出个一两万辆。因此权衡利弊后，各家的选择不同，阿里不同的地方在于马云、王坚等人战略狂人的大胆。先来说说在知乎舆论不佳的百度，但其实必须承认的是，百度在车联网的布局上做的是相对较为完整的，无论是网联化、智能化都有涉足。但相应而来的问题也就是——每块都做的一般，更像是卡位之举，缺乏深入挖掘的后劲；>","type":"unstyled","depth":0,"inlineStyleRanges":[],"entityRanges":[],"data":{}}],"entityMap":{}},"previewText":"<在此填入你的文字>","resourceIdList":[]}',
        '算是跟BAT三家的车联网相关事业部都有过长期亲密接触，匿名来说些不算内幕的内幕。这三家的车联网进程，看时间轴就很清楚了：阿里选择了从操作系统切入，2010年开始做，2014年聚焦到车上并命名为AliOS；百度无人驾驶车项目于2013年起步，由百度研究院主导研发，称其技术核心为“百度汽车大脑”；而腾讯则表示：你们先做，我看看。几年后的今天，腾讯说：好的，我都来抄一份。另外两家呢，百度看到阿里互联网汽车的巨大商业前景和领先性，开始跟；阿里看到百度越吹越大的无人驾驶，也要布局。最终，BAT三家在车上再一起相遇，同时发现车里还坐着一个华为。具体到车联网，以BAT三家的实力而言，任何一家只要决定了投入车联网这一领域，我相信他们都有这个实力、人力、物力能保证做好。但为什么腾讯和百度一直在打酱油呢？一个当然与汽车行业的周期较长有关，另一方面而言，其实该领域的收益与投入极其不对称，现如今的投入可能上亿，可能两三年后才能卖出个一两万辆。因此权衡利弊后，各家的选择不同，阿里不同的地方在于马云、王坚等人战略狂人的大胆。先来说说在知乎舆论不佳的百度，但其实必须承认的是，百度在车联网的布局上做的是相对较为完整的，无论是网联化、智能化都有涉足。但相应而来的问题也就是——每块都做的一般，更像是卡位之举，缺乏深入挖掘的后劲；');
INSERT INTO youthchina.COM_RICH_TEXT (TEXT_ID, COMPILE_TYPE, JSON_CONTENT, TEXT_CONTENT)
VALUES (117, 1,
        '{"braftEditorRaw":{"blocks":[{"key":"dtj4a","text":"<看了上面的回复发现大家对京东和天猫的模式还是很模糊的。作为一名运营人员，简单说说我自己的见解，也方便让大家有好的认识。一.天猫和京东的直观区别。1.天猫作为一个开放平台自己不卖任何产品，全是由第三方品牌商入驻，天猫发展到现在可以说下线百分之99的品牌都在平台上有卖，天猫的配送主要靠第三方物流和菜鸟物流，菜鸟物流其实和京东配送差不多，只不过他还是由第三方物流来配送，仓储由天猫来提供。但是在我看来如果菜鸟物流的发展普及的话，配送速度其实和京东相差不多。2.京东是自营模式，大家可以理解为京东是一个采购商，采购全国各种产品自己售卖，再通过京东强大的物流配送送到客户手中，在物流配送上，京东自营可以说优势巨大。产品种类京东尽管这两年发展迅速，单目前来说还是和天猫有不小差距。二。两个平台店铺的区别及入住难度1.首先说天猫，天猫主要分为，卖场型旗舰店。旗舰店。专营店。专卖店，直观来说旗舰店其实的优势最大，在大家理解中旗舰店就是品牌商自营，但是其中也有很多代运营的，但是影响不大，旗舰店的优势还是巨大的，旗舰店只能卖一个品牌。在旗舰店中还有一种旗舰店可以卖多个品牌，但是这种店铺是只能天猫邀请的公司，线下知名度高，比如：苏宁易购，酒仙网等。专营店是可以卖多个品牌的店铺，专卖店是厂家除了授权旗舰店外还可以授权的一种店铺，只能卖一个品牌。天猫的入驻对于公司及品牌的审核比较严格，绝对不允许有假资料的出现，大多数类目品牌必须要有厂家的一级授权才可以。2.再说京东，京东主要分开自营和第三方店铺，前两年京东的第三方店铺还不是很多，但是发展到现在第三方店铺是越来越多，基本也处于开放状态，首先说自营，大家理解基本是厂家把货卖给京东，京东再通过平台卖出，我们公司也在给京东供货，但是我们不是厂家，作为供货商来说，京东自营很坑，长时间不结款，很多问题都怪罪于我们这些供货商，吧货卖给他们竟然还收取扣点，所以基本供货商供给京东的价格都很高，高于批发市场的价格，所以自营的东西很贵，因为他们要有利润空间，其实有很多人傻钱多的客户，他们认为一分钱一分货，自营价格高就是正品，其实不然。再说第三方店铺，第三方和天猫基本一样，但是比较好入驻，一些资料有问题也可以糊弄进来，第三方店铺也可以选择京东配送，这种模式叫做入仓，把货入到京东仓再通过京东仓配送。但是这样成本也在提升，两个平台都有扣点，京东的扣点比天猫基本要高2倍。一句题外话，京东真的很乱，啥人都有。你懂得！三，两个平台价格区别看了上面的介绍大家都差不多知道了，同样的产品基本上京东自营价格最高，下来是京东第三方卖家，下来是天猫。四。两个平台正品比例由于我两个平台都有运作，根据16年双十一前夕，国家质检总局于官网公布电商平台销售的商品抽检结果。抽检结果显示，国家质检总局共计抽检375个天猫商城产品样品，合格312个样品，不合格63个样品，合格率83.20%，共计抽检京东商城自营B2C平台65个产品样品，合格49个产品样品，不合格16个产品样品，合格率75.38%。这意味着，天猫整体抽检合格率高出京东8个百分点。五。售后问题、看来大家的回答，主要还是在售后处理这块问题很多。1.先说天猫，如果客户出现售后问题，首先是和店铺的售后在处理，如果没办法沟通的话天猫客服会介入，评判的主要根据是客户购买付款那一刻系统会自动生成一个交易快照，类似于图片。所以买家的话一定要多看看天猫的产品详情页，尤其是文字方面。然后天猫客服会处理，但是作为店铺来说，最怕的就是客服介入，因为他会拉低你的售后分，（售后分特别重要，这里就不讲了），除非是碰见特别难处理的问题才会让天猫客服介入，在天猫客服这块我觉得还是比较公正的，从不袒护谁，谁的问题就是谁的。2.再说京东，同样的如果你在京东自营上出现的售后，一般是由京东方面帮你解决，一般速度很快，都是大公司流程。第三方店铺的话还是由店铺的售后帮你解决，有一点特别好的是如果店铺售后没有帮你解决的话你可以催促京东客服，他们会帮你催店铺售后，但是京东客服这块特别偏袒客户，不管谁的责任。特别不合理，所以也就养成了一批肆无忌惮的客户。六。刷单看大家都说刷单，这个方面基本上没有做过运营的人根本不知道，大家普遍认为天猫的刷单比较多，虚假交易多，其实作为运营来说，天猫在这块特别严格，平台坚决杜绝刷单，刷单的话特别容易就会被检测出来，一般都会惩罚，多次被查的话就悲剧了。京东在刷单方面是默认的，没有不刷的，处罚也不严格。总结：就我自己而言，我比较喜欢天猫购物，没有特别着急要的产品的话一般不上京东，因为我不是那种磨磨叽叽的人，一般小问题的话我就不找店铺了，除非出现什么大问题，基本店铺客服都能处理。原因很简单，作为普通人来说当然是同样的产品哪个便宜买那个。所以我觉得一般不是很着急的就选择天猫，特别着急的再考虑京东，因为确实在成本这方面京东比天猫高出很多的。 我也经常逛一些淘宝小店，首先我觉得小店铺不容易，尤其是个人的小店，他们不像大公司那样有运营团队，自己做的话很用心，和他们聊天也比较有乐趣，经常会买一些小店的产品，我非常讨厌职业差评师，他们经常挑选这些小店铺给差评，往往一款产品会被一两个差评搞垮！所以大家买东西的时候不要一味的关注评价，如果一款产品没几个差评的话那就真是有问题了。 累死了，就说这么多了。相信大家都会有自己的选择和购物习惯。>","type":"unstyled","depth":0,"inlineStyleRanges":[],"entityRanges":[],"data":{}}],"entityMap":{}},"previewText":"<在此填入你的文字>","resourceIdList":[]}',
        '看了上面的回复发现大家对京东和天猫的模式还是很模糊的。作为一名运营人员，简单说说我自己的见解，也方便让大家有好的认识。一.天猫和京东的直观区别。1.天猫作为一个开放平台自己不卖任何产品，全是由第三方品牌商入驻，天猫发展到现在可以说下线百分之99的品牌都在平台上有卖，天猫的配送主要靠第三方物流和菜鸟物流，菜鸟物流其实和京东配送差不多，只不过他还是由第三方物流来配送，仓储由天猫来提供。但是在我看来如果菜鸟物流的发展普及的话，配送速度其实和京东相差不多。2.京东是自营模式，大家可以理解为京东是一个采购商，采购全国各种产品自己售卖，再通过京东强大的物流配送送到客户手中，在物流配送上，京东自营可以说优势巨大。产品种类京东尽管这两年发展迅速，单目前来说还是和天猫有不小差距。二。两个平台店铺的区别及入住难度1.首先说天猫，天猫主要分为，卖场型旗舰店。旗舰店。专营店。专卖店，直观来说旗舰店其实的优势最大，在大家理解中旗舰店就是品牌商自营，但是其中也有很多代运营的，但是影响不大，旗舰店的优势还是巨大的，旗舰店只能卖一个品牌。在旗舰店中还有一种旗舰店可以卖多个品牌，但是这种店铺是只能天猫邀请的公司，线下知名度高，比如：苏宁易购，酒仙网等。专营店是可以卖多个品牌的店铺，专卖店是厂家除了授权旗舰店外还可以授权的一种店铺，只能卖一个品牌。天猫的入驻对于公司及品牌的审核比较严格，绝对不允许有假资料的出现，大多数类目品牌必须要有厂家的一级授权才可以。2.再说京东，京东主要分开自营和第三方店铺，前两年京东的第三方店铺还不是很多，但是发展到现在第三方店铺是越来越多，基本也处于开放状态，首先说自营，大家理解基本是厂家把货卖给京东，京东再通过平台卖出，我们公司也在给京东供货，但是我们不是厂家，作为供货商来说，京东自营很坑，长时间不结款，很多问题都怪罪于我们这些供货商，吧货卖给他们竟然还收取扣点，所以基本供货商供给京东的价格都很高，高于批发市场的价格，所以自营的东西很贵，因为他们要有利润空间，其实有很多人傻钱多的客户，他们认为一分钱一分货，自营价格高就是正品，其实不然。再说第三方店铺，第三方和天猫基本一样，但是比较好入驻，一些资料有问题也可以糊弄进来，第三方店铺也可以选择京东配送，这种模式叫做入仓，把货入到京东仓再通过京东仓配送。但是这样成本也在提升，两个平台都有扣点，京东的扣点比天猫基本要高2倍。一句题外话，京东真的很乱，啥人都有。你懂得！三，两个平台价格区别看了上面的介绍大家都差不多知道了，同样的产品基本上京东自营价格最高，下来是京东第三方卖家，下来是天猫。四。两个平台正品比例由于我两个平台都有运作，根据16年双十一前夕，国家质检总局于官网公布电商平台销售的商品抽检结果。抽检结果显示，国家质检总局共计抽检375个天猫商城产品样品，合格312个样品，不合格63个样品，合格率83.20%，共计抽检京东商城自营B2C平台65个产品样品，合格49个产品样品，不合格16个产品样品，合格率75.38%。这意味着，天猫整体抽检合格率高出京东8个百分点。五。售后问题、看来大家的回答，主要还是在售后处理这块问题很多。1.先说天猫，如果客户出现售后问题，首先是和店铺的售后在处理，如果没办法沟通的话天猫客服会介入，评判的主要根据是客户购买付款那一刻系统会自动生成一个交易快照，类似于图片。所以买家的话一定要多看看天猫的产品详情页，尤其是文字方面。然后天猫客服会处理，但是作为店铺来说，最怕的就是客服介入，因为他会拉低你的售后分，（售后分特别重要，这里就不讲了），除非是碰见特别难处理的问题才会让天猫客服介入，在天猫客服这块我觉得还是比较公正的，从不袒护谁，谁的问题就是谁的。2.再说京东，同样的如果你在京东自营上出现的售后，一般是由京东方面帮你解决，一般速度很快，都是大公司流程。第三方店铺的话还是由店铺的售后帮你解决，有一点特别好的是如果店铺售后没有帮你解决的话你可以催促京东客服，他们会帮你催店铺售后，但是京东客服这块特别偏袒客户，不管谁的责任。特别不合理，所以也就养成了一批肆无忌惮的客户。六。刷单看大家都说刷单，这个方面基本上没有做过运营的人根本不知道，大家普遍认为天猫的刷单比较多，虚假交易多，其实作为运营来说，天猫在这块特别严格，平台坚决杜绝刷单，刷单的话特别容易就会被检测出来，一般都会惩罚，多次被查的话就悲剧了。京东在刷单方面是默认的，没有不刷的，处罚也不严格。总结：就我自己而言，我比较喜欢天猫购物，没有特别着急要的产品的话一般不上京东，因为我不是那种磨磨叽叽的人，一般小问题的话我就不找店铺了，除非出现什么大问题，基本店铺客服都能处理。原因很简单，作为普通人来说当然是同样的产品哪个便宜买那个。所以我觉得一般不是很着急的就选择天猫，特别着急的再考虑京东，因为确实在成本这方面京东比天猫高出很多的。 我也经常逛一些淘宝小店，首先我觉得小店铺不容易，尤其是个人的小店，他们不像大公司那样有运营团队，自己做的话很用心，和他们聊天也比较有乐趣，经常会买一些小店的产品，我非常讨厌职业差评师，他们经常挑选这些小店铺给差评，往往一款产品会被一两个差评搞垮！所以大家买东西的时候不要一味的关注评价，如果一款产品没几个差评的话那就真是有问题了。 累死了，就说这么多了。相信大家都会有自己的选择和购物习惯。');
INSERT INTO youthchina.COM_RICH_TEXT (TEXT_ID, COMPILE_TYPE, JSON_CONTENT, TEXT_CONTENT)
VALUES (118, 1,
        '{"braftEditorRaw":{"blocks":[{"key":"dtj4a","text":"<1、物流区别：天猫没有自己的物流系统，物流全靠第三方物流商的支撑，主要是四通一达以及EMS，商家如果不在本省到货需三天左右，偏远地区更长。京东的物流是自己建的，全国的副省级城市设有物流配送中心，副省级城市内基本能当日达。2、商品区别：天猫的商品都是第三方卖家，天猫的卖家一般是总代、一代的居多，官方直营的也有，商品的流通环节一般多于京东，销售渠道较长，且总代和一代可以玩些猫腻，例如手机卖翻新机，但这样的情况比较少，但一定程度上也影响了天猫的整体信誉。京东的商品一般是从厂家直接进货的，主要是销量比较大的数码3C家电产品。当然京东也有店中店，店中店主要是一些单价低的商品，不能和京东发生重叠，如乐器牙膏牙刷等，数码3C产品京东的信誉比天猫高。3、售后服务：天猫的售后服务主要由商家或者品牌商解决，退货耗时，产品出现问题后对于顾客来说需要花费不菲的时间成本。京东也好不了多少，3C产品出现问题首先要拿出品牌商的证明，然后再拿到京东退换货，也有点麻烦。天猫和京东的售后都不完善，大家售后都不高，但京东比天猫好些是事实。付款区别等等小差别就不说了。再说性价比吧，天猫产品价格比京东低是事实，这方面就仁者见仁智者见智了。单价低的商品，挑选信誉高的商家，天猫和淘宝的价格一般都比京东低，就是在天猫和淘宝挑选了，价格相差不大首选天猫，其次淘宝，另外看好评和具体评价，好评度肯定要高，其次看评价，多看看评价，如果发评价的人账号相同基本就是刷的了，小件商品且对配送时间要求不高的建议在淘宝或天猫购买。大件商品就上京东，尤其是维权意识不强、甄别商品的经验不丰富的购物小白，在京东上面购买省事，商品质量也有保证。>","type":"unstyled","depth":0,"inlineStyleRanges":[],"entityRanges":[],"data":{}}],"entityMap":{}},"previewText":"<在此填入你的文字>","resourceIdList":[]}',
        '1、物流区别：天猫没有自己的物流系统，物流全靠第三方物流商的支撑，主要是四通一达以及EMS，商家如果不在本省到货需三天左右，偏远地区更长。京东的物流是自己建的，全国的副省级城市设有物流配送中心，副省级城市内基本能当日达。2、商品区别：天猫的商品都是第三方卖家，天猫的卖家一般是总代、一代的居多，官方直营的也有，商品的流通环节一般多于京东，销售渠道较长，且总代和一代可以玩些猫腻，例如手机卖翻新机，但这样的情况比较少，但一定程度上也影响了天猫的整体信誉。京东的商品一般是从厂家直接进货的，主要是销量比较大的数码3C家电产品。当然京东也有店中店，店中店主要是一些单价低的商品，不能和京东发生重叠，如乐器牙膏牙刷等，数码3C产品京东的信誉比天猫高。3、售后服务：天猫的售后服务主要由商家或者品牌商解决，退货耗时，产品出现问题后对于顾客来说需要花费不菲的时间成本。京东也好不了多少，3C产品出现问题首先要拿出品牌商的证明，然后再拿到京东退换货，也有点麻烦。天猫和京东的售后都不完善，大家售后都不高，但京东比天猫好些是事实。付款区别等等小差别就不说了。再说性价比吧，天猫产品价格比京东低是事实，这方面就仁者见仁智者见智了。单价低的商品，挑选信誉高的商家，天猫和淘宝的价格一般都比京东低，就是在天猫和淘宝挑选了，价格相差不大首选天猫，其次淘宝，另外看好评和具体评价，好评度肯定要高，其次看评价，多看看评价，如果发评价的人账号相同基本就是刷的了，小件商品且对配送时间要求不高的建议在淘宝或天猫购买。大件商品就上京东，尤其是维权意识不强、甄别商品的经验不丰富的购物小白，在京东上面购买省事，商品质量也有保证。');
INSERT INTO youthchina.COM_RICH_TEXT (TEXT_ID, COMPILE_TYPE, JSON_CONTENT, TEXT_CONTENT)
VALUES (119, 1,
        '{"braftEditorRaw":{"blocks":[{"key":"dtj4a","text":"<你看到的各种相册、照片列表，包括很多App中上传图片的界面（比如知乎回答界面选择图片的），都是上面图片里的样子。它们可能从手机的存储空间里列举所有的照片，把它们的缩略图展现出来。但是有的照片很大，或者这个相册是在线相册，图片都是线上存储的，没办法立刻加载完成。况且如果把这么多几百万像素的照片加载进RAM，手机就会资源不足。这样就需要一个图片加载工具，把原图缩放到比较小的尺寸，做一次缓存。等到以后再加载的时候，速度更快一点。即使是本地图片，进行一次缩放，存到缓存中，也有性能的提升。这就是为什么你会在京东金融App的 cache/uil-images 里见到相册里的图片。至于命名为什么是”233333333.0“ 这种格式，是因为前面的“233333333”是原图路径的hashCode，后面的“.0”则是因为这个目录的缓存实现是这么做的。代码在下方链接。至于为什么没打开京东金融，图片就在缓存里找到，那十有八九就是它一直驻留后台，并且注册了“新照片添加”的事件。可以说明它在后台不老实，但是没法直接证明京东金融有备份用户的私人图片。最后真的很想吐槽，很多国产App根本没有获得存储权限的必要，尤其是获得权限之后就在存储空间里乱放垃圾。目前京东金融是可以把这个权限关掉的，我就关掉了这个权限，以及一大堆其他的权限，只保留电话和位置，图个清静。>","type":"unstyled","depth":0,"inlineStyleRanges":[],"entityRanges":[],"data":{}}],"entityMap":{}},"previewText":"<在此填入你的文字>","resourceIdList":[]}',
        '你看到的各种相册、照片列表，包括很多App中上传图片的界面（比如知乎回答界面选择图片的），都是上面图片里的样子。它们可能从手机的存储空间里列举所有的照片，把它们的缩略图展现出来。但是有的照片很大，或者这个相册是在线相册，图片都是线上存储的，没办法立刻加载完成。况且如果把这么多几百万像素的照片加载进RAM，手机就会资源不足。这样就需要一个图片加载工具，把原图缩放到比较小的尺寸，做一次缓存。等到以后再加载的时候，速度更快一点。即使是本地图片，进行一次缩放，存到缓存中，也有性能的提升。这就是为什么你会在京东金融App的 cache/uil-images 里见到相册里的图片。至于命名为什么是”233333333.0“ 这种格式，是因为前面的“233333333”是原图路径的hashCode，后面的“.0”则是因为这个目录的缓存实现是这么做的。代码在下方链接。至于为什么没打开京东金融，图片就在缓存里找到，那十有八九就是它一直驻留后台，并且注册了“新照片添加”的事件。可以说明它在后台不老实，但是没法直接证明京东金融有备份用户的私人图片。最后真的很想吐槽，很多国产App根本没有获得存储权限的必要，尤其是获得权限之后就在存储空间里乱放垃圾。目前京东金融是可以把这个权限关掉的，我就关掉了这个权限，以及一大堆其他的权限，只保留电话和位置，图个清静。');
INSERT INTO youthchina.COM_RICH_TEXT (TEXT_ID, COMPILE_TYPE, JSON_CONTENT, TEXT_CONTENT)
VALUES (120, 1,
        '{"braftEditorRaw":{"blocks":[{"key":"dtj4a","text":"<一开始我看到这个消息还以为京东要进军酒店业，一出手就是27亿，真是大手笔。昨天下午看了一些媒体的报道，翠宫饭店从2013年以来就连年亏损，现在负债累累，连五星级资格都被取消了，京东收购这样一个酒店来进军酒店业好像不是个很明智的选择。 到了今天上午看到有媒体报道了京东对此事的回应<img src="https://pic2.zhimg.com/v2-b58c1345bdfba124e32b711bb85eb261_b.jpg" data-caption="" data-size="normal" data-rawwidth="554" data-rawheight="192" data-default-watermark-src="https://pic1.zhimg.com/v2-1740da3e733e9b2888da6440c225dc3c_b.jpg" class="origin_image zh-lightbox-thumb" width="554" data-original="https://pic2.zhimg.com/v2-b58c1345bdfba124e32b711bb85eb261_r.jpg">京东这回应比较官方，说直白点就是京东在海淀区买了个酒店当办公楼，方便在海淀招人。京东在北京算是顶级互联网公司，对北京各大985院校的学生和互联网公司从业者有很大的吸引力，但是京东的总部在亦庄，如果住在北京市区要去亦庄上班确实有点远。现在京东买了翠宫饭店当办公楼，对于想去京东工作但是又觉得亦庄太远的人会方便很多。 京东副总裁宋旸也在朋友圈回应说买翠宫饭店主要是用于办公，目前京东在北辰的部分研发人员会搬过去。在原来五星级配置的酒店办公，这工作环境真是让人羡慕啊，不愧是互联网巨头，有钱真好。。。。>","type":"unstyled","depth":0,"inlineStyleRanges":[],"entityRanges":[],"data":{}}],"entityMap":{}},"previewText":"<在此填入你的文字>","resourceIdList":[]}',
        '一开始我看到这个消息还以为京东要进军酒店业，一出手就是27亿，真是大手笔。昨天下午看了一些媒体的报道，翠宫饭店从2013年以来就连年亏损，现在负债累累，连五星级资格都被取消了，京东收购这样一个酒店来进军酒店业好像不是个很明智的选择。 到了今天上午看到有媒体报道了京东对此事的回应<img src="https://pic2.zhimg.com/v2-b58c1345bdfba124e32b711bb85eb261_b.jpg" data-caption="" data-size="normal" data-rawwidth="554" data-rawheight="192" data-default-watermark-src="https://pic1.zhimg.com/v2-1740da3e733e9b2888da6440c225dc3c_b.jpg" class="origin_image zh-lightbox-thumb" width="554" data-original="https://pic2.zhimg.com/v2-b58c1345bdfba124e32b711bb85eb261_r.jpg">京东这回应比较官方，说直白点就是京东在海淀区买了个酒店当办公楼，方便在海淀招人。京东在北京算是顶级互联网公司，对北京各大985院校的学生和互联网公司从业者有很大的吸引力，但是京东的总部在亦庄，如果住在北京市区要去亦庄上班确实有点远。现在京东买了翠宫饭店当办公楼，对于想去京东工作但是又觉得亦庄太远的人会方便很多。 京东副总裁宋旸也在朋友圈回应说买翠宫饭店主要是用于办公，目前京东在北辰的部分研发人员会搬过去。在原来五星级配置的酒店办公，这工作环境真是让人羡慕啊，不愧是互联网巨头，有钱真好。。。。');
INSERT INTO youthchina.COM_RICH_TEXT (TEXT_ID, COMPILE_TYPE, JSON_CONTENT, TEXT_CONTENT)
VALUES (121, 1,
        '{"braftEditorRaw":{"blocks":[{"key":"dtj4a","text":"<一个中午的时间，三家巨头公布裁员消息，京东末位淘汰10%高管，滴滴外卖裁员，比特大陆裁员。据内部知情人士透露，在上周末举行的京东集团开年大会上，京东宣布2019年将末位淘汰10%的副总裁级别以上的高管。今天，京东官方证实了消息属实。这一消息立刻引起了网友的激烈争论，有网友提醒，“东哥不是说不会放弃任何一个兄弟吗？”，很快有段子手回应，“放弃的都不是兄弟”。<img src="https://pic4.zhimg.com/v2-c41fb328fa4dfc6e33f8b3b7e020563f_b.jpg" data-caption="" data-size="normal" data-rawwidth="503" data-rawheight="274" data-default-watermark-src="https://pic3.zhimg.com/v2-cab5085d0b928b6c2cf41c08653e753a_b.jpg" class="origin_image zh-lightbox-thumb" width="503" data-original="https://pic4.zhimg.com/v2-c41fb328fa4dfc6e33f8b3b7e020563f_r.jpg">据腾讯科技报道，京东作为一家拥有18万人的企业，目前这个级别的高管预估在几十到一百人左右。如果这个数目准确，那说明裁掉的高管可能是十个或者之内，还不至于到换血的程度，大概也就是清理瘀血吧。虽说淘汰的人数并不多，但这么直白地用末位机制淘汰高管，京东还是头一家。企业裁员往往是从员工开始，如果把裁员比作减肥，管理人员是企业的骨干，我们都没有听说过用削骨的方式来减肥吧？尤其是京东这种规模的企业，十八万员工，副总裁级别以上的高管有近百人，这说明，做到这个位置上的，都是镇得住场子的，算是金字塔上层的了。裁掉一个高管，意味着下面少说几十多则几百上千人都失去了直接的领头人，不管是从下面提拔还是重新招聘，都需要很长时间才能走上正轨。但如果想裁掉整个部门的话，先裁高管，再清理员工，这将是最好的方式。小债（ID：bondreview）猜测，京东这次做出这样的决定，恐怕是战略方向调整的预兆，接下来可能面临着更大的内部改革和清理，说不定连整个部门都会清理掉，尤其是那些成立以后不见效果的部门，拿着钱不出成绩，最需要担心一下自己的未来。1京东到底遇到了怎样的危机？去年，对于京东和刘强东都是很“丧”的一年，刘强东因为在美涉嫌性侵案让京东陷入了舆论危机，股票大跌。<img src="https://pic4.zhimg.com/v2-24a1b99d35a4e131ff08a0cb945121bb_b.jpg" data-caption="" data-size="normal" data-rawwidth="1080" data-rawheight="1080" data-default-watermark-src="https://pic2.zhimg.com/v2-8506aeedd9122b16e5af452b6038e4d5_b.jpg" class="origin_image zh-lightbox-thumb" width="1080" data-original="https://pic4.zhimg.com/v2-24a1b99d35a4e131ff08a0cb945121bb_r.jpg">不仅内忧，还有外患，后起之秀拼多多紧追不舍，市值甚至追平京东。从最新公布的2018年第三季度财报来看，营收约153亿美元，同比增长25.1%，似乎不错，但阿里增速为54%；还有一个重要数据，京东用户首次出现环比负增长，三季度末，京东年活跃用户数为3.052亿，而二季度时，这个数字为3.138亿，这意味着，线上流量遇到瓶颈。<img src="https://pic3.zhimg.com/v2-561ba973123d3277a0ad5a5d5a449d1a_b.jpg" data-caption="" data-size="normal" data-rawwidth="578" data-rawheight="328" data-default-watermark-src="https://pic3.zhimg.com/v2-9ee77d8e308cc943322ecc9db8fba952_b.jpg" class="origin_image zh-lightbox-thumb" width="578" data-original="https://pic3.zhimg.com/v2-561ba973123d3277a0ad5a5d5a449d1a_r.jpg">数据来源：中商产业研究院整理这次京东拿高管开刀，刮骨疗毒，如果能走出困境，也未尝不是坏事。 2如果遭遇了裁员，劳动者该怎么办？这几天互联网巨头接二连三的爆出裁员的消息，上周五，滴滴宣布裁员15%，仅仅今天一个中午的时间，就出了三条裁员的消息。<img src="https://pic1.zhimg.com/v2-58c3fc6399f018183227b7a228bfc0c4_b.jpg" data-caption="" data-size="normal" data-rawwidth="396" data-rawheight="244" data-default-watermark-src="https://pic1.zhimg.com/v2-2be01abfba1b4f04cd6c5ef576de0c30_b.jpg" class="content_image" width="396">滴滴外卖裁员<img src="https://pic3.zhimg.com/v2-fd80a2cbf220fae8e5b89a02f4a45e2a_b.jpg" data-caption="" data-size="normal" data-rawwidth="396" data-rawheight="255" data-default-watermark-src="https://pic4.zhimg.com/v2-9309aa256abbd5f2628efb7bc1214d17_b.jpg" class="content_image" width="396">比特大陆裁员<img src="https://pic4.zhimg.com/v2-db0418963850fadc0041615581e98367_b.jpg" data-caption="" data-size="normal" data-rawwidth="396" data-rawheight="241" data-default-watermark-src="https://pic1.zhimg.com/v2-a6cca8d7036e22f29dee7b34febec0b4_b.jpg" class="content_image" width="396">京东末位淘汰高管这样看来，2019年的关键词应该是保住工作了，小债（ID：bondreview）在这里只能给劳动者提供一些建议，如果遭遇被裁员，应该如何处理。在我国，解除劳动关系是法定的，违法解除劳动关系所带来的成本又是巨大的。因此，企业裁员时，往往要打擦边球，尽可能在法律的框架内进行。一般情况下，企业会先找员工谈话，低姿态，表达公司遇到的难处，给员工一部分赔偿，让员工把离职通知书签了。这时候，如果员工拿了钱，签了字，这就算主动离职，签的东西叫离职申请书，以后是不能再要求任何赔偿的。如果员工拒绝签字，企业往往会先用别的招，比如严查考勤，凑齐了迟到记录就按严重违章开除；内部审查，查办公电脑，看看上班时间是不是在逛淘宝，聊微信，打游戏等等，再按照规章制度想办法开除；降薪降福利，逼你主动离职；或者其他歪门邪道等等。小债（ID：bondreview）觉得，如果真的遇到这种情况，就想办法在公司提出赔偿的时候多要，毕竟公司跟你打感情牌，你也可以打感情牌看看能不能多争取一点，其次，还要妥善处理好社保，尽量别断保，自己交或者找公司挂靠，最后，与同事好聚好散，与家人好好沟通，获得家人支持，调整好心态，继续战斗！>","type":"unstyled","depth":0,"inlineStyleRanges":[],"entityRanges":[],"data":{}}],"entityMap":{}},"previewText":"<在此填入你的文字>","resourceIdList":[]}',
        '一个中午的时间，三家巨头公布裁员消息，京东末位淘汰10%高管，滴滴外卖裁员，比特大陆裁员。据内部知情人士透露，在上周末举行的京东集团开年大会上，京东宣布2019年将末位淘汰10%的副总裁级别以上的高管。今天，京东官方证实了消息属实。这一消息立刻引起了网友的激烈争论，有网友提醒，“东哥不是说不会放弃任何一个兄弟吗？”，很快有段子手回应，“放弃的都不是兄弟”。<img src="https://pic4.zhimg.com/v2-c41fb328fa4dfc6e33f8b3b7e020563f_b.jpg" data-caption="" data-size="normal" data-rawwidth="503" data-rawheight="274" data-default-watermark-src="https://pic3.zhimg.com/v2-cab5085d0b928b6c2cf41c08653e753a_b.jpg" class="origin_image zh-lightbox-thumb" width="503" data-original="https://pic4.zhimg.com/v2-c41fb328fa4dfc6e33f8b3b7e020563f_r.jpg">据腾讯科技报道，京东作为一家拥有18万人的企业，目前这个级别的高管预估在几十到一百人左右。如果这个数目准确，那说明裁掉的高管可能是十个或者之内，还不至于到换血的程度，大概也就是清理瘀血吧。虽说淘汰的人数并不多，但这么直白地用末位机制淘汰高管，京东还是头一家。企业裁员往往是从员工开始，如果把裁员比作减肥，管理人员是企业的骨干，我们都没有听说过用削骨的方式来减肥吧？尤其是京东这种规模的企业，十八万员工，副总裁级别以上的高管有近百人，这说明，做到这个位置上的，都是镇得住场子的，算是金字塔上层的了。裁掉一个高管，意味着下面少说几十多则几百上千人都失去了直接的领头人，不管是从下面提拔还是重新招聘，都需要很长时间才能走上正轨。但如果想裁掉整个部门的话，先裁高管，再清理员工，这将是最好的方式。小债（ID：bondreview）猜测，京东这次做出这样的决定，恐怕是战略方向调整的预兆，接下来可能面临着更大的内部改革和清理，说不定连整个部门都会清理掉，尤其是那些成立以后不见效果的部门，拿着钱不出成绩，最需要担心一下自己的未来。1京东到底遇到了怎样的危机？去年，对于京东和刘强东都是很“丧”的一年，刘强东因为在美涉嫌性侵案让京东陷入了舆论危机，股票大跌。<img src="https://pic4.zhimg.com/v2-24a1b99d35a4e131ff08a0cb945121bb_b.jpg" data-caption="" data-size="normal" data-rawwidth="1080" data-rawheight="1080" data-default-watermark-src="https://pic2.zhimg.com/v2-8506aeedd9122b16e5af452b6038e4d5_b.jpg" class="origin_image zh-lightbox-thumb" width="1080" data-original="https://pic4.zhimg.com/v2-24a1b99d35a4e131ff08a0cb945121bb_r.jpg">不仅内忧，还有外患，后起之秀拼多多紧追不舍，市值甚至追平京东。从最新公布的2018年第三季度财报来看，营收约153亿美元，同比增长25.1%，似乎不错，但阿里增速为54%；还有一个重要数据，京东用户首次出现环比负增长，三季度末，京东年活跃用户数为3.052亿，而二季度时，这个数字为3.138亿，这意味着，线上流量遇到瓶颈。<img src="https://pic3.zhimg.com/v2-561ba973123d3277a0ad5a5d5a449d1a_b.jpg" data-caption="" data-size="normal" data-rawwidth="578" data-rawheight="328" data-default-watermark-src="https://pic3.zhimg.com/v2-9ee77d8e308cc943322ecc9db8fba952_b.jpg" class="origin_image zh-lightbox-thumb" width="578" data-original="https://pic3.zhimg.com/v2-561ba973123d3277a0ad5a5d5a449d1a_r.jpg">数据来源：中商产业研究院整理这次京东拿高管开刀，刮骨疗毒，如果能走出困境，也未尝不是坏事。 2如果遭遇了裁员，劳动者该怎么办？这几天互联网巨头接二连三的爆出裁员的消息，上周五，滴滴宣布裁员15%，仅仅今天一个中午的时间，就出了三条裁员的消息。<img src="https://pic1.zhimg.com/v2-58c3fc6399f018183227b7a228bfc0c4_b.jpg" data-caption="" data-size="normal" data-rawwidth="396" data-rawheight="244" data-default-watermark-src="https://pic1.zhimg.com/v2-2be01abfba1b4f04cd6c5ef576de0c30_b.jpg" class="content_image" width="396">滴滴外卖裁员<img src="https://pic3.zhimg.com/v2-fd80a2cbf220fae8e5b89a02f4a45e2a_b.jpg" data-caption="" data-size="normal" data-rawwidth="396" data-rawheight="255" data-default-watermark-src="https://pic4.zhimg.com/v2-9309aa256abbd5f2628efb7bc1214d17_b.jpg" class="content_image" width="396">比特大陆裁员<img src="https://pic4.zhimg.com/v2-db0418963850fadc0041615581e98367_b.jpg" data-caption="" data-size="normal" data-rawwidth="396" data-rawheight="241" data-default-watermark-src="https://pic1.zhimg.com/v2-a6cca8d7036e22f29dee7b34febec0b4_b.jpg" class="content_image" width="396">京东末位淘汰高管这样看来，2019年的关键词应该是保住工作了，小债（ID：bondreview）在这里只能给劳动者提供一些建议，如果遭遇被裁员，应该如何处理。在我国，解除劳动关系是法定的，违法解除劳动关系所带来的成本又是巨大的。因此，企业裁员时，往往要打擦边球，尽可能在法律的框架内进行。一般情况下，企业会先找员工谈话，低姿态，表达公司遇到的难处，给员工一部分赔偿，让员工把离职通知书签了。这时候，如果员工拿了钱，签了字，这就算主动离职，签的东西叫离职申请书，以后是不能再要求任何赔偿的。如果员工拒绝签字，企业往往会先用别的招，比如严查考勤，凑齐了迟到记录就按严重违章开除；内部审查，查办公电脑，看看上班时间是不是在逛淘宝，聊微信，打游戏等等，再按照规章制度想办法开除；降薪降福利，逼你主动离职；或者其他歪门邪道等等。小债（ID：bondreview）觉得，如果真的遇到这种情况，就想办法在公司提出赔偿的时候多要，毕竟公司跟你打感情牌，你也可以打感情牌看看能不能多争取一点，其次，还要妥善处理好社保，尽量别断保，自己交或者找公司挂靠，最后，与同事好聚好散，与家人好好沟通，获得家人支持，调整好心态，继续战斗！');
INSERT INTO youthchina.COM_RICH_TEXT (TEXT_ID, COMPILE_TYPE, JSON_CONTENT, TEXT_CONTENT)
VALUES (122, 1,
        '{"braftEditorRaw":{"blocks":[{"key":"dtj4a","text":"<从2017年夏天到2018年开年，京东市值一路走高，最高超过700亿美元，股价50美元/股，有过无比接近百度的时刻。所谓春风得意风头无两，去看看2018年初的京东就懂了，媒体的标题都是：《京东转型得到市场认可》《京东：阳光下的成功》……2017年独立运营的京东物流，独立上市的新闻，刷遍全网。2018年夏天，京东金融完成了B轮融资130亿人民币，估值达到1330亿人民币。看起来，京东从零售起家，其业务已经成功走出了零售，孵化培育出了金融和物流，形势一片大好。然而，从2018年6月至今，京东市值却一路走低。截止2019年1月25日，京东市值为319亿美元，对比峰值，蒸发超过一半；甚至低于拼多多。2018年京东股价的这一波下挫，早在创始人私生活风波之前就开始了。在我看来，股价下挫的主要原因，是2018年京东的几个关键数据的疲软，比如营收增速，活跃用户增速……让市场对其增长势能产生了疑虑。京东2017年报显示，截止2018年2月28日，京东的早期投资机构高瓴资本已经退出主要股东之列，意味着高瓴资本这一年至少减持了1.8%的京东股权，持股不足5%。京东发生了什么呢？? 看京东数据Anyway京东2018年Q3的财报呢，看起来也还是挺好看的。京东在2018财年Q3季度，实现净营收1048亿元，同比增长25.1%；在美国通用会计准则下（GAAP），归属于普通股股东的持续经营业务净利润为30亿元，同比增长195.8%。京东实现连续10个季度实现盈利，归属于公司普通股股东净利润为12亿元，同比去年的22亿元减少45.5%。2018的11.11期间，京东实现累计下单金额1598亿元，同比去年的1271亿元，增长了25.73%。人尽皆知，自营B2C，是京东的生命线。京东基于未来的一切战略业务，金融、物流、零售基础设施……其发动引擎，还是商城。看商城的业务基本面，首先要看看营收增速和年活跃用户增速。Q3财报出炉之后，我关注这两个数据的变化曲线，自2017 Q2开始，这两个数据都是下滑趋势。首先看营收增速。自2017年Q2开始，营收增速，就是下滑趋势。从2017年Q3，营收增长跌破40%，至37.9%。到2018年Q3，增长跌破30%，至25.1%。<img src="https://pic1.zhimg.com/v2-2fadf89c9947336a82bf594c45b480e4_b.jpg" data-rawwidth="487" data-rawheight="290" data-size="normal" data-caption="" data-default-watermark-src="https://pic4.zhimg.com/v2-c3eea93d36ace93de89ef9b780c4ebb3_b.jpg" class="origin_image zh-lightbox-thumb" width="487" data-original="https://pic1.zhimg.com/v2-2fadf89c9947336a82bf594c45b480e4_r.jpg">从2017年Q2开始，京东按新口径统计GMV。首先，新口径GMV是金额比旧口径高40%，数字好看了很多。2016年Q4，新、旧口径下GMV分别为3030亿和2097亿，新口径GMV“涨”933亿，增幅44.5%。2017年Q2，新、旧口径下GMV分别为3353亿和2348亿，新口径高1005亿，增幅42.8%。看看新口径GMV和营收之间的互动：2018年Q3，营收增速下滑到25%，GMV增速还有31%，高出来6个百分点。然而，从 GMV 增速来看，体量更大的天猫，却超过了京东。再来看年活跃用户的增速，和营收差不多同步，特别是从2017年Q4开始，一直下滑趋势，在2018年Q3第一次出现了负增长，下降了2.8%。<img src="https://pic3.zhimg.com/v2-a4390f9a8695adc402a2cd101b288e3a_b.jpg" data-rawwidth="492" data-rawheight="323" data-size="normal" data-caption="" data-default-watermark-src="https://pic2.zhimg.com/v2-f93c3140fd4cd09ab440f60d7a8284a5_b.jpg" class="origin_image zh-lightbox-thumb" width="492" data-original="https://pic3.zhimg.com/v2-a4390f9a8695adc402a2cd101b288e3a_r.jpg">2018年Q3，拼多多年活跃用户为3.86亿人，3亿人都在用的拼多多，名副其实。而Q3的阿里年活用户6.01亿人，环比增长为4.3%。京东是尴尬的一个，年活用户环比减少2.8%，为3.05亿人，排行老末。<img src="https://pic3.zhimg.com/v2-e8711762d030db14e45514e9c717156e_b.jpg" data-rawwidth="1459" data-rawheight="315" data-size="normal" data-caption="" data-default-watermark-src="https://pic3.zhimg.com/v2-3d8782b860ea1583587f4aea871f249e_b.jpg" class="origin_image zh-lightbox-thumb" width="1459" data-original="https://pic3.zhimg.com/v2-e8711762d030db14e45514e9c717156e_r.jpg">? 捋一下时间线。从大宴宾客，到门庭冷落，这样刺激的跌宕，于京东并不是第一次。同样的市值过山车是2年前。2016年，京东亦庄总部灯火彻夜长明、员工熬夜加班准备京东店庆“6.18”的前一天，京东股价勉强守住20美元/股，报收于20.13美元/股。比起2015年6月份京东创下的38美元/股历史高位，超过500亿美元的市值，股价几近“腰斩”。看2015年年报，京东亏损53个亿，京东“战略性亏损”的解释，华尔街不想买账了，他们要的是盈利预期。基于这个数据，华尔街出炉了针对京东的做空报告。那时候，笔者刚好面访了刘强东先生，对于股价腰斩和“什么时候盈利”的问题，他云淡风轻的足够让做空者撞墙。他的回答当然是，现金流为王，周转快就ok，亚马逊也不盈利，京东是为了未来而牺牲短期的盈利。然而，口嫌体正直不过如此。京东对股价和盈利做出的实际行动，可远远比创始人的言论急迫多了：京东进行了一次战略转型，砍掉了一些不赚钱的业务，所谓回归零售本质，实际上产品和物流都悄悄涨价。京东打破“12年不盈利”的诅咒，连续盈利。2016年年报，营业利润就从亏损53亿变成亏损12亿，一年时间缩小41亿的亏损，盈利预期增强。2017年，京东市值一年内涨幅超过100％，就有了本文开头的山河一片大好。2018年初，看2017年年报，营业利润是亏8.3个亿，这一年没有明显缩小亏损。2018年Q3财报看，京东的营收增速，活跃用户增速双双下降，京东的市值，又是一路走低。盈利了ok，年活用户，购物频次就都不好看了。这一次，京东会做什么呢？? 回到老问题。在商业史上，二级市场上，昙花一现，没有投资价值的公司，有什么特征？答案：没有护城河。这种公司能出现，存活，是靠消费升级，渠道置换；能增长，依靠人口红利，用户数量+。业绩曲线，是一个开口向下的抛物线。伴随着用户量的增长，公司业绩爆发一阵子。当用户量增速放缓，公司业绩就跌入永久的flop区间。这种公司，我国满大街都是，数不胜数，不需要我列举了。京东，哪怕再过30年，都是我国商业史上值得重点记录，重点研究的现象级公司。京东的诞生壮大，始于互联网渠道对线下渠道的升级置换。自营B2C京东商城以自建物流等等“重模式”提升了零售的效率，比线下零售商更加“多快好省”，抓住了第一批用户。随后，依靠着在物流、供应链上的重金投入，以及一笔又一笔打破行业记录的天价融资，在无数次“京东资金链要断了”的传闻中，京东杀出重围，成为中国自营电商Top1，阿里之后的第二大平台。2014年上市之后，京东以商城为基础，业务逐渐扩展到金融、物流、零售基础设施……等等，这就是今天的京东了。股价和市值不是衡量公司的唯一标准，也不是衡量京东的唯一标准。但是，真金不怕火炼。真正优秀的公司，不会恐惧市场的疑惑，反而能够将之转化成动力，让自己浴火重生。未来的京东，我会持续的关注、研究的问题有以下几个：1、零售业务，其毛利，永远无法和形成规模效应的科技业务比如游戏、广告相提并论。零售的基因，决定了京东对成本和效率的极致追求，也决定了京东对创新，以及其可能造成的亏损，更低的容忍。在粗放增长期，京东可以靠用户增长+不盈利，来换取规模，换取高增长，换取高周转。当市场失去耐心，京东不得不用盈利自我证明的时候呢？在电商泡沫，移动互联网对PC互联网的淘汰……一波一波的科技和消费升级浪潮之间，零售基因的京东，如何进化，避免昙花一现，把自己的护城河挖的更深？2、在从0到1，从1到100的过程中，从小作坊变成大公司，坐拥超过10万人的团队，创业团队和职业经理人们，务必在一个桌子上开会的时刻，创始人如何带领公司走得更久？希望京东更好~>","type":"unstyled","depth":0,"inlineStyleRanges":[],"entityRanges":[],"data":{}}],"entityMap":{}},"previewText":"<在此填入你的文字>","resourceIdList":[]}',
        '从2017年夏天到2018年开年，京东市值一路走高，最高超过700亿美元，股价50美元/股，有过无比接近百度的时刻。所谓春风得意风头无两，去看看2018年初的京东就懂了，媒体的标题都是：《京东转型得到市场认可》《京东：阳光下的成功》……2017年独立运营的京东物流，独立上市的新闻，刷遍全网。2018年夏天，京东金融完成了B轮融资130亿人民币，估值达到1330亿人民币。看起来，京东从零售起家，其业务已经成功走出了零售，孵化培育出了金融和物流，形势一片大好。然而，从2018年6月至今，京东市值却一路走低。截止2019年1月25日，京东市值为319亿美元，对比峰值，蒸发超过一半；甚至低于拼多多。2018年京东股价的这一波下挫，早在创始人私生活风波之前就开始了。在我看来，股价下挫的主要原因，是2018年京东的几个关键数据的疲软，比如营收增速，活跃用户增速……让市场对其增长势能产生了疑虑。京东2017年报显示，截止2018年2月28日，京东的早期投资机构高瓴资本已经退出主要股东之列，意味着高瓴资本这一年至少减持了1.8%的京东股权，持股不足5%。京东发生了什么呢？? 看京东数据Anyway京东2018年Q3的财报呢，看起来也还是挺好看的。京东在2018财年Q3季度，实现净营收1048亿元，同比增长25.1%；在美国通用会计准则下（GAAP），归属于普通股股东的持续经营业务净利润为30亿元，同比增长195.8%。京东实现连续10个季度实现盈利，归属于公司普通股股东净利润为12亿元，同比去年的22亿元减少45.5%。2018的11.11期间，京东实现累计下单金额1598亿元，同比去年的1271亿元，增长了25.73%。人尽皆知，自营B2C，是京东的生命线。京东基于未来的一切战略业务，金融、物流、零售基础设施……其发动引擎，还是商城。看商城的业务基本面，首先要看看营收增速和年活跃用户增速。Q3财报出炉之后，我关注这两个数据的变化曲线，自2017 Q2开始，这两个数据都是下滑趋势。首先看营收增速。自2017年Q2开始，营收增速，就是下滑趋势。从2017年Q3，营收增长跌破40%，至37.9%。到2018年Q3，增长跌破30%，至25.1%。<img src="https://pic1.zhimg.com/v2-2fadf89c9947336a82bf594c45b480e4_b.jpg" data-rawwidth="487" data-rawheight="290" data-size="normal" data-caption="" data-default-watermark-src="https://pic4.zhimg.com/v2-c3eea93d36ace93de89ef9b780c4ebb3_b.jpg" class="origin_image zh-lightbox-thumb" width="487" data-original="https://pic1.zhimg.com/v2-2fadf89c9947336a82bf594c45b480e4_r.jpg">从2017年Q2开始，京东按新口径统计GMV。首先，新口径GMV是金额比旧口径高40%，数字好看了很多。2016年Q4，新、旧口径下GMV分别为3030亿和2097亿，新口径GMV“涨”933亿，增幅44.5%。2017年Q2，新、旧口径下GMV分别为3353亿和2348亿，新口径高1005亿，增幅42.8%。看看新口径GMV和营收之间的互动：2018年Q3，营收增速下滑到25%，GMV增速还有31%，高出来6个百分点。然而，从 GMV 增速来看，体量更大的天猫，却超过了京东。再来看年活跃用户的增速，和营收差不多同步，特别是从2017年Q4开始，一直下滑趋势，在2018年Q3第一次出现了负增长，下降了2.8%。<img src="https://pic3.zhimg.com/v2-a4390f9a8695adc402a2cd101b288e3a_b.jpg" data-rawwidth="492" data-rawheight="323" data-size="normal" data-caption="" data-default-watermark-src="https://pic2.zhimg.com/v2-f93c3140fd4cd09ab440f60d7a8284a5_b.jpg" class="origin_image zh-lightbox-thumb" width="492" data-original="https://pic3.zhimg.com/v2-a4390f9a8695adc402a2cd101b288e3a_r.jpg">2018年Q3，拼多多年活跃用户为3.86亿人，3亿人都在用的拼多多，名副其实。而Q3的阿里年活用户6.01亿人，环比增长为4.3%。京东是尴尬的一个，年活用户环比减少2.8%，为3.05亿人，排行老末。<img src="https://pic3.zhimg.com/v2-e8711762d030db14e45514e9c717156e_b.jpg" data-rawwidth="1459" data-rawheight="315" data-size="normal" data-caption="" data-default-watermark-src="https://pic3.zhimg.com/v2-3d8782b860ea1583587f4aea871f249e_b.jpg" class="origin_image zh-lightbox-thumb" width="1459" data-original="https://pic3.zhimg.com/v2-e8711762d030db14e45514e9c717156e_r.jpg">? 捋一下时间线。从大宴宾客，到门庭冷落，这样刺激的跌宕，于京东并不是第一次。同样的市值过山车是2年前。2016年，京东亦庄总部灯火彻夜长明、员工熬夜加班准备京东店庆“6.18”的前一天，京东股价勉强守住20美元/股，报收于20.13美元/股。比起2015年6月份京东创下的38美元/股历史高位，超过500亿美元的市值，股价几近“腰斩”。看2015年年报，京东亏损53个亿，京东“战略性亏损”的解释，华尔街不想买账了，他们要的是盈利预期。基于这个数据，华尔街出炉了针对京东的做空报告。那时候，笔者刚好面访了刘强东先生，对于股价腰斩和“什么时候盈利”的问题，他云淡风轻的足够让做空者撞墙。他的回答当然是，现金流为王，周转快就ok，亚马逊也不盈利，京东是为了未来而牺牲短期的盈利。然而，口嫌体正直不过如此。京东对股价和盈利做出的实际行动，可远远比创始人的言论急迫多了：京东进行了一次战略转型，砍掉了一些不赚钱的业务，所谓回归零售本质，实际上产品和物流都悄悄涨价。京东打破“12年不盈利”的诅咒，连续盈利。2016年年报，营业利润就从亏损53亿变成亏损12亿，一年时间缩小41亿的亏损，盈利预期增强。2017年，京东市值一年内涨幅超过100％，就有了本文开头的山河一片大好。2018年初，看2017年年报，营业利润是亏8.3个亿，这一年没有明显缩小亏损。2018年Q3财报看，京东的营收增速，活跃用户增速双双下降，京东的市值，又是一路走低。盈利了ok，年活用户，购物频次就都不好看了。这一次，京东会做什么呢？? 回到老问题。在商业史上，二级市场上，昙花一现，没有投资价值的公司，有什么特征？答案：没有护城河。这种公司能出现，存活，是靠消费升级，渠道置换；能增长，依靠人口红利，用户数量+。业绩曲线，是一个开口向下的抛物线。伴随着用户量的增长，公司业绩爆发一阵子。当用户量增速放缓，公司业绩就跌入永久的flop区间。这种公司，我国满大街都是，数不胜数，不需要我列举了。京东，哪怕再过30年，都是我国商业史上值得重点记录，重点研究的现象级公司。京东的诞生壮大，始于互联网渠道对线下渠道的升级置换。自营B2C京东商城以自建物流等等“重模式”提升了零售的效率，比线下零售商更加“多快好省”，抓住了第一批用户。随后，依靠着在物流、供应链上的重金投入，以及一笔又一笔打破行业记录的天价融资，在无数次“京东资金链要断了”的传闻中，京东杀出重围，成为中国自营电商Top1，阿里之后的第二大平台。2014年上市之后，京东以商城为基础，业务逐渐扩展到金融、物流、零售基础设施……等等，这就是今天的京东了。股价和市值不是衡量公司的唯一标准，也不是衡量京东的唯一标准。但是，真金不怕火炼。真正优秀的公司，不会恐惧市场的疑惑，反而能够将之转化成动力，让自己浴火重生。未来的京东，我会持续的关注、研究的问题有以下几个：1、零售业务，其毛利，永远无法和形成规模效应的科技业务比如游戏、广告相提并论。零售的基因，决定了京东对成本和效率的极致追求，也决定了京东对创新，以及其可能造成的亏损，更低的容忍。在粗放增长期，京东可以靠用户增长+不盈利，来换取规模，换取高增长，换取高周转。当市场失去耐心，京东不得不用盈利自我证明的时候呢？在电商泡沫，移动互联网对PC互联网的淘汰……一波一波的科技和消费升级浪潮之间，零售基因的京东，如何进化，避免昙花一现，把自己的护城河挖的更深？2、在从0到1，从1到100的过程中，从小作坊变成大公司，坐拥超过10万人的团队，创业团队和职业经理人们，务必在一个桌子上开会的时刻，创始人如何带领公司走得更久？希望京东更好~');
INSERT INTO youthchina.COM_RICH_TEXT (TEXT_ID, COMPILE_TYPE, JSON_CONTENT, TEXT_CONTENT)
VALUES (123, 1,
        '{"braftEditorRaw":{"blocks":[{"key":"dtj4a","text":"<如果手机有装京东金融APP的朋友，可以自己试一下这个操作，试试看是否完全可以复现。我自己试过了，可以复现。当然IOS不行，因为苹果的封闭，除非越狱，不然无法实现。我知道，在互联网数据泛滥的年代，谈个人隐私其实某种程度上很可笑，因为我们的隐私早就被互联网巨头扒的一干二净了，然后被拿来明码标价。从上网开始。只要我们联网的那一刻，一切就透明了。上网你需要有一台手机或者电脑吧？你的设备号（IMEI），GPS位置，就暴露了。上网需要有一根网线或者SIM卡或者路由器吧？你的手机号信息，套餐信息，IP信息，网络认证信息，就暴露了。上网总得用浏览器吧？总得有搜索引擎吧？你的浏览行为，收藏网址，索引记录，各个网站的账号密码，就暴露了。哪个浏览器不能给你保存密码，对吧？上网总得玩APP吧？有空看看你的APP的用户协议，以及安装APP时候的那些授权要求，你的地理位置，设备号，通讯录，短信，关联人，APP 列表，手机型号，应用市场来源，工资收入和资金往来甚至开房记录出行记录（来自短信）等等等等，都暴露了。你总得网购吧？说不定还用京东网购。你的收货地址，你的购买行为，你的爱好，你的经济状况（说不定你还用京东金融APP），你的亲密关系（买给非你本人的人，小三也算）等等等等，都有了吗？就算你不上网，你总得打电话吧？你的通话信息，你的通话目的，你的通话人，你的亲戚家属。你的一切信息，他们都有。上面这些信息的交叉匹配，可以对一个人做出很精确的描画。几乎所有APP都在这么做，但大家都有一条底线，就是只收集用户的行为与基础数据，不碰也不手机核心隐私数据（照片，录音）。只靠行为与基础数据，其实有时还不够精确，因为很多时候，这些行为未必是本人发生，可以是我老婆拿我的手机浏览口红，也有可能行为代表的指向性未必是真的，例如我上知乎发现了光腿神器，不知道是什么意思，就百度了一下，然后沉浸在淘宝买家秀里无法自拔，不代表我要买这个东西。为了解决数据精确度与行为指向的问题，各大巨头都在拼命砸钱堆算力，训练模型，招聘年薪百万的算法专家，虽然是为了卖出更多货，但还有底线，不碰核心隐私。但京东打破了这条底线。我们看看京东APP用这个截图爬取以及照片留存可以做到什么程度。我拿大宝的故事举栗。大宝是一个在广告公司（公积金短信，或者聊天记录截图）上班的人。本科学历（利用身份证号调用学信接口，京东有银行资质，也可以查照片库中的学历照片）。这座城市的外地人（身份证号前6位+手机号归属+公司校对）。租房（代缴水电费户主名与本人不相同，身份证号归属地与租房城市不同，与房东转账的截图）。贷款买了辆小车（每月有短信还款记录，还经常拍爱车的照片）。平时的消费爱好是买书（购买记录以及支付短信爬取），以及去网吧玩LOL（账号爬取以及用idno+mob调顺网接口），经常浏览一些高端社区例如草榴（手机浏览器监控，手机缓存图片爬取）。经常去XX网吧（外卖的收货地址），爱通宵上网（网吧记录）。住在XX小区（收货地址+家里照片），平时也爱旅游，爱看毛片（朋友圈，QQ群，转账记录）。朋友很多（截图聊天软件好友个数以及互动频繁程度）。有一个女朋友，爱玩情趣cos（照片截图）。女朋友公司在XXX（收货地址，部分女性用品交易记录，照片），俩人关系近期有点矛盾，因为想买XXX（通话记录，通话录音）。最近可能会有孩子（浏览婴儿用品），手头有点紧（借了一些贷款，短信有下款通知）。父母工作是XXX（聊天截图），等等等等等等..............你发现了么，只要有足够的截图信息，照片信息，配合多维度的交叉验证，不仅能知道大宝是谁，有什么，在做什么，还能知道斯诺登那个棱镜监听算什么，这些精准指向性监控，远比监听电话要准确的多的多的多！哪个大厂不对这些数据垂涎？但是他们不敢做，因为这条线，破了就是天谴。或者说不敢明目张胆的做，因为这个是有法律管着的，毕竟大人物们只要用APP，隐私一样一丝不挂，他们的照片截图可比我们劲爆多了。各家的爬虫中心和白帽子都不是白养着吃饭的，很多东西你可以用其他数据推算，也可以买三方校验，但不能直接拿，你拿了，就是抢。2017年6月后实行的新隐私法，进去了多少大数据公司。而京东金融为了弯道超车，突破了这条线。或许有了这些数据采集，录音和照片，京东可以掌控用户的一切，知道你的爱好，知道你的活动范围，知道你的详细信息，知道你的社交圈，知道你可能要做的事情，知道你的一切。当我知道你的一切的时候，某种程度上，我也可以通过一些设置来影响甚至控制你的一切行为。我不需要强制你做什么，我只需要在某些关键的节点，给你看一些东西，给你说一些东西，一次失恋后贴心的商品推送，文案都是暖男风；一次房东催账时的高利贷广告，当天下款不下是狗；一次求职失败后的正装推送，人要衣装。甚至是把你的一切卖给另一个APP，而且实时API接口T+0更新，你就像楚门，在整个互联网世界直播你的一切。所有你认为你要做的一切，都是被设计好的，你的每一次感动与泪水，欢笑与悔恨，冲动与思量，背后都有我在关注，我就是你的上帝。但京东不是上帝，因为上帝没有窥探人类隐私的欲望。而京东的欲望，失控了。当欲望失去了枷锁，公司便失去了前进的道路，只能向左向右，因为宁死不向后。>","type":"unstyled","depth":0,"inlineStyleRanges":[],"entityRanges":[],"data":{}}],"entityMap":{}},"previewText":"<在此填入你的文字>","resourceIdList":[]}',
        '如果手机有装京东金融APP的朋友，可以自己试一下这个操作，试试看是否完全可以复现。我自己试过了，可以复现。当然IOS不行，因为苹果的封闭，除非越狱，不然无法实现。我知道，在互联网数据泛滥的年代，谈个人隐私其实某种程度上很可笑，因为我们的隐私早就被互联网巨头扒的一干二净了，然后被拿来明码标价。从上网开始。只要我们联网的那一刻，一切就透明了。上网你需要有一台手机或者电脑吧？你的设备号（IMEI），GPS位置，就暴露了。上网需要有一根网线或者SIM卡或者路由器吧？你的手机号信息，套餐信息，IP信息，网络认证信息，就暴露了。上网总得用浏览器吧？总得有搜索引擎吧？你的浏览行为，收藏网址，索引记录，各个网站的账号密码，就暴露了。哪个浏览器不能给你保存密码，对吧？上网总得玩APP吧？有空看看你的APP的用户协议，以及安装APP时候的那些授权要求，你的地理位置，设备号，通讯录，短信，关联人，APP 列表，手机型号，应用市场来源，工资收入和资金往来甚至开房记录出行记录（来自短信）等等等等，都暴露了。你总得网购吧？说不定还用京东网购。你的收货地址，你的购买行为，你的爱好，你的经济状况（说不定你还用京东金融APP），你的亲密关系（买给非你本人的人，小三也算）等等等等，都有了吗？就算你不上网，你总得打电话吧？你的通话信息，你的通话目的，你的通话人，你的亲戚家属。你的一切信息，他们都有。上面这些信息的交叉匹配，可以对一个人做出很精确的描画。几乎所有APP都在这么做，但大家都有一条底线，就是只收集用户的行为与基础数据，不碰也不手机核心隐私数据（照片，录音）。只靠行为与基础数据，其实有时还不够精确，因为很多时候，这些行为未必是本人发生，可以是我老婆拿我的手机浏览口红，也有可能行为代表的指向性未必是真的，例如我上知乎发现了光腿神器，不知道是什么意思，就百度了一下，然后沉浸在淘宝买家秀里无法自拔，不代表我要买这个东西。为了解决数据精确度与行为指向的问题，各大巨头都在拼命砸钱堆算力，训练模型，招聘年薪百万的算法专家，虽然是为了卖出更多货，但还有底线，不碰核心隐私。但京东打破了这条底线。我们看看京东APP用这个截图爬取以及照片留存可以做到什么程度。我拿大宝的故事举栗。大宝是一个在广告公司（公积金短信，或者聊天记录截图）上班的人。本科学历（利用身份证号调用学信接口，京东有银行资质，也可以查照片库中的学历照片）。这座城市的外地人（身份证号前6位+手机号归属+公司校对）。租房（代缴水电费户主名与本人不相同，身份证号归属地与租房城市不同，与房东转账的截图）。贷款买了辆小车（每月有短信还款记录，还经常拍爱车的照片）。平时的消费爱好是买书（购买记录以及支付短信爬取），以及去网吧玩LOL（账号爬取以及用idno+mob调顺网接口），经常浏览一些高端社区例如草榴（手机浏览器监控，手机缓存图片爬取）。经常去XX网吧（外卖的收货地址），爱通宵上网（网吧记录）。住在XX小区（收货地址+家里照片），平时也爱旅游，爱看毛片（朋友圈，QQ群，转账记录）。朋友很多（截图聊天软件好友个数以及互动频繁程度）。有一个女朋友，爱玩情趣cos（照片截图）。女朋友公司在XXX（收货地址，部分女性用品交易记录，照片），俩人关系近期有点矛盾，因为想买XXX（通话记录，通话录音）。最近可能会有孩子（浏览婴儿用品），手头有点紧（借了一些贷款，短信有下款通知）。父母工作是XXX（聊天截图），等等等等等等..............你发现了么，只要有足够的截图信息，照片信息，配合多维度的交叉验证，不仅能知道大宝是谁，有什么，在做什么，还能知道斯诺登那个棱镜监听算什么，这些精准指向性监控，远比监听电话要准确的多的多的多！哪个大厂不对这些数据垂涎？但是他们不敢做，因为这条线，破了就是天谴。或者说不敢明目张胆的做，因为这个是有法律管着的，毕竟大人物们只要用APP，隐私一样一丝不挂，他们的照片截图可比我们劲爆多了。各家的爬虫中心和白帽子都不是白养着吃饭的，很多东西你可以用其他数据推算，也可以买三方校验，但不能直接拿，你拿了，就是抢。2017年6月后实行的新隐私法，进去了多少大数据公司。而京东金融为了弯道超车，突破了这条线。或许有了这些数据采集，录音和照片，京东可以掌控用户的一切，知道你的爱好，知道你的活动范围，知道你的详细信息，知道你的社交圈，知道你可能要做的事情，知道你的一切。当我知道你的一切的时候，某种程度上，我也可以通过一些设置来影响甚至控制你的一切行为。我不需要强制你做什么，我只需要在某些关键的节点，给你看一些东西，给你说一些东西，一次失恋后贴心的商品推送，文案都是暖男风；一次房东催账时的高利贷广告，当天下款不下是狗；一次求职失败后的正装推送，人要衣装。甚至是把你的一切卖给另一个APP，而且实时API接口T+0更新，你就像楚门，在整个互联网世界直播你的一切。所有你认为你要做的一切，都是被设计好的，你的每一次感动与泪水，欢笑与悔恨，冲动与思量，背后都有我在关注，我就是你的上帝。但京东不是上帝，因为上帝没有窥探人类隐私的欲望。而京东的欲望，失控了。当欲望失去了枷锁，公司便失去了前进的道路，只能向左向右，因为宁死不向后。');
INSERT INTO youthchina.COM_RICH_TEXT (TEXT_ID, COMPILE_TYPE, JSON_CONTENT, TEXT_CONTENT)
VALUES (124, 1,
        '{"braftEditorRaw":{"blocks":[{"key":"dtj4a","text":"<所谓知己知彼，百战不殆。必先了解对手、平台及自身，可归得大致结论。借势工具(数据罗盘高级版)，可事半功倍。搜索位，向来是兵家必争之地，京东解为类目和搜索页，下面小编教大家做好店铺运营!流量分为京东免费流量和付费流量。付费流量：精准通，付费活动资源位;免费流量又分为：搜索流量、活动流量、关联流量。第六招会详细描述搜索流量。精准通也是比较庞大的系统，等闲时另起一贴，专行讨论。付费活动，京东运营会集中征集，直接报名参与。运营会根据店铺情况进行筛选。资源位：填写购买表，交京东运营。 (有时部分商家能获得运营分配的免费资源位)关联流量：店内关联。并非所有产品，关联同一组产品，最适合的方式，是根据每个产品自身情况，给客户推荐能拉升客单价的其余配套商品。店间关联。与别的商家进行广告位互换，进行流量置换。几个重要时间：1 全量更新从凌晨开始，pc类目页早上7点完成，搜索早上9点左右完成。2类目页销量维度排序是十五天的完成销售额，搜索页的销量维度排序是三天的完成销售数量。(注意是完成销售额，并非销售金额，所以及时提醒客户确认收货应纳入平常工作，虽然京东客户群体大多不喜欢确认，但要有意识多引导)3 团购销量计入京东搜索排名，类目一周后也计入。(尽量参加团购，团购每月运营会提前在公告群里收表，及时报名即可)影响搜索页的因素多种多样，例如： 销量 标题 好评率 促销力度 商品详情页 商品属性 库存情况.除去销量与库存因素外，最基础的为相关性。相关性又分为商品与类目的相关性、商品与关键词相关性、关键词与关键词相关性。怎么做好相关性?1.选择正确类目的技巧 ：A、搜索同类商品所属类目 点开竞争对手商品页，左上角会出现一二三级类目B、利用数据罗盘(高级版)查看行业数据，选取合适的类目 综合行业数据和竞品数量决定。2.为商品选择正确精准的关键词：A、搜索关键词—流量导向(新品适用)1.把自己换位为客户，考虑客户会搜索什么词。2.通过京东数据罗盘，找到搜索指数高且点击量高的词，并且找到相关词。3.搜索下拉框推荐词 行业热词榜单 飙升榜单，快车选词等B、成交关键词—成交导向(在售商品适用)1.竞争对手商品成交关键词2.对比关键词的意义：不同阶段选择不同的搭配长尾词3.确定自身的成交关键词：有效成交关键词有助于提升权重通过数据罗盘的关键词分析功能，用数据证明之前找到的成交关键词的市场反应状况。有意识的去提升主推关键词的成交率，加大关键词与商品的相关度，提高转化权重。最后还有一个很容易忽视的点就是在同一spu下的sku，会优先展示销售额大且库存最多的sku。同时在其余维度相同的情况下，关键词紧密的词会优先展示。所以大家在运营的时候要注意！>","type":"unstyled","depth":0,"inlineStyleRanges":[],"entityRanges":[],"data":{}}],"entityMap":{}},"previewText":"<在此填入你的文字>","resourceIdList":[]}',
        '所谓知己知彼，百战不殆。必先了解对手、平台及自身，可归得大致结论。借势工具(数据罗盘高级版)，可事半功倍。搜索位，向来是兵家必争之地，京东解为类目和搜索页，下面小编教大家做好店铺运营!流量分为京东免费流量和付费流量。付费流量：精准通，付费活动资源位;免费流量又分为：搜索流量、活动流量、关联流量。第六招会详细描述搜索流量。精准通也是比较庞大的系统，等闲时另起一贴，专行讨论。付费活动，京东运营会集中征集，直接报名参与。运营会根据店铺情况进行筛选。资源位：填写购买表，交京东运营。 (有时部分商家能获得运营分配的免费资源位)关联流量：店内关联。并非所有产品，关联同一组产品，最适合的方式，是根据每个产品自身情况，给客户推荐能拉升客单价的其余配套商品。店间关联。与别的商家进行广告位互换，进行流量置换。几个重要时间：1 全量更新从凌晨开始，pc类目页早上7点完成，搜索早上9点左右完成。2类目页销量维度排序是十五天的完成销售额，搜索页的销量维度排序是三天的完成销售数量。(注意是完成销售额，并非销售金额，所以及时提醒客户确认收货应纳入平常工作，虽然京东客户群体大多不喜欢确认，但要有意识多引导)3 团购销量计入京东搜索排名，类目一周后也计入。(尽量参加团购，团购每月运营会提前在公告群里收表，及时报名即可)影响搜索页的因素多种多样，例如： 销量 标题 好评率 促销力度 商品详情页 商品属性 库存情况.除去销量与库存因素外，最基础的为相关性。相关性又分为商品与类目的相关性、商品与关键词相关性、关键词与关键词相关性。怎么做好相关性?1.选择正确类目的技巧 ：A、搜索同类商品所属类目 点开竞争对手商品页，左上角会出现一二三级类目B、利用数据罗盘(高级版)查看行业数据，选取合适的类目 综合行业数据和竞品数量决定。2.为商品选择正确精准的关键词：A、搜索关键词—流量导向(新品适用)1.把自己换位为客户，考虑客户会搜索什么词。2.通过京东数据罗盘，找到搜索指数高且点击量高的词，并且找到相关词。3.搜索下拉框推荐词 行业热词榜单 飙升榜单，快车选词等B、成交关键词—成交导向(在售商品适用)1.竞争对手商品成交关键词2.对比关键词的意义：不同阶段选择不同的搭配长尾词3.确定自身的成交关键词：有效成交关键词有助于提升权重通过数据罗盘的关键词分析功能，用数据证明之前找到的成交关键词的市场反应状况。有意识的去提升主推关键词的成交率，加大关键词与商品的相关度，提高转化权重。最后还有一个很容易忽视的点就是在同一spu下的sku，会优先展示销售额大且库存最多的sku。同时在其余维度相同的情况下，关键词紧密的词会优先展示。所以大家在运营的时候要注意！');
INSERT INTO youthchina.COM_RICH_TEXT (TEXT_ID, COMPILE_TYPE, JSON_CONTENT, TEXT_CONTENT)
VALUES (125, 1,
        '{"braftEditorRaw":{"blocks":[{"key":"dtj4a","text":"<诚然，微信，阿里系，头条系都是一个个巨型的信息孤岛，但是除了这些大平台，百度并其实还是有非常丰富的选择的，知乎，豆瓣，简书这些平台都不乏一些优秀的内容，而且完全开放让百度检索收录，百度为什么不能也给它们一些流量呢？前不久，我为了验证百度是否对知乎做了降权操作专门做了一个测试，搜索“雅思口语”这个关键词，得到的结果如下：首页除视频内容外共14条，其中百度置顶付费排名广告占到惊人的5条，几乎占据了页面一半的位置。百度自家内容2条：百科和百家号。广告下面的第一条域名为http://wenqu.aipage.cn的内容，貌似也是百度的一个名为人工智能优选的产品，内容具体来源不详。剩下6条除了一条网页压根打不开的之外（51talk英语资讯网），全部来自小站，朗阁，新航道等商业英语培训机构。知乎，豆瓣，简书等开放百度检索的UGC内容平台结果：0条！之所以要用”雅思口语“这个关键词，是因为半年前我在知乎上得赞最高的问题（答案）之一还稳居百度搜索结果第一页的前三名：如何在一个月左右迅速提高口语（雅思口语）水平？那么知乎的内容到底都跑哪儿去了? 我们继续往下翻，我翻了整整10页，没有一条知乎的内容。终于在第11页，找到了一条知乎专栏的内容，只有4个赞，也就是说即便是到了第11页这种几乎没有任何流量的垃圾的位置，百度也并没有收录知乎上最优质的内容，至于它的算法标准是什么，也许只有李彦宏知道。有人会问，是不是知乎自己的SEO做得不行了，我们来横向对比验证一下就知道了，必应第搜索结果第一页由此可见，知乎的SEO水平还是100%在线的，而百度对知乎降权限流这件事应该是板上钉钉的事实。在SEO行业有句俗话说，最好的SEO就是优质的内容，这句话放在当前的百度身上显然不合适。有人说，知乎被腾讯系投资了，百度不想给自己的竞争对手输送流量，但是百度你要明白自己作为一个搜索引擎的商业模式本质是什么啊！谷歌和亚马逊在商业竞争上也是死对头，但是我保证你在谷歌上搜任意一本在售书籍的名字的时候，都能在搜索结果首页找到亚马逊的购买链接。因为谷歌很明白，作为一个搜索引擎的立命之本是什么。所以，归根结底，并不是阿里腾讯头条不允许百度做一个好搜索引擎，而是百度自己压根就不想做一个好搜索引擎。《搜索引擎百度已死》这篇文章刷屏之后，我们看看百度官方是如何回应的：，我想说的是：你百家号内容全站占比或许只有10%，但是它在搜索结果第一页占比是多少自己心里没点X数吗？最后，跟大家分享个互联网上有名的笑话:问：Where is the best place to hide a dead body?（在什么地方藏尸体最保险）？答：Page two of Google search results.(在谷歌搜索结果的第二页）>","type":"unstyled","depth":0,"inlineStyleRanges":[],"entityRanges":[],"data":{}}],"entityMap":{}},"previewText":"<在此填入你的文字>","resourceIdList":[]}',
        '诚然，微信，阿里系，头条系都是一个个巨型的信息孤岛，但是除了这些大平台，百度并其实还是有非常丰富的选择的，知乎，豆瓣，简书这些平台都不乏一些优秀的内容，而且完全开放让百度检索收录，百度为什么不能也给它们一些流量呢？前不久，我为了验证百度是否对知乎做了降权操作专门做了一个测试，搜索“雅思口语”这个关键词，得到的结果如下：首页除视频内容外共14条，其中百度置顶付费排名广告占到惊人的5条，几乎占据了页面一半的位置。百度自家内容2条：百科和百家号。广告下面的第一条域名为http://wenqu.aipage.cn的内容，貌似也是百度的一个名为人工智能优选的产品，内容具体来源不详。剩下6条除了一条网页压根打不开的之外（51talk英语资讯网），全部来自小站，朗阁，新航道等商业英语培训机构。知乎，豆瓣，简书等开放百度检索的UGC内容平台结果：0条！之所以要用”雅思口语“这个关键词，是因为半年前我在知乎上得赞最高的问题（答案）之一还稳居百度搜索结果第一页的前三名：如何在一个月左右迅速提高口语（雅思口语）水平？那么知乎的内容到底都跑哪儿去了? 我们继续往下翻，我翻了整整10页，没有一条知乎的内容。终于在第11页，找到了一条知乎专栏的内容，只有4个赞，也就是说即便是到了第11页这种几乎没有任何流量的垃圾的位置，百度也并没有收录知乎上最优质的内容，至于它的算法标准是什么，也许只有李彦宏知道。有人会问，是不是知乎自己的SEO做得不行了，我们来横向对比验证一下就知道了，必应第搜索结果第一页由此可见，知乎的SEO水平还是100%在线的，而百度对知乎降权限流这件事应该是板上钉钉的事实。在SEO行业有句俗话说，最好的SEO就是优质的内容，这句话放在当前的百度身上显然不合适。有人说，知乎被腾讯系投资了，百度不想给自己的竞争对手输送流量，但是百度你要明白自己作为一个搜索引擎的商业模式本质是什么啊！谷歌和亚马逊在商业竞争上也是死对头，但是我保证你在谷歌上搜任意一本在售书籍的名字的时候，都能在搜索结果首页找到亚马逊的购买链接。因为谷歌很明白，作为一个搜索引擎的立命之本是什么。所以，归根结底，并不是阿里腾讯头条不允许百度做一个好搜索引擎，而是百度自己压根就不想做一个好搜索引擎。《搜索引擎百度已死》这篇文章刷屏之后，我们看看百度官方是如何回应的：，我想说的是：你百家号内容全站占比或许只有10%，但是它在搜索结果第一页占比是多少自己心里没点X数吗？最后，跟大家分享个互联网上有名的笑话:问：Where is the best place to hide a dead body?（在什么地方藏尸体最保险）？答：Page two of Google search results.(在谷歌搜索结果的第二页）');
INSERT INTO youthchina.COM_RICH_TEXT (TEXT_ID, COMPILE_TYPE, JSON_CONTENT, TEXT_CONTENT)
VALUES (126, 1,
        '{"braftEditorRaw":{"blocks":[{"key":"dtj4a","text":"<核心原因是：新媒体浪潮中，中文互联网的内容创作、分发和变现体系都变了。这些年各种“号”涌现，改变了网站-搜索引擎的单一内容体系，转而走向共享式创作者-个性化分发与传统内容体系结合的新体系。做内容的不再是建一个网站去做SEO获取流量，而是将内容发布到有读者的平台，再通过分成、电商、赞赏、IP等模式变现。这些“号”不只是百家号，还有微信公众号、头条号、企鹅号、网易号、搜狐号、一点号、凤凰号、大鱼号等等。现在在这些平台上做内容的人，相当一部分是传统媒体人，也有一些是传统网站站长。随着门槛的降低，也确实有很多新新人群涌入，形成了今天鱼龙混杂的局面。然而这在传统网站时代也是一样的，我丝毫不觉得传统网站的整体内容质量会比今天各个平台的好到哪里去。网站内容同样参差不齐，还缺乏原创保护、广告分成、内容赞赏这样的机制。内容平台将内容型的网站变为平台号，实现了共享式创作和个性化分发，也实现了阅读体验的相对统一，是进步，而不是退步。>","type":"unstyled","depth":0,"inlineStyleRanges":[],"entityRanges":[],"data":{}}],"entityMap":{}},"previewText":"<在此填入你的文字>","resourceIdList":[]}',
        '核心原因是：新媒体浪潮中，中文互联网的内容创作、分发和变现体系都变了。这些年各种“号”涌现，改变了网站-搜索引擎的单一内容体系，转而走向共享式创作者-个性化分发与传统内容体系结合的新体系。做内容的不再是建一个网站去做SEO获取流量，而是将内容发布到有读者的平台，再通过分成、电商、赞赏、IP等模式变现。这些“号”不只是百家号，还有微信公众号、头条号、企鹅号、网易号、搜狐号、一点号、凤凰号、大鱼号等等。现在在这些平台上做内容的人，相当一部分是传统媒体人，也有一些是传统网站站长。随着门槛的降低，也确实有很多新新人群涌入，形成了今天鱼龙混杂的局面。然而这在传统网站时代也是一样的，我丝毫不觉得传统网站的整体内容质量会比今天各个平台的好到哪里去。网站内容同样参差不齐，还缺乏原创保护、广告分成、内容赞赏这样的机制。内容平台将内容型的网站变为平台号，实现了共享式创作和个性化分发，也实现了阅读体验的相对统一，是进步，而不是退步。');
INSERT INTO youthchina.COM_RICH_TEXT (TEXT_ID, COMPILE_TYPE, JSON_CONTENT, TEXT_CONTENT)
VALUES (127, 1,
        '{"braftEditorRaw":{"blocks":[{"key":"dtj4a","text":"<没有谁规定不可以。10多年前，百度贴吧、百度知道推出时，一堆人表示焦虑，因为“搜索引擎是裁判，不应该做运动员的事”。搜索引擎要确保对第三方网站进行公正公平的索引和排序，怎么可以自己做内容呢？2006年谷歌收购Youtube，他们没话说了，后来百度又做了百科，这些年，中文互联网网民大都有受益于百科、知道等百度平台上的内容。今天百度做了百家号，让内容创作者将内容放到百度服务器上，有什么问题呢？本质上这是内容发行机制的改变，但新媒体每一次变化，不都是内容形式、内容分发和内容创作体系的变化吗？而且看得更深一点，百度如果不做百家号，当各种号都有自己独立封闭的内容王国且不对百度开放后，网民能够在百度搜索到的内容就会越来越少，前面说了，很多网站站长“内容创业”去了，很多内容平台对百度是不开放的，百度如果不做百家号这样的内容平台，才是真的等死。>","type":"unstyled","depth":0,"inlineStyleRanges":[],"entityRanges":[],"data":{}}],"entityMap":{}},"previewText":"<在此填入你的文字>","resourceIdList":[]}',
        '没有谁规定不可以。10多年前，百度贴吧、百度知道推出时，一堆人表示焦虑，因为“搜索引擎是裁判，不应该做运动员的事”。搜索引擎要确保对第三方网站进行公正公平的索引和排序，怎么可以自己做内容呢？2006年谷歌收购Youtube，他们没话说了，后来百度又做了百科，这些年，中文互联网网民大都有受益于百科、知道等百度平台上的内容。今天百度做了百家号，让内容创作者将内容放到百度服务器上，有什么问题呢？本质上这是内容发行机制的改变，但新媒体每一次变化，不都是内容形式、内容分发和内容创作体系的变化吗？而且看得更深一点，百度如果不做百家号，当各种号都有自己独立封闭的内容王国且不对百度开放后，网民能够在百度搜索到的内容就会越来越少，前面说了，很多网站站长“内容创业”去了，很多内容平台对百度是不开放的，百度如果不做百家号这样的内容平台，才是真的等死。');
INSERT INTO youthchina.COM_RICH_TEXT (TEXT_ID, COMPILE_TYPE, JSON_CONTENT, TEXT_CONTENT)
VALUES (128, 1,
        '{"braftEditorRaw":{"blocks":[{"key":"dtj4a","text":"<如果不谈一些人对百度的主观偏见，我认为担忧“搜索引擎百度已死”是一些人的杞人忧天。百度能不能给用户找到答案？能不能帮助用户找到所求？通过几个case来判断没什么意义，毕竟每天搜索引擎都要响应数十亿次搜索，百度App日活超过1.6亿这个数据显然更有说服力：如果百度搜索没价值，大众用户就会逃离，在谷歌外他们也有很多选择，中文搜索引擎不是作者说的那样只有百度，搜狗、360、神马等竞争对手一直都在。只不过，这些搜索引擎也都在结果中放入了信息流，上线了各自的“XX号”且融入到搜索结果中——百度最先做，却不是唯一这样做的。去年百度提出了有事搜一搜，没事看一看的口号，确实是一个巨大的变化，这直接改变了搜索引擎的模式：从主动检索到主动搜索与被动推荐结合。百度的变化，本质是搜索引擎的进化：搜索引擎不是只能有一个搜索框，也不能只检索站外内容。我们看到这些年搜索引擎一直在变化，从当初单纯地检索网页，到后面的结构化信息，再到移动时代的语音助理、以图搜图、垂直搜索引擎，以及现在的信息流+搜索的双引擎模式，搜索从来不是一成不变的。加速信息流通，给用户找到答案，让人们平等地获取信息，才是搜索引擎的终极目的，我认为现在百度在百家号上的探索，并未背离这一目的。>","type":"unstyled","depth":0,"inlineStyleRanges":[],"entityRanges":[],"data":{}}],"entityMap":{}},"previewText":"<在此填入你的文字>","resourceIdList":[]}',
        '如果不谈一些人对百度的主观偏见，我认为担忧“搜索引擎百度已死”是一些人的杞人忧天。百度能不能给用户找到答案？能不能帮助用户找到所求？通过几个case来判断没什么意义，毕竟每天搜索引擎都要响应数十亿次搜索，百度App日活超过1.6亿这个数据显然更有说服力：如果百度搜索没价值，大众用户就会逃离，在谷歌外他们也有很多选择，中文搜索引擎不是作者说的那样只有百度，搜狗、360、神马等竞争对手一直都在。只不过，这些搜索引擎也都在结果中放入了信息流，上线了各自的“XX号”且融入到搜索结果中——百度最先做，却不是唯一这样做的。去年百度提出了有事搜一搜，没事看一看的口号，确实是一个巨大的变化，这直接改变了搜索引擎的模式：从主动检索到主动搜索与被动推荐结合。百度的变化，本质是搜索引擎的进化：搜索引擎不是只能有一个搜索框，也不能只检索站外内容。我们看到这些年搜索引擎一直在变化，从当初单纯地检索网页，到后面的结构化信息，再到移动时代的语音助理、以图搜图、垂直搜索引擎，以及现在的信息流+搜索的双引擎模式，搜索从来不是一成不变的。加速信息流通，给用户找到答案，让人们平等地获取信息，才是搜索引擎的终极目的，我认为现在百度在百家号上的探索，并未背离这一目的。');
INSERT INTO youthchina.COM_RICH_TEXT (TEXT_ID, COMPILE_TYPE, JSON_CONTENT, TEXT_CONTENT)
VALUES (129, 1,
        '{"braftEditorRaw":{"blocks":[{"key":"dtj4a","text":"<因为我一直会员，所以有很多东西想法跟一般用户并不是很一样除了这几年有点涨价了，其实百度网盘体验挺好的的，速度非常的快，比我的迅雷，或者qbittorrent不知道高到哪里去了，而且性能极强，我觉得百度服务器至少是ssd或者是有内存树级别的。安全性的话比本地的nas硬盘高的不知道哪里去了，文件管理也非常的方便，最近还添加了除去重复文件的功能。我也有一个希捷酷鱼的8T硬盘我本地的8T的hdd完全达不到百度网盘的性能，查找重复文件，移动文件之类的，性能比百度网盘差的不是一点半点。 而且那个8T的硬盘价格是1599，足够买上6年的会员了，本来是我为了防止百度网盘万一像360一样没有盈利突然挂掉做备份的，这个希捷酷鱼的8T的硬盘完全提供不了百度网盘的性能，在占用空间7T的时候只有20MByte/s的速度，百度网盘则是和其他人说的一样，基本上充钱就是满速，我用校园网上传大概是10MB/s,下载7MB/s， 用电信光纤就是上传3MB/s, 下载12MB/s, 这样的速度已经非常快了。楼上还有大佬直接1GB/s 其实硬盘挺贵的，我也能理解，但是我非常反感那些不付费还想法子破解的用户，他们一分钱都不付还想办法破解百度服务，恶心我们这些付费用户，不掏钱就给你服务，到底是跟谁学的，因为不付费的用户太多了，我们这些付费用户时时刻刻得为百度网盘万一倒闭了怎么办买单，要是百度网盘有3000万付费用户，我基本上就不用担心百度网盘会和360一样挂掉。百度网盘是唯一一个能够跨地区传输TB级数据的，我经常把自己拍摄的十几G的视频加密之后直接压缩过后传入到网盘里头，用的时候直接下载，非常的方便，我那个8T的硬盘大概有1kg，携带起来非常的不方便。最后也希望大容量ssd赶快普及吧。 20TB的数据放到那么多不一样的硬盘里头实在是太费事>","type":"unstyled","depth":0,"inlineStyleRanges":[],"entityRanges":[],"data":{}}],"entityMap":{}},"previewText":"<在此填入你的文字>","resourceIdList":[]}',
        '因为我一直会员，所以有很多东西想法跟一般用户并不是很一样除了这几年有点涨价了，其实百度网盘体验挺好的的，速度非常的快，比我的迅雷，或者qbittorrent不知道高到哪里去了，而且性能极强，我觉得百度服务器至少是ssd或者是有内存树级别的。安全性的话比本地的nas硬盘高的不知道哪里去了，文件管理也非常的方便，最近还添加了除去重复文件的功能。我也有一个希捷酷鱼的8T硬盘我本地的8T的hdd完全达不到百度网盘的性能，查找重复文件，移动文件之类的，性能比百度网盘差的不是一点半点。 而且那个8T的硬盘价格是1599，足够买上6年的会员了，本来是我为了防止百度网盘万一像360一样没有盈利突然挂掉做备份的，这个希捷酷鱼的8T的硬盘完全提供不了百度网盘的性能，在占用空间7T的时候只有20MByte/s的速度，百度网盘则是和其他人说的一样，基本上充钱就是满速，我用校园网上传大概是10MB/s,下载7MB/s， 用电信光纤就是上传3MB/s, 下载12MB/s, 这样的速度已经非常快了。楼上还有大佬直接1GB/s 其实硬盘挺贵的，我也能理解，但是我非常反感那些不付费还想法子破解的用户，他们一分钱都不付还想办法破解百度服务，恶心我们这些付费用户，不掏钱就给你服务，到底是跟谁学的，因为不付费的用户太多了，我们这些付费用户时时刻刻得为百度网盘万一倒闭了怎么办买单，要是百度网盘有3000万付费用户，我基本上就不用担心百度网盘会和360一样挂掉。百度网盘是唯一一个能够跨地区传输TB级数据的，我经常把自己拍摄的十几G的视频加密之后直接压缩过后传入到网盘里头，用的时候直接下载，非常的方便，我那个8T的硬盘大概有1kg，携带起来非常的不方便。最后也希望大容量ssd赶快普及吧。 20TB的数据放到那么多不一样的硬盘里头实在是太费事');
INSERT INTO youthchina.COM_RICH_TEXT (TEXT_ID, COMPILE_TYPE, JSON_CONTENT, TEXT_CONTENT)
VALUES (130, 1,
        '{"braftEditorRaw":{"blocks":[{"key":"dtj4a","text":"<首先要说的是在此之前，国内的购物网站我最信任苏宁，是有着接近10年的苏宁老会员，也是级别最高的V4会员。悲剧的起点：我是2016年8月30号在苏宁易购网上商城买的戴尔(Dell)笔记本电脑，具体型号为Vostro 14-3459R-2528BB 14英寸笔记本电脑(i5-6200U 4G 500G)，订单号为10035126172。这个电脑我买的时候查的是质保2年，整机质保1年，主要部件质保2年。然后这个电脑我在2017年带到了国外使用。因为不是工作本，平时用的也不多。 悲剧发生：在2018年5月20号左右，我在使用过程中，调整了一下屏幕的角度，电脑主板电源口附近冒烟了，然后就再也开不开机了。我当时查了下戴尔官网，写的保修从2016年3月30号开始，然后已经过保了。 然后因为当时在国外，就让我的家人帮我联系下苏宁的售后客服人员，然后告知对方我的微信号，让对方加我的微信来沟通。最终是一个苏宁天津叫马竞（隐藏当事人的名字）的客服人员加了我的微信，然后给我打的微信电话进行沟通。我跟她说了我的电脑主板烧了不能开机，她说她去问戴尔的售后人员。最终她给我的答复是整机质保1年，主要部件质保2年。她说我的电脑已经过保了。我当时有问她主要部件不是质保2年么，她给我的答复是主要部件是指的屏幕，只有屏幕质保2年。当时我觉得很奇怪，一个电脑主要部件是屏幕。但是因为她是苏宁的客服人员，我是很信任她的，也就没再继续追问。快到高潮喽：我于2018年8月回国，因为马竞告诉我这个电脑已经过保了，于是我就到本地的一家电脑城去修，预期是花个200-300把电脑修好。当时修电脑的师傅说因为屏线没有装好，屏线烧了，导致主板短路，主板也被烧了。然后他给我焊接了一下，然后发现还是点不亮，只能是换主板了。换主板比较贵，差不多要1200-1500。于是我又想起来当时马竞说的，只有屏幕才是主要部件，越想越觉得不靠谱，于是我就去google了下，主板是不是主要部件，在得到肯定的搜索结果后，我再次联系了苏宁易购的客服，然后还是马竞给我打的电话。这次马竞告诉我主板可以保2年，并且告诉了我戴尔售后的地址和电话。于是我就去了戴尔售后，但是戴尔售后的人说我的本被第三方修过，因此不能质保了。高潮以及高潮后的痛苦:在此以后，就开始无限与苏宁易购扯皮的经历。2018-08-04 到 2018-08-09，几乎每天都要找苏宁易购在线客服2-4次。投诉，打一堆字，然后换来的只是在线客服复制粘贴一般的回复。回复的主要内容是有人会给我打电话处理。不幸的是，马竞是处理我case的客服人员。因为这个事情的根源责任在马竞，因此她百般阻止我的维修投诉，通常是我投诉3-4次，马竞才给我打一个电话。马竞经常用的借口是给我打电话了，但是我这边占线。天地良心啊，说瞎话被雷劈，我这边绝对没有在她给我打电话的时候被占线了。每次与马竞的电话沟通，马竞都是在推卸责任，说责任在我这边不在她那边。因为我找第三方修主板导致不能质保。那么问题来了，如果当初马竞告我质保2年，还在保，我会花钱到第三方去修吗？任何一个精神正常的人都干不出来这种事情吧。 是马竞告诉已经出保了我才去外面修的，这个也是任何一个精神正常的人都该干的事情吧，难道不修了直接扔掉吗。问题的根源在于马竞的不专业，因为她错误的告诉我只有屏幕保2年而主板只保1年，我才去外面修的。然后马竞竟然把责任甩的一干二净，我不知道是苏宁的客服人员都这样，还是只有马竞如此精明。在经过7天的超过几十次的投诉与沟通之后，马竞和苏宁给出了最终的解决方案，由我自费换主板，然后苏宁给我补偿200。这个我是无法接受的，因为马竞作为一个客服人员，搞不清楚究竟是保1年还是保2年，并且将错误的信息告知了我，才导致了后续的一系列问题，因此我期望的解决方法是苏宁或者马竞出钱给我换新主板。苏宁太让人失望了，如此经历实在让人难忘。令人绝望的客服人员，令人绝望的客服经历，让我怎能不注销苏宁易购账号呢！ 再见苏宁，再见苏宁易购，再也不见！ 不知道12315是否有用，不知道在天涯等各大网站发帖是否有用，不过我会竭尽所能的去试一下，如果任何办法都行不通，那么就只能注销苏宁账号了。>","type":"unstyled","depth":0,"inlineStyleRanges":[],"entityRanges":[],"data":{}}],"entityMap":{}},"previewText":"<在此填入你的文字>","resourceIdList":[]}',
        '首先要说的是在此之前，国内的购物网站我最信任苏宁，是有着接近10年的苏宁老会员，也是级别最高的V4会员。悲剧的起点：我是2016年8月30号在苏宁易购网上商城买的戴尔(Dell)笔记本电脑，具体型号为Vostro 14-3459R-2528BB 14英寸笔记本电脑(i5-6200U 4G 500G)，订单号为10035126172。这个电脑我买的时候查的是质保2年，整机质保1年，主要部件质保2年。然后这个电脑我在2017年带到了国外使用。因为不是工作本，平时用的也不多。 悲剧发生：在2018年5月20号左右，我在使用过程中，调整了一下屏幕的角度，电脑主板电源口附近冒烟了，然后就再也开不开机了。我当时查了下戴尔官网，写的保修从2016年3月30号开始，然后已经过保了。 然后因为当时在国外，就让我的家人帮我联系下苏宁的售后客服人员，然后告知对方我的微信号，让对方加我的微信来沟通。最终是一个苏宁天津叫马竞（隐藏当事人的名字）的客服人员加了我的微信，然后给我打的微信电话进行沟通。我跟她说了我的电脑主板烧了不能开机，她说她去问戴尔的售后人员。最终她给我的答复是整机质保1年，主要部件质保2年。她说我的电脑已经过保了。我当时有问她主要部件不是质保2年么，她给我的答复是主要部件是指的屏幕，只有屏幕质保2年。当时我觉得很奇怪，一个电脑主要部件是屏幕。但是因为她是苏宁的客服人员，我是很信任她的，也就没再继续追问。快到高潮喽：我于2018年8月回国，因为马竞告诉我这个电脑已经过保了，于是我就到本地的一家电脑城去修，预期是花个200-300把电脑修好。当时修电脑的师傅说因为屏线没有装好，屏线烧了，导致主板短路，主板也被烧了。然后他给我焊接了一下，然后发现还是点不亮，只能是换主板了。换主板比较贵，差不多要1200-1500。于是我又想起来当时马竞说的，只有屏幕才是主要部件，越想越觉得不靠谱，于是我就去google了下，主板是不是主要部件，在得到肯定的搜索结果后，我再次联系了苏宁易购的客服，然后还是马竞给我打的电话。这次马竞告诉我主板可以保2年，并且告诉了我戴尔售后的地址和电话。于是我就去了戴尔售后，但是戴尔售后的人说我的本被第三方修过，因此不能质保了。高潮以及高潮后的痛苦:在此以后，就开始无限与苏宁易购扯皮的经历。2018-08-04 到 2018-08-09，几乎每天都要找苏宁易购在线客服2-4次。投诉，打一堆字，然后换来的只是在线客服复制粘贴一般的回复。回复的主要内容是有人会给我打电话处理。不幸的是，马竞是处理我case的客服人员。因为这个事情的根源责任在马竞，因此她百般阻止我的维修投诉，通常是我投诉3-4次，马竞才给我打一个电话。马竞经常用的借口是给我打电话了，但是我这边占线。天地良心啊，说瞎话被雷劈，我这边绝对没有在她给我打电话的时候被占线了。每次与马竞的电话沟通，马竞都是在推卸责任，说责任在我这边不在她那边。因为我找第三方修主板导致不能质保。那么问题来了，如果当初马竞告我质保2年，还在保，我会花钱到第三方去修吗？任何一个精神正常的人都干不出来这种事情吧。 是马竞告诉已经出保了我才去外面修的，这个也是任何一个精神正常的人都该干的事情吧，难道不修了直接扔掉吗。问题的根源在于马竞的不专业，因为她错误的告诉我只有屏幕保2年而主板只保1年，我才去外面修的。然后马竞竟然把责任甩的一干二净，我不知道是苏宁的客服人员都这样，还是只有马竞如此精明。在经过7天的超过几十次的投诉与沟通之后，马竞和苏宁给出了最终的解决方案，由我自费换主板，然后苏宁给我补偿200。这个我是无法接受的，因为马竞作为一个客服人员，搞不清楚究竟是保1年还是保2年，并且将错误的信息告知了我，才导致了后续的一系列问题，因此我期望的解决方法是苏宁或者马竞出钱给我换新主板。苏宁太让人失望了，如此经历实在让人难忘。令人绝望的客服人员，令人绝望的客服经历，让我怎能不注销苏宁易购账号呢！ 再见苏宁，再见苏宁易购，再也不见！ 不知道12315是否有用，不知道在天涯等各大网站发帖是否有用，不过我会竭尽所能的去试一下，如果任何办法都行不通，那么就只能注销苏宁账号了。');
INSERT INTO youthchina.COM_RICH_TEXT (TEXT_ID, COMPILE_TYPE, JSON_CONTENT, TEXT_CONTENT)
VALUES (131, 1,
        '{"braftEditorRaw":{"blocks":[{"key":"dtj4a","text":"<来回答这个问题的大部分估计都有京东的购物体验，但不知道有多少人有苏宁易购的购物体验？我就两者都有，很抱歉，苏宁易购的体验非常差，让人感觉这个网站几乎是个空壳，最让我意外的是，同样一款产品，线上和线下的价格虽然是一致，但去到门店还可以砍价，并且还能获得赠品，但网上购买就不会有这样的优惠。还有，网站前台和库存管理对接存在问题，明明网上显示有货，下单之后一直没有反馈，我特意去广州本地的店，在店里的电脑查，根本整个广州都没有货。我觉得一个传统企业要去做互联网业务，首先一点就别在公司内部体系去做，独立一个公司，一套团队，否则这样的业务在公司内部根本无法得到足够的重视和资源，而且企业越大，里面的固有保守思想和问题就越多，协调更难。这样的项目，没有生存压力，怎么可能用200%的努力去打拼呢？京东是时刻站在悬崖处的心态来发展，虽然还有很多不足，但已经做得很好了。>","type":"unstyled","depth":0,"inlineStyleRanges":[],"entityRanges":[],"data":{}}],"entityMap":{}},"previewText":"<在此填入你的文字>","resourceIdList":[]}',
        '来回答这个问题的大部分估计都有京东的购物体验，但不知道有多少人有苏宁易购的购物体验？我就两者都有，很抱歉，苏宁易购的体验非常差，让人感觉这个网站几乎是个空壳，最让我意外的是，同样一款产品，线上和线下的价格虽然是一致，但去到门店还可以砍价，并且还能获得赠品，但网上购买就不会有这样的优惠。还有，网站前台和库存管理对接存在问题，明明网上显示有货，下单之后一直没有反馈，我特意去广州本地的店，在店里的电脑查，根本整个广州都没有货。我觉得一个传统企业要去做互联网业务，首先一点就别在公司内部体系去做，独立一个公司，一套团队，否则这样的业务在公司内部根本无法得到足够的重视和资源，而且企业越大，里面的固有保守思想和问题就越多，协调更难。这样的项目，没有生存压力，怎么可能用200%的努力去打拼呢？京东是时刻站在悬崖处的心态来发展，虽然还有很多不足，但已经做得很好了。');
INSERT INTO youthchina.COM_RICH_TEXT (TEXT_ID, COMPILE_TYPE, JSON_CONTENT, TEXT_CONTENT)
VALUES (132, 1,
        '{"braftEditorRaw":{"blocks":[{"key":"dtj4a","text":"<华为是流程复杂，但是也有很多牛逼的地方，我就说几点。1 公司明文要求，不论因公非因公聚餐，要不aa制，要不级别最高的出钱。当然部分同事请的离职散伙饭不算。2 报销极快，只要你的领导签字完，报销款能在第二个工作日就到了你的账户，新员工长期出差或者重大活动还可以预支备用金。3 慧通差旅可以在全球所有主要城市的大部分酒店，以及全球主流航空公司覆盖对公支付，换句话说，只要你的出差电子流批准了，你住宿和机票直接订就可以，不需要你垫一分钱。4 一般的公司发工资发的都是上个月工资，华为是15日发工资，发的是当月工资。换句话说每个月会给你预支15天工资。5 没有加班费，这一点要澄清，不是完全没有，只要领导批了电子流，上了系统就一定有，领导批不批取决于部门经费足不足，有一段时间我们周六周日加班是可以给钱的，但是部门没钱了，就不好意思，内部调休吧，所谓内部调休就是不给钱，但是你有事的时候领导给你批个外出公干让你出去。但是月末周六强制加班是一直都有加班费的，按照双倍给，每年一结算，正好相当于一个月工资。当然所有的加班你可以选择转为调休。在离职或者换工号也就是重新入职的时候，会给你把剩余的调休统一按照双倍工资结清。6 离职只要没有bcg违规，就会足额发放n?1，不论是不是主动离职。换工号时也会发，一般8年的人都能发个十几万到二十多万。7 慧通上可以以个人名义订酒店机票，有的时候比携程要便宜，而且更重要的是，如果你在慧通上投诉酒店，酒店会很紧张的给你沟通协商道歉，因为你是大客户。相反你在携程上投诉酒店人家根本不屌你。8 华为的研发是很牛逼，但是销售团队更牛逼，而且华为销售采用的是高薪养廉，一旦业绩好收入非常高，但是你敢吃里扒外深圳警察是会跨省把你弄进去的。9 华为内部的保密机制和技术非常非常牛逼，这个不多说。>","type":"unstyled","depth":0,"inlineStyleRanges":[],"entityRanges":[],"data":{}}],"entityMap":{}},"previewText":"<在此填入你的文字>","resourceIdList":[]}',
        '华为是流程复杂，但是也有很多牛逼的地方，我就说几点。1 公司明文要求，不论因公非因公聚餐，要不aa制，要不级别最高的出钱。当然部分同事请的离职散伙饭不算。2 报销极快，只要你的领导签字完，报销款能在第二个工作日就到了你的账户，新员工长期出差或者重大活动还可以预支备用金。3 慧通差旅可以在全球所有主要城市的大部分酒店，以及全球主流航空公司覆盖对公支付，换句话说，只要你的出差电子流批准了，你住宿和机票直接订就可以，不需要你垫一分钱。4 一般的公司发工资发的都是上个月工资，华为是15日发工资，发的是当月工资。换句话说每个月会给你预支15天工资。5 没有加班费，这一点要澄清，不是完全没有，只要领导批了电子流，上了系统就一定有，领导批不批取决于部门经费足不足，有一段时间我们周六周日加班是可以给钱的，但是部门没钱了，就不好意思，内部调休吧，所谓内部调休就是不给钱，但是你有事的时候领导给你批个外出公干让你出去。但是月末周六强制加班是一直都有加班费的，按照双倍给，每年一结算，正好相当于一个月工资。当然所有的加班你可以选择转为调休。在离职或者换工号也就是重新入职的时候，会给你把剩余的调休统一按照双倍工资结清。6 离职只要没有bcg违规，就会足额发放n?1，不论是不是主动离职。换工号时也会发，一般8年的人都能发个十几万到二十多万。7 慧通上可以以个人名义订酒店机票，有的时候比携程要便宜，而且更重要的是，如果你在慧通上投诉酒店，酒店会很紧张的给你沟通协商道歉，因为你是大客户。相反你在携程上投诉酒店人家根本不屌你。8 华为的研发是很牛逼，但是销售团队更牛逼，而且华为销售采用的是高薪养廉，一旦业绩好收入非常高，但是你敢吃里扒外深圳警察是会跨省把你弄进去的。9 华为内部的保密机制和技术非常非常牛逼，这个不多说。');
INSERT INTO youthchina.COM_RICH_TEXT (TEXT_ID, COMPILE_TYPE, JSON_CONTENT, TEXT_CONTENT)
VALUES (133, 1,
        '{"braftEditorRaw":{"blocks":[{"key":"dtj4a","text":"<不要觉得苹果高大上，真正高大上的其实是华为！很多人所熟知的华为，只是一个卖手机的。因此，总有人拿华为和苹果做比较，觉得苹果高大上，其实真正高大上的是华为。你知道吗，对于华为来说，手机业务只是副业。否则美国怎么会那么害怕华为进入美国市场，千方百计封杀华为？华为共有三大业务，分别为运营商业务、企业业务和手机业务。其中运营商业务和企业业务都已经做到了世界第一，而手机业务也已经超越苹果，成为全球销量仅次于三星的第二大手机厂商。这意味着什么？三大业务，两个世界第一，一个世界第二！单拿手机来说，华为的表现也是相当强势，几年前还是苹果手机的天下，如今华为手机已经越来越受宠。有个段子说，领导层都在用华为，基层员工还在用苹果。法国球星格里兹曼苹果还是当年的苹果，华为早已不是当年的华为。华为有啥本事，竟抢走了苹果的市场份额？如果你知道，华为手机超多反人类的黑科技，那你就懂了：比如：强大的蓄电功能，充1次顶2天，半小时可以充入70%。没错，充电速度比iPhone X 快4倍。而且，华为的手机还有一项黑科技——反向充电技术，让你不仅不用担心自己的电量，还能给别人充电！因为，只要打开华为的反向充电设置，你的手机就秒变充电宝：简直造福人类的逆天科技：不仅在充电上下了大工夫，华为还开发了个内嵌的大脑，能火速识别食物、画像、景点等图片。只要将手机镜头对准画像，等待几秒钟后，你就能知道这张图片的所有信息：这技术有多有用呢？比如你在减肥，天天得算各种的卡路里，有了这项技术，只要把手机对在吃的食物上，就能跳出来热量和成分表，帮你精准计算出，每一个食物的卡路里！所以华为在国外开发布会，现场人山人海，参观者无一不啧啧称奇，国外媒体也集体为华为的逆天科技刷屏：这样无所不能的华为手机，对苹果来说，当然是个巨大的威胁。唯一一家没有上市的世界500强企业2018年《财富》世界500强榜单发布，华为跃居排行榜第72位，其营收相当于阿里、百度、腾讯之和，是唯一一家没有上市的500强企业，真是牛叉。我们都知道，阿里、百度、腾讯这些互联网巨头，没有一家是纯中国公司，其背后其实都有大量的外国资本，但华为是一家100%的中国人的公司，而且是唯一一家没有上市圈钱的500强企业。可以这么说，中国如果没有了阿里，腾讯和京东可以分分钟取而代之，但如果中国没有了华为，哪一家公司可以替代？曾经有无数资本想给华为投钱。华为去了美国市场，美国人说，只要你是中方全资背景，我就不买你的设备，但只要让美国人参股，我就给你降低关税，任正非说：“No！”这一句No，你知道损失了多少钱吗？是数以万亿计！但对华为来说，这一点都不重要，我们不是为了钱，而是为了做中国的民族品牌。业务遍布170多个国家和地区，服务全球1/3以上的人口，营收7成来自海外。世界已经无法阻止华为了。尽管频频遭到美国“封杀”，但是欧洲却向华为发放了通行证。自从华为进驻欧洲，就治好了欧洲人爱在地铁上看书的坏习惯。之前国内动不动就宣传欧洲人有素质，在地铁里只看书不玩手机，但真实情况是，欧洲的信号太差了，地铁里根！本！没！有！信！号！大家不要觉得欧洲发达，通讯就会跟着发达。这完全是两码事。一进欧洲的地铁站，基本等同于和外界失联，所以他们只能看书。直到2007年，这种情况才发生了改变，原因是华为拿下了德国的订单。华为拿到订单后，一下子在德国建了8000多个通信基站，于是，德国地铁里终于有信号了。后来地铁里的画风就变成了这样：说真的，有了手机信号，谁还看书啊？哈哈哈哈哈……现在，全球1/3的人都享受着中国通信基站的好处；而在接下来的5G时代，华为更是引领了潮流。今年4月，德国认证机构“ＴüＶ南德意志集团日前已向华为发放了首张5G产品CE-TEC证书。这意味着华为5G基站将合法进入欧盟市场，具备正式向欧洲市场销售和商用的资质。来一波海外广告，感受一下民族企业的强大。巨星梅西成为华为全球形象大使，据悉他平时用的就是华为手机：西班牙首都马德里西班牙大厦主立面上，展示的华为P20Pro手机广告获颁最大户外广告吉尼斯世界纪录。由西班牙著名摄影师欧亨尼奥·雷昆科使用华为P20 Pro手机拍摄制作完成创作，是目前世界上用手机拍摄创作的最大照片：泰国曼谷的曼谷大道世界最大的电子屏上投放了广告，广告铺满整条街道，非常壮观：华为凭什么这么牛？钱给到位了！有一个说法是，华为之所以强大，是因为创始人任正非自己只留有公司1.4%的股权，其余98.6%的股权全部留给员工。除了不能表决出售拥有股票之外，股东可以享受分红，与股票增值的利润，虽然没有上市，但每年所赚取的净利几乎百分之百分配给股东。任正非有一句名言：“钱给多了，不是人才也变成人才。”华为有18万员工，2017年华为销售收入6036亿元，支付员工工资、福利及奖金1402.85亿元。平均到每个人头上的年薪是77.94万元。平均年薪77.94万元！除了华为，哪个企业有这么大方？你知道华为的一名应届生年薪多少吗？27.2万！这是华为在南京高校招聘时曝光的一份合同：更霸气的是，华为高级副总裁陈黎芳亲口说出：“你知道华为年薪超100万的有多少吗？超过1万人。你知道华为年薪超500万的有多少吗？超过1000人。”员工能吃苦。很多公司不肯承认自己是狼性文化。任正非是个例外，他说：做企业就是要培养一批狼，“进了华为就是进了坟墓”。一位日本专家第一天入职华为，曾无比严肃地说：“声明一下，我是个工作狂，经常加班。所以在和大家共事的时候，会占用大家大量非工作时间，请大家配合我的工作！”说完深鞠一躬。三个月后，日本专家辞职了，离开的时候说了一句话：“你们这样加班，是不人道的！”可以说，华为的核心价值观就是艰苦奋斗。在华为，吃苦才是常态。员工出差要么坐早上9点之前的飞机，要么坐晚上6点之后的飞机，如果被发现是工作时间坐飞机，就会遭到通报批评。华为办公室有一个众所周知的“床垫文化”，员工常年备一个垫子，加班的时候拿来打地铺，任正非的办公室也有一个小床。他甚至从不过春节，他的春节不是在工作，就是在去工作的路上。任正非本人也相当勤俭，70多岁的人了，经常被网友拍到深夜一个人在机场排队打车。其实，凭借他如今的身份和地位，完全可以出行有助理保镖、VIP通道，甚至私人飞机。他说：“为了保持华为人的狼性。如果一个公司都是喜羊羊，没有战斗力，缺乏奋斗精神，都贪图享受，都在等靠要，再好的公司也会坐吃山空。”“屁股对着老板，眼睛才能看着客户。”华为内部流传着一个故事，有一次任正非去新疆办事处视察，当时华为的新疆办主任，是一位刚从一线提拔起来的新官，对任正非不是很了解。为了表达对任正非的重视，他租了一辆加长林肯去机场迎接。任正非刚下飞机，一看轿车，人就炸了。他指着鼻子就开骂：“浪费，浪费，纯属浪费！为什么你还要亲自来迎接？你应该待的地方是客户办公室，而不是陪我坐在车里。客户才是你的衣食父母，你应该把时间放在客户身上。”一个人坐地铁他常说，“屁股对着老板，眼睛才能看着客户。”无论什么时候，客户始终是第一位的。其实，欧洲的信号差，也跟通信工程师分不开。跟中国比起来，德国四大运营商：T-Mobile、Vodafone、E-Plus 和 O2，每一家都非常懒惰，没有对比就没有伤害。欧洲的通信工程师们，有事没事就停下来，喝个下午茶。但是华为的通信工程师们就完全是另一种画风了：网络出了问题必定随叫随到，平时加班加点不说，逢年过节也第一时间抢修。不管多么偏远的山区，人拉肩扛也要完成任务。所以，欧洲人对于华为还是从心底佩服的，如果没有华为，欧洲地铁可能每天3/4的时间都不能正常使用网络。华为能有如今的成就，付出了太多常人无法承担的辛酸。2001年，任正非母亲遭遇车祸，当时他人在伊朗，赶回国的时候，已经错过见母亲最后一面，这成了他这辈子最大的遗憾。他本人更是病痛缠身，两次患癌，糖尿病，高血压，抑郁症，折磨了他很多年。他曾写过，“我理解了，社会上那些承受不了的高管，为什么选择自杀。2002年，公司差点崩溃了。IT泡沫破灭，公司内外矛盾交集，我却无力控制这个公司，有半年时间都是噩梦，梦醒时常常哭。”18万员工，有多少人牺牲了本该属于自己的时间和健康，奔赴全球各个角落，好几年无法回家。那里可能正在发生战火，那里可能疾病肆虐，那里可能是悬崖峭壁，那里可能是冰天雪地，但是，他们就在那里。寻常的天伦之乐，对他们来说太奢侈。今天的华为，真的，太不容易。2017年春节，73岁的任正非在玻利维亚度假，因为那里有华为派驻的员工。尽管那里是高原地区，气候恶劣，但他还是去了。他说过：“只要我还飞得动，就会到艰苦地区来看你们，到战乱、瘟疫地区来陪你们。我若贪生怕死，何来让你们去英勇奋斗。”是啊，若是贪生怕死，何来一腔孤勇！他也说过：“国家不能像互联网，成天发牢骚说怪话，也不干活，动不动就搞个小目标，就挣很多钱，这是毒害青少年。青少年还得奋斗，金钱至上的社会中你还能刨出一种精神，这才是留给后人的宝贵财富。”正是有了这些英勇奋斗的人，才能成就华为的辉煌战绩。如今，美国“封杀”它，加拿大阻扰它，恰恰说明了华为的强大，和对方的恐惧。终于有一家民族企业，担负起中国的脊梁，让世界真正看到了我们的强大。作为国人的一份子，对华为的支持，请别光停留在情绪上，请投入到实际行动中：支持华为，支持国货。华为，中华有为。华为挺住！>","type":"unstyled","depth":0,"inlineStyleRanges":[],"entityRanges":[],"data":{}}],"entityMap":{}},"previewText":"<在此填入你的文字>","resourceIdList":[]}',
        '不要觉得苹果高大上，真正高大上的其实是华为！很多人所熟知的华为，只是一个卖手机的。因此，总有人拿华为和苹果做比较，觉得苹果高大上，其实真正高大上的是华为。你知道吗，对于华为来说，手机业务只是副业。否则美国怎么会那么害怕华为进入美国市场，千方百计封杀华为？华为共有三大业务，分别为运营商业务、企业业务和手机业务。其中运营商业务和企业业务都已经做到了世界第一，而手机业务也已经超越苹果，成为全球销量仅次于三星的第二大手机厂商。这意味着什么？三大业务，两个世界第一，一个世界第二！单拿手机来说，华为的表现也是相当强势，几年前还是苹果手机的天下，如今华为手机已经越来越受宠。有个段子说，领导层都在用华为，基层员工还在用苹果。法国球星格里兹曼苹果还是当年的苹果，华为早已不是当年的华为。华为有啥本事，竟抢走了苹果的市场份额？如果你知道，华为手机超多反人类的黑科技，那你就懂了：比如：强大的蓄电功能，充1次顶2天，半小时可以充入70%。没错，充电速度比iPhone X 快4倍。而且，华为的手机还有一项黑科技——反向充电技术，让你不仅不用担心自己的电量，还能给别人充电！因为，只要打开华为的反向充电设置，你的手机就秒变充电宝：简直造福人类的逆天科技：不仅在充电上下了大工夫，华为还开发了个内嵌的大脑，能火速识别食物、画像、景点等图片。只要将手机镜头对准画像，等待几秒钟后，你就能知道这张图片的所有信息：这技术有多有用呢？比如你在减肥，天天得算各种的卡路里，有了这项技术，只要把手机对在吃的食物上，就能跳出来热量和成分表，帮你精准计算出，每一个食物的卡路里！所以华为在国外开发布会，现场人山人海，参观者无一不啧啧称奇，国外媒体也集体为华为的逆天科技刷屏：这样无所不能的华为手机，对苹果来说，当然是个巨大的威胁。唯一一家没有上市的世界500强企业2018年《财富》世界500强榜单发布，华为跃居排行榜第72位，其营收相当于阿里、百度、腾讯之和，是唯一一家没有上市的500强企业，真是牛叉。我们都知道，阿里、百度、腾讯这些互联网巨头，没有一家是纯中国公司，其背后其实都有大量的外国资本，但华为是一家100%的中国人的公司，而且是唯一一家没有上市圈钱的500强企业。可以这么说，中国如果没有了阿里，腾讯和京东可以分分钟取而代之，但如果中国没有了华为，哪一家公司可以替代？曾经有无数资本想给华为投钱。华为去了美国市场，美国人说，只要你是中方全资背景，我就不买你的设备，但只要让美国人参股，我就给你降低关税，任正非说：“No！”这一句No，你知道损失了多少钱吗？是数以万亿计！但对华为来说，这一点都不重要，我们不是为了钱，而是为了做中国的民族品牌。业务遍布170多个国家和地区，服务全球1/3以上的人口，营收7成来自海外。世界已经无法阻止华为了。尽管频频遭到美国“封杀”，但是欧洲却向华为发放了通行证。自从华为进驻欧洲，就治好了欧洲人爱在地铁上看书的坏习惯。之前国内动不动就宣传欧洲人有素质，在地铁里只看书不玩手机，但真实情况是，欧洲的信号太差了，地铁里根！本！没！有！信！号！大家不要觉得欧洲发达，通讯就会跟着发达。这完全是两码事。一进欧洲的地铁站，基本等同于和外界失联，所以他们只能看书。直到2007年，这种情况才发生了改变，原因是华为拿下了德国的订单。华为拿到订单后，一下子在德国建了8000多个通信基站，于是，德国地铁里终于有信号了。后来地铁里的画风就变成了这样：说真的，有了手机信号，谁还看书啊？哈哈哈哈哈……现在，全球1/3的人都享受着中国通信基站的好处；而在接下来的5G时代，华为更是引领了潮流。今年4月，德国认证机构“ＴüＶ南德意志集团日前已向华为发放了首张5G产品CE-TEC证书。这意味着华为5G基站将合法进入欧盟市场，具备正式向欧洲市场销售和商用的资质。来一波海外广告，感受一下民族企业的强大。巨星梅西成为华为全球形象大使，据悉他平时用的就是华为手机：西班牙首都马德里西班牙大厦主立面上，展示的华为P20Pro手机广告获颁最大户外广告吉尼斯世界纪录。由西班牙著名摄影师欧亨尼奥·雷昆科使用华为P20 Pro手机拍摄制作完成创作，是目前世界上用手机拍摄创作的最大照片：泰国曼谷的曼谷大道世界最大的电子屏上投放了广告，广告铺满整条街道，非常壮观：华为凭什么这么牛？钱给到位了！有一个说法是，华为之所以强大，是因为创始人任正非自己只留有公司1.4%的股权，其余98.6%的股权全部留给员工。除了不能表决出售拥有股票之外，股东可以享受分红，与股票增值的利润，虽然没有上市，但每年所赚取的净利几乎百分之百分配给股东。任正非有一句名言：“钱给多了，不是人才也变成人才。”华为有18万员工，2017年华为销售收入6036亿元，支付员工工资、福利及奖金1402.85亿元。平均到每个人头上的年薪是77.94万元。平均年薪77.94万元！除了华为，哪个企业有这么大方？你知道华为的一名应届生年薪多少吗？27.2万！这是华为在南京高校招聘时曝光的一份合同：更霸气的是，华为高级副总裁陈黎芳亲口说出：“你知道华为年薪超100万的有多少吗？超过1万人。你知道华为年薪超500万的有多少吗？超过1000人。”员工能吃苦。很多公司不肯承认自己是狼性文化。任正非是个例外，他说：做企业就是要培养一批狼，“进了华为就是进了坟墓”。一位日本专家第一天入职华为，曾无比严肃地说：“声明一下，我是个工作狂，经常加班。所以在和大家共事的时候，会占用大家大量非工作时间，请大家配合我的工作！”说完深鞠一躬。三个月后，日本专家辞职了，离开的时候说了一句话：“你们这样加班，是不人道的！”可以说，华为的核心价值观就是艰苦奋斗。在华为，吃苦才是常态。员工出差要么坐早上9点之前的飞机，要么坐晚上6点之后的飞机，如果被发现是工作时间坐飞机，就会遭到通报批评。华为办公室有一个众所周知的“床垫文化”，员工常年备一个垫子，加班的时候拿来打地铺，任正非的办公室也有一个小床。他甚至从不过春节，他的春节不是在工作，就是在去工作的路上。任正非本人也相当勤俭，70多岁的人了，经常被网友拍到深夜一个人在机场排队打车。其实，凭借他如今的身份和地位，完全可以出行有助理保镖、VIP通道，甚至私人飞机。他说：“为了保持华为人的狼性。如果一个公司都是喜羊羊，没有战斗力，缺乏奋斗精神，都贪图享受，都在等靠要，再好的公司也会坐吃山空。”“屁股对着老板，眼睛才能看着客户。”华为内部流传着一个故事，有一次任正非去新疆办事处视察，当时华为的新疆办主任，是一位刚从一线提拔起来的新官，对任正非不是很了解。为了表达对任正非的重视，他租了一辆加长林肯去机场迎接。任正非刚下飞机，一看轿车，人就炸了。他指着鼻子就开骂：“浪费，浪费，纯属浪费！为什么你还要亲自来迎接？你应该待的地方是客户办公室，而不是陪我坐在车里。客户才是你的衣食父母，你应该把时间放在客户身上。”一个人坐地铁他常说，“屁股对着老板，眼睛才能看着客户。”无论什么时候，客户始终是第一位的。其实，欧洲的信号差，也跟通信工程师分不开。跟中国比起来，德国四大运营商：T-Mobile、Vodafone、E-Plus 和 O2，每一家都非常懒惰，没有对比就没有伤害。欧洲的通信工程师们，有事没事就停下来，喝个下午茶。但是华为的通信工程师们就完全是另一种画风了：网络出了问题必定随叫随到，平时加班加点不说，逢年过节也第一时间抢修。不管多么偏远的山区，人拉肩扛也要完成任务。所以，欧洲人对于华为还是从心底佩服的，如果没有华为，欧洲地铁可能每天3/4的时间都不能正常使用网络。华为能有如今的成就，付出了太多常人无法承担的辛酸。2001年，任正非母亲遭遇车祸，当时他人在伊朗，赶回国的时候，已经错过见母亲最后一面，这成了他这辈子最大的遗憾。他本人更是病痛缠身，两次患癌，糖尿病，高血压，抑郁症，折磨了他很多年。他曾写过，“我理解了，社会上那些承受不了的高管，为什么选择自杀。2002年，公司差点崩溃了。IT泡沫破灭，公司内外矛盾交集，我却无力控制这个公司，有半年时间都是噩梦，梦醒时常常哭。”18万员工，有多少人牺牲了本该属于自己的时间和健康，奔赴全球各个角落，好几年无法回家。那里可能正在发生战火，那里可能疾病肆虐，那里可能是悬崖峭壁，那里可能是冰天雪地，但是，他们就在那里。寻常的天伦之乐，对他们来说太奢侈。今天的华为，真的，太不容易。2017年春节，73岁的任正非在玻利维亚度假，因为那里有华为派驻的员工。尽管那里是高原地区，气候恶劣，但他还是去了。他说过：“只要我还飞得动，就会到艰苦地区来看你们，到战乱、瘟疫地区来陪你们。我若贪生怕死，何来让你们去英勇奋斗。”是啊，若是贪生怕死，何来一腔孤勇！他也说过：“国家不能像互联网，成天发牢骚说怪话，也不干活，动不动就搞个小目标，就挣很多钱，这是毒害青少年。青少年还得奋斗，金钱至上的社会中你还能刨出一种精神，这才是留给后人的宝贵财富。”正是有了这些英勇奋斗的人，才能成就华为的辉煌战绩。如今，美国“封杀”它，加拿大阻扰它，恰恰说明了华为的强大，和对方的恐惧。终于有一家民族企业，担负起中国的脊梁，让世界真正看到了我们的强大。作为国人的一份子，对华为的支持，请别光停留在情绪上，请投入到实际行动中：支持华为，支持国货。华为，中华有为。华为挺住！');
INSERT INTO youthchina.COM_RICH_TEXT (TEXT_ID, COMPILE_TYPE, JSON_CONTENT, TEXT_CONTENT)
VALUES (134, 1,
        '{"braftEditorRaw":{"blocks":[{"key":"dtj4a","text":"<1. 工作环境坐标深圳龙岗，在公司2012实验室从事研发工作。在华为工作不到2年。岗位属于研发岗，周围接触到很多高学历人才，基本上都是硕士，博士，名校毕业的居多。对比高校，华为这边研发经费充足，有基础技术研发项目，也有很多交付项目，交付项目更多的是落地终端产品，最终商用。在高校做项目，可能发几篇论文或者专利就可以结项了，但在华为这边一般是需要落地到产品的，相应的流程也更完善，更成熟。园区环境整体还是不错的，绿化率很高，园区内有点像公园。A区还有个人工湖，湖内饲养了几只黑天鹅，吃完饭还可以在湖边散步，看看风景。<img src="https://pic4.zhimg.com/v2-d6e12eab91e0ab911d6a40c8ef171d8b_b.jpg" data-caption="" data-size="normal" data-rawwidth="508" data-rawheight="381" data-default-watermark-src="https://pic3.zhimg.com/v2-9994ffc77e138da8e810b871e8b5abd6_b.jpg" class="origin_image zh-lightbox-thumb" width="508" data-original="https://pic4.zhimg.com/v2-d6e12eab91e0ab911d6a40c8ef171d8b_r.jpg">2. 工作日常大部分时间从事基础技术研发，有时候会接到交付项目。大部分的时候，感觉和读研时候做项目比较像，研发氛围和读研期间接近，大家会经常围绕一些技术问题展开讨论，技术分享和研讨氛围比较浓厚，这种氛围下，一方面，大家可以迅速了解到其他同事从事的技术方向，另一方面，好的学习和工作氛围可以产生正向循环，团队的整体能力也会得到相应的提升。3. 感受可以与一群优秀的，积极的、正能量的同事一起共事是一件幸福的事情。可以学到很多东西，个人成长也比较快。4. 关于加班2012实验室这边一般周一、二、四晚上八点四十下班，周三和周五是六点；早上弹性工作，九点半之前到公司都可以；中午午休至两点，统一熄灯休息。加班的晚上有夜宵可以领，25块钱的标准。由于华为整个公司已经比较庞大了，所以一个项目从立项到真正开始研发大概有几个月的闲适期，这期间加班不多，但一旦立项，就是各种拼命赶着催着过点，发版本，这时候加班就比较多了异地研发：这是华为一个轮值CEO想出来的办法，可以减少出差带来的开销，所谓异地研发，就是实质是长时间出差工作，但没有任何出差补贴的工作方式，有的异地研发长达一年。另外在华为工作有一定机会出差到各个地区的研究所，如深圳总部，可以趁机去趟香港购物，也有机会出国进行交流5. 伙食总部这边有很多园区，每个园区都有自己的食堂，饭菜价格比外面便宜，口味也比较多，基本可以满足全国各地员工的饮食需求。6. 团建进公司前，我以为华为研发的气氛可能没那么活跃。毕竟攻城狮和程序猿给大家的普遍印象都是埋头写代码或者看paper的刻板印象，但进公司之后发现不是这样的。我们这边有相应的行政秘书会安排一些团建活动，包括旅行，体育活动（篮球，乒乓球，羽毛球，拔河比赛等等）。如果你积极参与的话还可以结交到很多其他部门的朋友。7. 交通上班地点在公司总部。坂田这边的交通条件在逐渐改善，最快2020年通地铁（10号线）。住在公司附近，平时上班都是走路。其他同事有住在关内的，通勤时间也不会太长，公司有对应的班车路线，一般不会超过1个小时车程。8. 平台从HR支持，IT支持，签证支持，行政支持等等都很完善，基本可以保障员工无后顾之忧，这一点也不是所有公司可以做到的吧9. 应届生分配：不管是本科生，硕士，博士，校招进来基本上是岗位随机分配，你很可能分配到一个岗位从事的方向和你在学校学的专业不同或者相关性不大。应届生需要做好相关心理准备。听说过应届生以前做java开发的，进入公司后做FPGA开发，当然这种大跨度分配的情况比较少见。也有博士方向做语音信号处理，进了公司做AI，这个是根据业务需求所定。也有部分人觉得方向和自己在学校做的方向相差太大而辞职的，各种情况都有。10. 试用期入职初期，公司会给你分配一个思想导师和直接主管，导师和主管会在每个月月初给你制定培养计划，到了月末会组织月度答辩，来检验你这段时间的工作输出。试用期一般是6个月，这期间会面对什么周总结，月总结，季总结等各种总结，来告诉你的导师和主管你没有虚度光阴。原则上来说，当你填写超过4个电子流之后，你就已经拥有转正答辩的资格了。整体来说，华为这边的试用期培训体系还是比较规范的。11. 华为搬迁之前网上传闻的华为搬迁是真的。去年7月，一部分员工搬迁到了松山湖基地。华为松山湖基地，按欧洲小镇的建筑风格建设，分为12个建筑组团，分别模仿牛津、温德米尔、卢森堡、布鲁日、弗里堡、勃艮第、维罗纳、巴黎、格拉纳达、博洛尼亚、海德尔堡、克伦诺夫。基地内有专用轨道车辆连接，将主要服务于华为智能终端总部、东莞松山湖基地的员工通勤，以及重要客户、合作伙伴的园区参观与商务洽谈。华为小火车：<img src="https://pic4.zhimg.com/v2-0ceb32dbb3dfabf36f7319bb90a2c3f3_b.jpg" data-caption="" data-size="normal" data-rawwidth="372" data-rawheight="496" data-default-watermark-src="https://pic1.zhimg.com/v2-5ffcf5dc612e12423b4378ccbc36db50_b.jpg" class="content_image" width="372">12 硬装培训 近几年，华为内部通过一个文件，大意是让新入职的员工参与硬装培训。主要内容是了解公司的无线产品，包括分布式基站的搭建流程，以及一线交付现场的一些实际情况。 培训内容包括微波通信，分布式基站介绍，FTTX等等（光纤到户，光纤到楼等等），培训期间比较辛苦，需要长时间在户外作业，如果遇到炎热天气可能会被晒黑。不过整体上还是有收获的，对公司的产品有了更深的了解。华为就是靠分布式基站打开了欧洲市场，确实是个很大的创新。>","type":"unstyled","depth":0,"inlineStyleRanges":[],"entityRanges":[],"data":{}}],"entityMap":{}},"previewText":"<在此填入你的文字>","resourceIdList":[]}',
        '1. 工作环境坐标深圳龙岗，在公司2012实验室从事研发工作。在华为工作不到2年。岗位属于研发岗，周围接触到很多高学历人才，基本上都是硕士，博士，名校毕业的居多。对比高校，华为这边研发经费充足，有基础技术研发项目，也有很多交付项目，交付项目更多的是落地终端产品，最终商用。在高校做项目，可能发几篇论文或者专利就可以结项了，但在华为这边一般是需要落地到产品的，相应的流程也更完善，更成熟。园区环境整体还是不错的，绿化率很高，园区内有点像公园。A区还有个人工湖，湖内饲养了几只黑天鹅，吃完饭还可以在湖边散步，看看风景。<img src="https://pic4.zhimg.com/v2-d6e12eab91e0ab911d6a40c8ef171d8b_b.jpg" data-caption="" data-size="normal" data-rawwidth="508" data-rawheight="381" data-default-watermark-src="https://pic3.zhimg.com/v2-9994ffc77e138da8e810b871e8b5abd6_b.jpg" class="origin_image zh-lightbox-thumb" width="508" data-original="https://pic4.zhimg.com/v2-d6e12eab91e0ab911d6a40c8ef171d8b_r.jpg">2. 工作日常大部分时间从事基础技术研发，有时候会接到交付项目。大部分的时候，感觉和读研时候做项目比较像，研发氛围和读研期间接近，大家会经常围绕一些技术问题展开讨论，技术分享和研讨氛围比较浓厚，这种氛围下，一方面，大家可以迅速了解到其他同事从事的技术方向，另一方面，好的学习和工作氛围可以产生正向循环，团队的整体能力也会得到相应的提升。3. 感受可以与一群优秀的，积极的、正能量的同事一起共事是一件幸福的事情。可以学到很多东西，个人成长也比较快。4. 关于加班2012实验室这边一般周一、二、四晚上八点四十下班，周三和周五是六点；早上弹性工作，九点半之前到公司都可以；中午午休至两点，统一熄灯休息。加班的晚上有夜宵可以领，25块钱的标准。由于华为整个公司已经比较庞大了，所以一个项目从立项到真正开始研发大概有几个月的闲适期，这期间加班不多，但一旦立项，就是各种拼命赶着催着过点，发版本，这时候加班就比较多了异地研发：这是华为一个轮值CEO想出来的办法，可以减少出差带来的开销，所谓异地研发，就是实质是长时间出差工作，但没有任何出差补贴的工作方式，有的异地研发长达一年。另外在华为工作有一定机会出差到各个地区的研究所，如深圳总部，可以趁机去趟香港购物，也有机会出国进行交流5. 伙食总部这边有很多园区，每个园区都有自己的食堂，饭菜价格比外面便宜，口味也比较多，基本可以满足全国各地员工的饮食需求。6. 团建进公司前，我以为华为研发的气氛可能没那么活跃。毕竟攻城狮和程序猿给大家的普遍印象都是埋头写代码或者看paper的刻板印象，但进公司之后发现不是这样的。我们这边有相应的行政秘书会安排一些团建活动，包括旅行，体育活动（篮球，乒乓球，羽毛球，拔河比赛等等）。如果你积极参与的话还可以结交到很多其他部门的朋友。7. 交通上班地点在公司总部。坂田这边的交通条件在逐渐改善，最快2020年通地铁（10号线）。住在公司附近，平时上班都是走路。其他同事有住在关内的，通勤时间也不会太长，公司有对应的班车路线，一般不会超过1个小时车程。8. 平台从HR支持，IT支持，签证支持，行政支持等等都很完善，基本可以保障员工无后顾之忧，这一点也不是所有公司可以做到的吧9. 应届生分配：不管是本科生，硕士，博士，校招进来基本上是岗位随机分配，你很可能分配到一个岗位从事的方向和你在学校学的专业不同或者相关性不大。应届生需要做好相关心理准备。听说过应届生以前做java开发的，进入公司后做FPGA开发，当然这种大跨度分配的情况比较少见。也有博士方向做语音信号处理，进了公司做AI，这个是根据业务需求所定。也有部分人觉得方向和自己在学校做的方向相差太大而辞职的，各种情况都有。10. 试用期入职初期，公司会给你分配一个思想导师和直接主管，导师和主管会在每个月月初给你制定培养计划，到了月末会组织月度答辩，来检验你这段时间的工作输出。试用期一般是6个月，这期间会面对什么周总结，月总结，季总结等各种总结，来告诉你的导师和主管你没有虚度光阴。原则上来说，当你填写超过4个电子流之后，你就已经拥有转正答辩的资格了。整体来说，华为这边的试用期培训体系还是比较规范的。11. 华为搬迁之前网上传闻的华为搬迁是真的。去年7月，一部分员工搬迁到了松山湖基地。华为松山湖基地，按欧洲小镇的建筑风格建设，分为12个建筑组团，分别模仿牛津、温德米尔、卢森堡、布鲁日、弗里堡、勃艮第、维罗纳、巴黎、格拉纳达、博洛尼亚、海德尔堡、克伦诺夫。基地内有专用轨道车辆连接，将主要服务于华为智能终端总部、东莞松山湖基地的员工通勤，以及重要客户、合作伙伴的园区参观与商务洽谈。华为小火车：<img src="https://pic4.zhimg.com/v2-0ceb32dbb3dfabf36f7319bb90a2c3f3_b.jpg" data-caption="" data-size="normal" data-rawwidth="372" data-rawheight="496" data-default-watermark-src="https://pic1.zhimg.com/v2-5ffcf5dc612e12423b4378ccbc36db50_b.jpg" class="content_image" width="372">12 硬装培训 近几年，华为内部通过一个文件，大意是让新入职的员工参与硬装培训。主要内容是了解公司的无线产品，包括分布式基站的搭建流程，以及一线交付现场的一些实际情况。 培训内容包括微波通信，分布式基站介绍，FTTX等等（光纤到户，光纤到楼等等），培训期间比较辛苦，需要长时间在户外作业，如果遇到炎热天气可能会被晒黑。不过整体上还是有收获的，对公司的产品有了更深的了解。华为就是靠分布式基站打开了欧洲市场，确实是个很大的创新。');
INSERT INTO youthchina.COM_RICH_TEXT (TEXT_ID, COMPILE_TYPE, JSON_CONTENT, TEXT_CONTENT)
VALUES (135, 1,
        '{"braftEditorRaw":{"blocks":[{"key":"dtj4a","text":"<华为没什么了不起的。2018年的财富五百强榜单，华为仅仅位居72名，而三星电子排名12，苹果排名11。华为的很多类别的通讯设备做到了市场第一，很牛逼吧？但是，美国市场就是不对华为开放，你能怎么着？华为的手机业务看似很厉害，但是，离三星和苹果也有很大的差距，目前依然只是世界第三而已。华为海思芯片在安防领域够牛逼了吧？但是，仅仅占了60%多的市场份额而已，连80%都没占到。华为研发投入很多吧？但是，麒麟芯片够牛逼了吧？但是，也仅仅只是用在华为自己的手机上而已。Mate系列卖的很不错吧？一年卖出几千万部？那又怎么样，和iPhone相比，还是差太远了。Mate系列越卖越贵够牛逼了吧？但是，这是不是意味着性价比变低了？得向友商学习，让利于用户，做感动人心的好产品才是真的了不起。华为员工待遇很高吧？但是，不少人天天得加班啊。得向某些公司学习，迟到早退，还能拿高新。任正非很厉害吧？但是，照样也坐机场摆渡巴士，也在机场排队打的。>","type":"unstyled","depth":0,"inlineStyleRanges":[],"entityRanges":[],"data":{}}],"entityMap":{}},"previewText":"<在此填入你的文字>","resourceIdList":[]}',
        '华为没什么了不起的。2018年的财富五百强榜单，华为仅仅位居72名，而三星电子排名12，苹果排名11。华为的很多类别的通讯设备做到了市场第一，很牛逼吧？但是，美国市场就是不对华为开放，你能怎么着？华为的手机业务看似很厉害，但是，离三星和苹果也有很大的差距，目前依然只是世界第三而已。华为海思芯片在安防领域够牛逼了吧？但是，仅仅占了60%多的市场份额而已，连80%都没占到。华为研发投入很多吧？但是，麒麟芯片够牛逼了吧？但是，也仅仅只是用在华为自己的手机上而已。Mate系列卖的很不错吧？一年卖出几千万部？那又怎么样，和iPhone相比，还是差太远了。Mate系列越卖越贵够牛逼了吧？但是，这是不是意味着性价比变低了？得向友商学习，让利于用户，做感动人心的好产品才是真的了不起。华为员工待遇很高吧？但是，不少人天天得加班啊。得向某些公司学习，迟到早退，还能拿高新。任正非很厉害吧？但是，照样也坐机场摆渡巴士，也在机场排队打的。');
INSERT INTO youthchina.COM_RICH_TEXT (TEXT_ID, COMPILE_TYPE, JSON_CONTENT, TEXT_CONTENT)
VALUES (136, 1,
        '{"braftEditorRaw":{"blocks":[{"key":"dtj4a","text":"<除了华为，你看看我国的其他企业，深入了解一下会被气得半死。首先是现在大力扶持的中小企业，非一线城市的中小企业都是利用我国的廉价劳动力进行简单的copy，目前我家乡有锅炉厂（冬季个体户取暖的锅炉）、食品厂（就是几毛几块那种小零食）、造纸厂、化肥厂等，这些企业粗放式发展，严重污染环境（家乡一段时间自来水有异味和颜色，检测部分居然检测合格），工人要不驻厂，要不两班倒没有假期，工资500-1500元（根本没有人鸟劳动法，反正最不缺的就是工人了），产品没有任何技术含量，质量很差，可替代性极强（事实上没有APEC蓝之前县里的十几个锅炉厂都活得十分滋润，然后一纸命令下来就全部倒闭了...）。不要忙着鄙视这些企业，这些企业提供了最基础的就业，这样的血汗工厂的岗位在小地方已经是香饽饽了。然后是一线城市所谓的创新企业，整天想的都是搞一些PPT产品，然后融资骗国家补助。我的一个同学跟着一位做无人驾驶的博士创业，目标是竞争击败国内仅有的另外一家同行，然后融资上市达到所有员工资产过亿。目标就是画大饼引投资，全部员工还不如大学一个课题组多，也根本没想和Google、NVIDIA、Tesla竞争，就是骗投资和骗政策罢了，反正输给那几位巨头谁都很无奈，你政府事后还有什么说的（“傻子太多，骗子不够用了”非常适合这些所谓的创新企业和政策扶持）。大部分的大型民营企业就是第一部分的扩大版罢了。中国的市场太大了，舒适的环境让他们可以靠着一种原始的产品获利几十年，技术扩展能力几乎为零。就算我们曾经引以为傲的白色家电，高端和商业领域也难称强者。还有一些日用品总是想着往传销方面发展，很严重的就不说了，我一直不明白汤臣倍健的运动补剂是如何做到质量低于外国同行的情况下售价还能碾压外国同行。一个乳清蛋白提取技术有那么费劲吗？部分企业老板的暴发户嘴脸大家也看到了，一面违法犯罪谋财害命（黄赌毒重灾区），一面高调慈善宣扬脑残文化（比如某人的电梯理论和员工应主动为老板提供性服务理论）。一方面企业创新能力是废物，一方面领军人物又这么恶心，还热衷于走原教旨资本主义道路继续发展，实在是爱不起来。大型国企确实有一定的担当，虽然经济学的主流是认为国企废物，但我国的一小部分国企和民营企业做比较还是比较给力的。不过许多处于垄断地位的国企真是尸位素餐，掌握最大的资源和话语权不干事，还整天琢磨着给想干事的人挖坑，明明是暴利行业硬是可以做到亏损（同时员工的福利高到必须通过关系进入）。这些国家支柱行业的国企大部分时候只能做到不拖国家后腿。另外还有一个非常令人气愤的现实就是国企对技术人才的埋没和驱离。国内有平台的没待遇，纵然愿意“以身许国”，看到和同学相差十多倍的收入水平，打着光棍，每天受行政岗位的欺负，一年可以，十年谁可以坚持下来？一个人可以坚持下来，你的父母好不容易将你培养出来，你连让父母去北京看病的能力都没有，你还能坚持自己的信念吗？有待遇又有平台，你只能去外企了。外企的利润真的那么高吗？我们国家企业的利润难道不足以按照劳动法给工人正常待遇吗？困难到招一个博士会让企业破产的地步吗？那么多的富二代又是哪里来的呢？和这些大部分企业相比，华为算是很可爱了，企业内部管理能吃多少苦就给多少钱，外部产品也很争气，通信技术甚至代表了国家方案。华为一个公司干着爱立信、思科、高通和小米的活。如果我国还有类似企业我会更高兴，但是确实比较缺乏。如果我国有Intel、arm、NVIDIA、AMD、Google这样的信息类企业，有蔡司、JEOL、Gatan、Oxford这样的科技装备企业，有更靠谱的日化、家具产业，我也会很尊敬他们。如果联想的掌舵人叫倪光南，估计也是值得尊敬的，可惜联想现在是杨柳轻飏直上重霄九。华为当然有黑点，不过在全国上下不尊重劳动法，没有强有力工会的情况下，首先要指责和处理的并不是一个已经给够待遇的公司。利益相关：本人米粉，自己用过和给家人买过红米note2，红米note3，小米5sPlus，小米6，小米8。我认为小米确实为智能手机的降价做出了巨大贡献，智能设备快速普及又为互联网产业的发展提供了基础，初期的小米和红米做了一件功德无量的事。我并不认同所谓没有小米只能手机也会迅速降价的说法——实际上即便有了小米，线下手机也基本没有降价。资本绝不会主动缩减利润，国内很多技术没有突破之前就得高价买国外产品，突破之后国外产品价格一下跌到原来的百分之一甚至千分之一，你并不能说我国科学家浪费国家钱财攻克国外垄断没有创造产业价值——那省下来的99%的采购费用就是我国科学家创造的价值。举一个实际的例子：一个滤波器我能卖20美元为什么要以4美分卖给你？一个烤瓷牙能用几千元卖为什么要用几十元的成本价卖给你？眼镜能卖几百元凭什么要几十元卖？现在早就是商品社会了。赞扬华为，这是我的民族立场。赞扬小米，这是我的阶级立场。>","type":"unstyled","depth":0,"inlineStyleRanges":[],"entityRanges":[],"data":{}}],"entityMap":{}},"previewText":"<在此填入你的文字>","resourceIdList":[]}',
        '除了华为，你看看我国的其他企业，深入了解一下会被气得半死。首先是现在大力扶持的中小企业，非一线城市的中小企业都是利用我国的廉价劳动力进行简单的copy，目前我家乡有锅炉厂（冬季个体户取暖的锅炉）、食品厂（就是几毛几块那种小零食）、造纸厂、化肥厂等，这些企业粗放式发展，严重污染环境（家乡一段时间自来水有异味和颜色，检测部分居然检测合格），工人要不驻厂，要不两班倒没有假期，工资500-1500元（根本没有人鸟劳动法，反正最不缺的就是工人了），产品没有任何技术含量，质量很差，可替代性极强（事实上没有APEC蓝之前县里的十几个锅炉厂都活得十分滋润，然后一纸命令下来就全部倒闭了...）。不要忙着鄙视这些企业，这些企业提供了最基础的就业，这样的血汗工厂的岗位在小地方已经是香饽饽了。然后是一线城市所谓的创新企业，整天想的都是搞一些PPT产品，然后融资骗国家补助。我的一个同学跟着一位做无人驾驶的博士创业，目标是竞争击败国内仅有的另外一家同行，然后融资上市达到所有员工资产过亿。目标就是画大饼引投资，全部员工还不如大学一个课题组多，也根本没想和Google、NVIDIA、Tesla竞争，就是骗投资和骗政策罢了，反正输给那几位巨头谁都很无奈，你政府事后还有什么说的（“傻子太多，骗子不够用了”非常适合这些所谓的创新企业和政策扶持）。大部分的大型民营企业就是第一部分的扩大版罢了。中国的市场太大了，舒适的环境让他们可以靠着一种原始的产品获利几十年，技术扩展能力几乎为零。就算我们曾经引以为傲的白色家电，高端和商业领域也难称强者。还有一些日用品总是想着往传销方面发展，很严重的就不说了，我一直不明白汤臣倍健的运动补剂是如何做到质量低于外国同行的情况下售价还能碾压外国同行。一个乳清蛋白提取技术有那么费劲吗？部分企业老板的暴发户嘴脸大家也看到了，一面违法犯罪谋财害命（黄赌毒重灾区），一面高调慈善宣扬脑残文化（比如某人的电梯理论和员工应主动为老板提供性服务理论）。一方面企业创新能力是废物，一方面领军人物又这么恶心，还热衷于走原教旨资本主义道路继续发展，实在是爱不起来。大型国企确实有一定的担当，虽然经济学的主流是认为国企废物，但我国的一小部分国企和民营企业做比较还是比较给力的。不过许多处于垄断地位的国企真是尸位素餐，掌握最大的资源和话语权不干事，还整天琢磨着给想干事的人挖坑，明明是暴利行业硬是可以做到亏损（同时员工的福利高到必须通过关系进入）。这些国家支柱行业的国企大部分时候只能做到不拖国家后腿。另外还有一个非常令人气愤的现实就是国企对技术人才的埋没和驱离。国内有平台的没待遇，纵然愿意“以身许国”，看到和同学相差十多倍的收入水平，打着光棍，每天受行政岗位的欺负，一年可以，十年谁可以坚持下来？一个人可以坚持下来，你的父母好不容易将你培养出来，你连让父母去北京看病的能力都没有，你还能坚持自己的信念吗？有待遇又有平台，你只能去外企了。外企的利润真的那么高吗？我们国家企业的利润难道不足以按照劳动法给工人正常待遇吗？困难到招一个博士会让企业破产的地步吗？那么多的富二代又是哪里来的呢？和这些大部分企业相比，华为算是很可爱了，企业内部管理能吃多少苦就给多少钱，外部产品也很争气，通信技术甚至代表了国家方案。华为一个公司干着爱立信、思科、高通和小米的活。如果我国还有类似企业我会更高兴，但是确实比较缺乏。如果我国有Intel、arm、NVIDIA、AMD、Google这样的信息类企业，有蔡司、JEOL、Gatan、Oxford这样的科技装备企业，有更靠谱的日化、家具产业，我也会很尊敬他们。如果联想的掌舵人叫倪光南，估计也是值得尊敬的，可惜联想现在是杨柳轻飏直上重霄九。华为当然有黑点，不过在全国上下不尊重劳动法，没有强有力工会的情况下，首先要指责和处理的并不是一个已经给够待遇的公司。利益相关：本人米粉，自己用过和给家人买过红米note2，红米note3，小米5sPlus，小米6，小米8。我认为小米确实为智能手机的降价做出了巨大贡献，智能设备快速普及又为互联网产业的发展提供了基础，初期的小米和红米做了一件功德无量的事。我并不认同所谓没有小米只能手机也会迅速降价的说法——实际上即便有了小米，线下手机也基本没有降价。资本绝不会主动缩减利润，国内很多技术没有突破之前就得高价买国外产品，突破之后国外产品价格一下跌到原来的百分之一甚至千分之一，你并不能说我国科学家浪费国家钱财攻克国外垄断没有创造产业价值——那省下来的99%的采购费用就是我国科学家创造的价值。举一个实际的例子：一个滤波器我能卖20美元为什么要以4美分卖给你？一个烤瓷牙能用几千元卖为什么要用几十元的成本价卖给你？眼镜能卖几百元凭什么要几十元卖？现在早就是商品社会了。赞扬华为，这是我的民族立场。赞扬小米，这是我的阶级立场。');
INSERT INTO youthchina.COM_RICH_TEXT (TEXT_ID, COMPILE_TYPE, JSON_CONTENT, TEXT_CONTENT)
VALUES (137, 1,
        '{"braftEditorRaw":{"blocks":[{"key":"dtj4a","text":"<其实放在以往任何一年，小米的新机发售对于公司都很重要，但是绝对不会像小米7这样有着如此重要意义。最关键的原因有两点：其一，2018年是小米公司的资本大年。有关小米拟上市的传闻不绝于耳，且小米生态链企业华米已经在纽交所上市，总融资额超1.1亿美元。 在这个节点，小米7的销量不仅仅是在跟智能手机行业的几个老冤家PK，还是在给资本市场交上一份最关键的成绩单。有不确定消息称，小米计划于2018年第三季度末于港交所上市，估值希望达到900亿美元-1100亿美元，P/E（市盈率）60倍。如果小米要支撑如此庞大的估值，就需要一个稳定高增长的主营业务作为强力支撑，小米手机在其中就要扮演这个角色。小米生态链公司虽然布局密集遍地开花，但是智能手机才是所有生态链的总开关。如果不能取得决定性优势，那么小米充其量就是一家互联网时代的百货公司，小米费尽周折围绕软件、硬件的合连纵横都变得没有意义。举个例子，根据艾瑞指数显示，目前聚合视频领域排名第一的App是小米视频。很奇怪吧，聚合视频领域第一居然不是我们熟知的百度视频搜索，也不是B站和360影视大全，这些在聚合视频领域深耕已久的老牌平台纷纷输给了小米。原因在于，小米视频内置于自家智能手机和各类平板产品当中，小米手机的销量将会带动小米手机应用生态的规模化提升。其实以前通过合约机玩手机捆绑的应用也有很多，大多遭到用户的强烈抵制，不惜用外挂工具也要把这些“狗皮膏药”移除。但小米会员体系的建设很好的解决了这个问题，也因为如此，小米手机的销量完全可被视为小米整个生态的晴雨表，意义非凡。其二，2017年小米手机刚刚从低谷重返华山之巅，接下来是“高开高走”还是“高开高走”非常关键。2017年，小米提前实现了年初提出的营收过千亿目标，市场份额回到世界前五。在此基础上雷军还提出了一个新目标：10个季度内，国内市场重回第一。要想实现这个目标，小米各种机型带来的长尾销量需要分担一部分压力，但眼下聚光灯下的小米7才是真正的扛把子，也是小米能否提振市场信心的关键一战。从低谷重返舞台中央的昙花一现市场见过太多了，现在来看小米也完全有可能只是昙花一现。知名市场统计公司IDC的数据显示，从全球智能手机市场看，去年第四季度和全年，小米手机出货量分别同比增长96.9%和74.5%。相比之下，在中国智能手机市场，去年第四季度和全年，小米手机出货量同比增长分别为57.6%和32.6%，是全球手机市场同比增长率的59.4%和43.8%，依然没有摆脱华为和OV二厂的压制。这个时候，小米7需要在新机市场上杀出一条血路，打出当年“为发烧而生”的气势。2018年，是小米手机还是“世界的小米”，让我们拭目以待。>","type":"unstyled","depth":0,"inlineStyleRanges":[],"entityRanges":[],"data":{}}],"entityMap":{}},"previewText":"<在此填入你的文字>","resourceIdList":[]}',
        '其实放在以往任何一年，小米的新机发售对于公司都很重要，但是绝对不会像小米7这样有着如此重要意义。最关键的原因有两点：其一，2018年是小米公司的资本大年。有关小米拟上市的传闻不绝于耳，且小米生态链企业华米已经在纽交所上市，总融资额超1.1亿美元。 在这个节点，小米7的销量不仅仅是在跟智能手机行业的几个老冤家PK，还是在给资本市场交上一份最关键的成绩单。有不确定消息称，小米计划于2018年第三季度末于港交所上市，估值希望达到900亿美元-1100亿美元，P/E（市盈率）60倍。如果小米要支撑如此庞大的估值，就需要一个稳定高增长的主营业务作为强力支撑，小米手机在其中就要扮演这个角色。小米生态链公司虽然布局密集遍地开花，但是智能手机才是所有生态链的总开关。如果不能取得决定性优势，那么小米充其量就是一家互联网时代的百货公司，小米费尽周折围绕软件、硬件的合连纵横都变得没有意义。举个例子，根据艾瑞指数显示，目前聚合视频领域排名第一的App是小米视频。很奇怪吧，聚合视频领域第一居然不是我们熟知的百度视频搜索，也不是B站和360影视大全，这些在聚合视频领域深耕已久的老牌平台纷纷输给了小米。原因在于，小米视频内置于自家智能手机和各类平板产品当中，小米手机的销量将会带动小米手机应用生态的规模化提升。其实以前通过合约机玩手机捆绑的应用也有很多，大多遭到用户的强烈抵制，不惜用外挂工具也要把这些“狗皮膏药”移除。但小米会员体系的建设很好的解决了这个问题，也因为如此，小米手机的销量完全可被视为小米整个生态的晴雨表，意义非凡。其二，2017年小米手机刚刚从低谷重返华山之巅，接下来是“高开高走”还是“高开高走”非常关键。2017年，小米提前实现了年初提出的营收过千亿目标，市场份额回到世界前五。在此基础上雷军还提出了一个新目标：10个季度内，国内市场重回第一。要想实现这个目标，小米各种机型带来的长尾销量需要分担一部分压力，但眼下聚光灯下的小米7才是真正的扛把子，也是小米能否提振市场信心的关键一战。从低谷重返舞台中央的昙花一现市场见过太多了，现在来看小米也完全有可能只是昙花一现。知名市场统计公司IDC的数据显示，从全球智能手机市场看，去年第四季度和全年，小米手机出货量分别同比增长96.9%和74.5%。相比之下，在中国智能手机市场，去年第四季度和全年，小米手机出货量同比增长分别为57.6%和32.6%，是全球手机市场同比增长率的59.4%和43.8%，依然没有摆脱华为和OV二厂的压制。这个时候，小米7需要在新机市场上杀出一条血路，打出当年“为发烧而生”的气势。2018年，是小米手机还是“世界的小米”，让我们拭目以待。');
INSERT INTO youthchina.COM_RICH_TEXT (TEXT_ID, COMPILE_TYPE, JSON_CONTENT, TEXT_CONTENT)
VALUES (138, 1,
        '{"braftEditorRaw":{"blocks":[{"key":"dtj4a","text":"<小米现在的战略选择应该是很清楚的，而且我个人认为很正确，但是小米手机本身其实没有什么反弹，全部都是在补过去对生产投资，供应链投资和渠道铺货的旧账。小米的战略选择好的方面建立了以小米之家为核心的商业模式，一方面扩大优质SKU，一方面也在区隔小米品牌，米家品牌和生态链品牌，凡客的惨剧历历在目，可以的看得出来雷总在尽可能避免凡客的杯具在小米身上重演小米手机以量争取重新崛起的时间。我始终不认可小米已经反弹这句话，至于为什么我最后说一下。小米现在手机的策略似乎就是每年一两款旗舰机继续扛品牌，然后通过走量的机器给小米手机业务争取逆转的时间和空间，这个我不能说不对，但缺失的东西始终要补课，用巨量的钱来补课。小米自己的蝴蝶效应其实对高通，对OV，对魅族，对华为都产生了深渊的影响，特别是对高通和OV。OVM其实是一个阵营的伙伴，2018年这三家抱团取暖其实比撕逼斗争更有用，况且这三家也不算竞争对手，定位和出货价位段差别很大。这三家应该思考的是怎么把845和670的价位段做上去，圈住更多有价值的用户实现更多的业务可能。临近上市，各种软文砸到市场上，但恕我直言，从买方眼里看很多都不太能站住脚，但我相信在IPO前夕整个小米生态会有个比较大的变化。我现在来说说可能让米粉不爱听的话，小米手机为什么没有逆转，我只说干货：2017年小米在印度大概卖了400亿的手机，利润创造了一个新低的奇迹，低到我都没法信2018月1月1日，我请朋友吃饭，让他把公司后台数据拉了一下给我看，这是中国领先的硬核游戏平台，光是OPPO所有机型的DAU就是小米的十倍以上，小米有且仅有米6在平台上有显现，其他机型一概欠奉，这就是说，即便是游戏，小米用户也不再是市场的主力了。2017年度，HOV尽管出货都未达预期，但宏观原因很多，值得关注的是，2017年是vivo有史以来第一次互联网和增值业务利润超越手机硬件利润，达到56%，OPPO那边也一样，华为也取得了翻倍的增值业务利润增长。这说明什么呢？说明单就手机生态而言，价位段，单一型号出货量和用户价值是紧密挂钩的，和手机配置其实没什么关系，小米恰恰在这个问题上深陷囚徒困境，这个问题是我从2017年4月份就一直在说的。（所以本题下的有些答案，有些行业评论讲OV靠粉丝，华为靠爵士，小米靠年轻人的未来是完全站不住脚的。至少从财务数据看，小米完全没有抓住中国最有消费能力的年轻人和中产阶级，这是小米手机衰退的最核心原因）2017年10月份，我和一个研究员辩论小米手机，他让他女朋友拉一个游戏产品的终端列表，这个游戏国内是TOP2吧，某万亿公司股价的发动机，小米连续9个月没有增长，这意味着什么呢？这意味着小米用户全面从国内主流游戏生态内消失了。我从来都是不信媒体新闻，所以你们知道我一般不会引用媒体数据，大多数不可信，我只找核心证据。2018年，小米的战略已经很清楚，似乎也不太缺钱，他们正在继续补课，而且用量换时间和空间，所以没必要那么悲观，我的态度是中性的，如果小米能在下面几个维度实现逆转，那就是真的逆转了：国内主要游戏平台小米主力机型渗透率超过30%，目前大概10%都没有，游戏行业被OV垄断，小米自己的RTB广告收入能创新高且业界公认小米的流量是有价值的（目前小米的流量质量怎么样我都不好意思说）国内主要阅读，电商平台小米渗透率回归2014年的水平小米能有勇气像2014年那样公开自己互联网业务收入，利润和渗透率，而不是晒出货量。最后，建议小米把公关部最好清洗一下，目前这个策略实在是不太行，只能让人越来越反感。哦，最后纠正大家一个认知偏差：评价一个厂商在某个价位段或者定位是不是有资格，要用销量和市占率来评价，用单一产品评价是没有意义的，所以MIX2不能证明小米有能力做3000价位段。3000价位段的玩家只有HOV，就如同Xplay6不能证明vivo有能力做4500价位段，就连vivo自己都在头疼新的845旗舰如何取得比Xplay6数倍的增长。至于对什么全面屏定义的公关嘴仗，我是没兴趣分析的，都是我从业多年玩剩下的。核心还是要靠销量来奠定企业的行业地位，真假全面屏有那么重要么？>","type":"unstyled","depth":0,"inlineStyleRanges":[],"entityRanges":[],"data":{}}],"entityMap":{}},"previewText":"<在此填入你的文字>","resourceIdList":[]}',
        '小米现在的战略选择应该是很清楚的，而且我个人认为很正确，但是小米手机本身其实没有什么反弹，全部都是在补过去对生产投资，供应链投资和渠道铺货的旧账。小米的战略选择好的方面建立了以小米之家为核心的商业模式，一方面扩大优质SKU，一方面也在区隔小米品牌，米家品牌和生态链品牌，凡客的惨剧历历在目，可以的看得出来雷总在尽可能避免凡客的杯具在小米身上重演小米手机以量争取重新崛起的时间。我始终不认可小米已经反弹这句话，至于为什么我最后说一下。小米现在手机的策略似乎就是每年一两款旗舰机继续扛品牌，然后通过走量的机器给小米手机业务争取逆转的时间和空间，这个我不能说不对，但缺失的东西始终要补课，用巨量的钱来补课。小米自己的蝴蝶效应其实对高通，对OV，对魅族，对华为都产生了深渊的影响，特别是对高通和OV。OVM其实是一个阵营的伙伴，2018年这三家抱团取暖其实比撕逼斗争更有用，况且这三家也不算竞争对手，定位和出货价位段差别很大。这三家应该思考的是怎么把845和670的价位段做上去，圈住更多有价值的用户实现更多的业务可能。临近上市，各种软文砸到市场上，但恕我直言，从买方眼里看很多都不太能站住脚，但我相信在IPO前夕整个小米生态会有个比较大的变化。我现在来说说可能让米粉不爱听的话，小米手机为什么没有逆转，我只说干货：2017年小米在印度大概卖了400亿的手机，利润创造了一个新低的奇迹，低到我都没法信2018月1月1日，我请朋友吃饭，让他把公司后台数据拉了一下给我看，这是中国领先的硬核游戏平台，光是OPPO所有机型的DAU就是小米的十倍以上，小米有且仅有米6在平台上有显现，其他机型一概欠奉，这就是说，即便是游戏，小米用户也不再是市场的主力了。2017年度，HOV尽管出货都未达预期，但宏观原因很多，值得关注的是，2017年是vivo有史以来第一次互联网和增值业务利润超越手机硬件利润，达到56%，OPPO那边也一样，华为也取得了翻倍的增值业务利润增长。这说明什么呢？说明单就手机生态而言，价位段，单一型号出货量和用户价值是紧密挂钩的，和手机配置其实没什么关系，小米恰恰在这个问题上深陷囚徒困境，这个问题是我从2017年4月份就一直在说的。（所以本题下的有些答案，有些行业评论讲OV靠粉丝，华为靠爵士，小米靠年轻人的未来是完全站不住脚的。至少从财务数据看，小米完全没有抓住中国最有消费能力的年轻人和中产阶级，这是小米手机衰退的最核心原因）2017年10月份，我和一个研究员辩论小米手机，他让他女朋友拉一个游戏产品的终端列表，这个游戏国内是TOP2吧，某万亿公司股价的发动机，小米连续9个月没有增长，这意味着什么呢？这意味着小米用户全面从国内主流游戏生态内消失了。我从来都是不信媒体新闻，所以你们知道我一般不会引用媒体数据，大多数不可信，我只找核心证据。2018年，小米的战略已经很清楚，似乎也不太缺钱，他们正在继续补课，而且用量换时间和空间，所以没必要那么悲观，我的态度是中性的，如果小米能在下面几个维度实现逆转，那就是真的逆转了：国内主要游戏平台小米主力机型渗透率超过30%，目前大概10%都没有，游戏行业被OV垄断，小米自己的RTB广告收入能创新高且业界公认小米的流量是有价值的（目前小米的流量质量怎么样我都不好意思说）国内主要阅读，电商平台小米渗透率回归2014年的水平小米能有勇气像2014年那样公开自己互联网业务收入，利润和渗透率，而不是晒出货量。最后，建议小米把公关部最好清洗一下，目前这个策略实在是不太行，只能让人越来越反感。哦，最后纠正大家一个认知偏差：评价一个厂商在某个价位段或者定位是不是有资格，要用销量和市占率来评价，用单一产品评价是没有意义的，所以MIX2不能证明小米有能力做3000价位段。3000价位段的玩家只有HOV，就如同Xplay6不能证明vivo有能力做4500价位段，就连vivo自己都在头疼新的845旗舰如何取得比Xplay6数倍的增长。至于对什么全面屏定义的公关嘴仗，我是没兴趣分析的，都是我从业多年玩剩下的。核心还是要靠销量来奠定企业的行业地位，真假全面屏有那么重要么？');
INSERT INTO youthchina.COM_RICH_TEXT (TEXT_ID, COMPILE_TYPE, JSON_CONTENT, TEXT_CONTENT)
VALUES (139, 1,
        '{"braftEditorRaw":{"blocks":[{"key":"dtj4a","text":"<有多少米粉，就是因为这个价值观而成了米粉。打开小米商城，映入眼帘，让每个人都能享受科技的乐趣。小米这么说了，也这么做了。就像一个执着于自己梦想的青年人一样。从手机到充电宝，小米让我们花更少的钱用上了品质更好的产品。从净化器到平衡车，小米一次又一次的将那些本来花高价才能享受到的产品走进了越来越多人的生活和家庭。试想一下，如果全面屏这个技术是由三星苹果推动起来的，可能会垄断这个技术两三年，售价也可能在6K以上。这种价格对于我这种普通工薪家庭的大学生来说，只能在商场里的柜台里看看。而小米，让我拥有这样的全面屏手机有了可能。利用学校课余时间兼职，或许两三个月就能买到。我个人还购买了几十件小米和米家的产品。例如最近购买的降噪耳机和电动牙刷。和顶级厂商的旗舰产品肯定没法比，但肯定物有所值。用友商百分之50价格做到百分之80品质的产品。小米总能用一个更低的平民化的价格让我去接触到那些原本只能看看的产品。正是因为小米的这种理念，让我成为一个米粉。而这些，都是周围其他人可能不理解的。>","type":"unstyled","depth":0,"inlineStyleRanges":[],"entityRanges":[],"data":{}}],"entityMap":{}},"previewText":"<在此填入你的文字>","resourceIdList":[]}',
        '有多少米粉，就是因为这个价值观而成了米粉。打开小米商城，映入眼帘，让每个人都能享受科技的乐趣。小米这么说了，也这么做了。就像一个执着于自己梦想的青年人一样。从手机到充电宝，小米让我们花更少的钱用上了品质更好的产品。从净化器到平衡车，小米一次又一次的将那些本来花高价才能享受到的产品走进了越来越多人的生活和家庭。试想一下，如果全面屏这个技术是由三星苹果推动起来的，可能会垄断这个技术两三年，售价也可能在6K以上。这种价格对于我这种普通工薪家庭的大学生来说，只能在商场里的柜台里看看。而小米，让我拥有这样的全面屏手机有了可能。利用学校课余时间兼职，或许两三个月就能买到。我个人还购买了几十件小米和米家的产品。例如最近购买的降噪耳机和电动牙刷。和顶级厂商的旗舰产品肯定没法比，但肯定物有所值。用友商百分之50价格做到百分之80品质的产品。小米总能用一个更低的平民化的价格让我去接触到那些原本只能看看的产品。正是因为小米的这种理念，让我成为一个米粉。而这些，都是周围其他人可能不理解的。');
INSERT INTO youthchina.COM_RICH_TEXT (TEXT_ID, COMPILE_TYPE, JSON_CONTENT, TEXT_CONTENT)
VALUES (140, 1,
        '{"braftEditorRaw":{"blocks":[{"key":"dtj4a","text":"<我的回答是：小米成为华为三星苹果这样的世界级企业的可能性非常小。华为成立于1987年，三星成立于1938年苹果成立于1976年高通成立于1985而小米公司成立于2010年，跟华为差了23年跟三星差了72年跟苹果差了34年，跟高通差了25年，一个企业是需要积累经验和技术的，几十年的技术经验的积累，如此巨大的差距不是一朝一夕就可以抹平，而小米这种没有硬件技术，没有经验积累，没有家底的企业，除非各大巨头走向衰弱，否则小米是做不大的。先说华为，把华为分为三部分，1.移动通信，华为通信完全可以把欧洲老牌通信企业踩在脚下，可以和美国巨头高通平分秋色，且是欧美国家的重点打压对象，这些足以证明华为的强大。2.手机，从山寨贴牌时代到中华酷联再到如今的华米OV，华为是唯一一家活着出来且做大做强的国产品牌。3.芯片，芯片不光只有手机处理器，所有的智能设备都需要芯片，一部小小的手机可不仅仅只有一个处理器而已，它有几个甚至十几个不同的芯片相互合作，华为的海思麒麟，做手机SOC的也就高通、联发科，三星、苹果、华为这三家都是自用，不对外出售。海思麒麟于2004年成立，它的前身是创立于1991年的华为集成电路设计中心，也就是说华为在创立海思之前就已经积累13年的芯片设计经验。且从04年起至16年麒麟处理器都被高通压一头，直到970面世才做到与高通平分秋色的局面，从零开始到持平一个经验丰富的巨头。仔细想想这些事情谈何容易？小米的澎湃系列再出了一个很平庸的中端S1处理器之外就没有声响了，到现在也没憋出个大招来，足以看出芯片设计谈何容易？还是期待2019小米能不能憋个大招出来，有了硬件技术才能稳住根基。三星大致分三点吧，主要说与手机相关的事物。1.手机，三星手机，三星在全球有很高的出货量，虽然在国内份额持续下跌，但它仍是手机行业的霸主之一。三星在手机方面的造诣也是小米这种体量难以到达的。2.芯片，既然说过海思了，那么三星半导体也不需要怎么描述了。3.手机组件，如屏幕、内存等，这些组件都是手机的必要组成部分，这些都是硬件技术，而小米不具备制造基础硬件的能力，也就是说，小米要靠整合别人的东西来组成自己的东西，这就相当于命根子握在别人手里，一旦触碰到别人的蛋糕，很容易被人掐脖子。其他的以后再更，就先说这么多了。总的来说就是，小米不具备硬件掌控能力，容易被限制，像三星华为这样的企业就是：友谊的小船我一个人也能滑而小米则是：友谊的小船要我们一起滑最后一点：一定要理解！一定要知道！小米是一家互联网企业！而不是华为三星这种具备硬件实力的制造业巨头。小米现在还无法与这些实力强大的前辈较量，只能期待它以后能成长起来，成为下一个如同华为一样拥有自主实力的巨头！>","type":"unstyled","depth":0,"inlineStyleRanges":[],"entityRanges":[],"data":{}}],"entityMap":{}},"previewText":"<在此填入你的文字>","resourceIdList":[]}',
        '我的回答是：小米成为华为三星苹果这样的世界级企业的可能性非常小。华为成立于1987年，三星成立于1938年苹果成立于1976年高通成立于1985而小米公司成立于2010年，跟华为差了23年跟三星差了72年跟苹果差了34年，跟高通差了25年，一个企业是需要积累经验和技术的，几十年的技术经验的积累，如此巨大的差距不是一朝一夕就可以抹平，而小米这种没有硬件技术，没有经验积累，没有家底的企业，除非各大巨头走向衰弱，否则小米是做不大的。先说华为，把华为分为三部分，1.移动通信，华为通信完全可以把欧洲老牌通信企业踩在脚下，可以和美国巨头高通平分秋色，且是欧美国家的重点打压对象，这些足以证明华为的强大。2.手机，从山寨贴牌时代到中华酷联再到如今的华米OV，华为是唯一一家活着出来且做大做强的国产品牌。3.芯片，芯片不光只有手机处理器，所有的智能设备都需要芯片，一部小小的手机可不仅仅只有一个处理器而已，它有几个甚至十几个不同的芯片相互合作，华为的海思麒麟，做手机SOC的也就高通、联发科，三星、苹果、华为这三家都是自用，不对外出售。海思麒麟于2004年成立，它的前身是创立于1991年的华为集成电路设计中心，也就是说华为在创立海思之前就已经积累13年的芯片设计经验。且从04年起至16年麒麟处理器都被高通压一头，直到970面世才做到与高通平分秋色的局面，从零开始到持平一个经验丰富的巨头。仔细想想这些事情谈何容易？小米的澎湃系列再出了一个很平庸的中端S1处理器之外就没有声响了，到现在也没憋出个大招来，足以看出芯片设计谈何容易？还是期待2019小米能不能憋个大招出来，有了硬件技术才能稳住根基。三星大致分三点吧，主要说与手机相关的事物。1.手机，三星手机，三星在全球有很高的出货量，虽然在国内份额持续下跌，但它仍是手机行业的霸主之一。三星在手机方面的造诣也是小米这种体量难以到达的。2.芯片，既然说过海思了，那么三星半导体也不需要怎么描述了。3.手机组件，如屏幕、内存等，这些组件都是手机的必要组成部分，这些都是硬件技术，而小米不具备制造基础硬件的能力，也就是说，小米要靠整合别人的东西来组成自己的东西，这就相当于命根子握在别人手里，一旦触碰到别人的蛋糕，很容易被人掐脖子。其他的以后再更，就先说这么多了。总的来说就是，小米不具备硬件掌控能力，容易被限制，像三星华为这样的企业就是：友谊的小船我一个人也能滑而小米则是：友谊的小船要我们一起滑最后一点：一定要理解！一定要知道！小米是一家互联网企业！而不是华为三星这种具备硬件实力的制造业巨头。小米现在还无法与这些实力强大的前辈较量，只能期待它以后能成长起来，成为下一个如同华为一样拥有自主实力的巨头！');
INSERT INTO youthchina.COM_RICH_TEXT (TEXT_ID, COMPILE_TYPE, JSON_CONTENT, TEXT_CONTENT)
VALUES (141, 1,
        '{"braftEditorRaw":{"blocks":[{"key":"dtj4a","text":"<因为小米没有自己的技术，外观设计也不行，有的只有性价比。小米目前最大的对手就是荣耀。你看，小米6销量远不如荣耀9，小米8销量不如荣耀10，小米mix3销量不如荣耀magic2，小米8青春版 加小米6x都是千元机，加起来销量不如同是千元机的荣耀8x，不如荣耀9i……你看，要说配置多是小米领先呀（除了小米mix3不如荣耀magic2），为什么销量差距明显呢？很明显用户心中荣耀品牌的口碑，品牌价值都超过小米加红米了。但“性价比”别的厂商也可以有，ov个别机型也有性价比了，同样走性价比路线的荣耀早超过小米加红米了。华为的降维打击相当厉害，让麒麟970的荣耀play 荣耀v10与一众骁龙710骁龙660竞争，荣耀play一千四百多元，你猜买家选谁？今年到明年，如果华为荣耀全面980，最便宜的1999，降维打击骁龙670 720 845 ，其他厂商很难过了。小米的智能家居，华为也可以学，其他品牌也可以学，未来难说。所以问题在于没技术，你的策略都可以复制。未来发展技术才是出路。手机是根本，如果手机销量萎缩，品牌价值，品牌影响也会萎缩，生态链也就萎缩，没法赚钱的。毕竟生态链里的产品，也没有关键技术，干不过更专业的品牌。>","type":"unstyled","depth":0,"inlineStyleRanges":[],"entityRanges":[],"data":{}}],"entityMap":{}},"previewText":"<在此填入你的文字>","resourceIdList":[]}',
        '因为小米没有自己的技术，外观设计也不行，有的只有性价比。小米目前最大的对手就是荣耀。你看，小米6销量远不如荣耀9，小米8销量不如荣耀10，小米mix3销量不如荣耀magic2，小米8青春版 加小米6x都是千元机，加起来销量不如同是千元机的荣耀8x，不如荣耀9i……你看，要说配置多是小米领先呀（除了小米mix3不如荣耀magic2），为什么销量差距明显呢？很明显用户心中荣耀品牌的口碑，品牌价值都超过小米加红米了。但“性价比”别的厂商也可以有，ov个别机型也有性价比了，同样走性价比路线的荣耀早超过小米加红米了。华为的降维打击相当厉害，让麒麟970的荣耀play 荣耀v10与一众骁龙710骁龙660竞争，荣耀play一千四百多元，你猜买家选谁？今年到明年，如果华为荣耀全面980，最便宜的1999，降维打击骁龙670 720 845 ，其他厂商很难过了。小米的智能家居，华为也可以学，其他品牌也可以学，未来难说。所以问题在于没技术，你的策略都可以复制。未来发展技术才是出路。手机是根本，如果手机销量萎缩，品牌价值，品牌影响也会萎缩，生态链也就萎缩，没法赚钱的。毕竟生态链里的产品，也没有关键技术，干不过更专业的品牌。');
INSERT INTO youthchina.COM_RICH_TEXT (TEXT_ID, COMPILE_TYPE, JSON_CONTENT, TEXT_CONTENT)
VALUES (142, 1,
        '{"braftEditorRaw":{"blocks":[{"key":"dtj4a","text":"<首先，魅族没什么前途，除非换老板，否则就是other的命。华为和小米的手机之争，实质上是创新之争。小米轻资产轻研发，华为重资产重研发。当手机市场还有创新余地时，华为高歌猛进，攻城掠池；当手机平稳发展，变成传统产业时，小米轻装前进，用性价比赢得市场。华为有数学家，有芬兰研究所，dxo霸榜；小米应用成熟技术，也能做到100多分，绝对够用。那么未来，是否会出现6000的华为手机只比3000的小米好一点点呢？当这个差距足够小时，小米就会大卖。华为模式拼性价比是绝对没有优势的，不仅研发，连生产线工人的工资都比富士康高。从这个角度去看，小米的机会窗在5G启动之前。这东西在早期方案商搞不好，国内有完整设计能力的只有华为。时间上看19年对小米很关键，没有新技术冲击，小米财务上会抢眼一些，如果顺势广积粮，壮大自己的设计团队，未来尚有机会；如果赚了钱开始铺摊子，想把人工智能、物联网之类都掺合一把，后面就很容易掉队。>","type":"unstyled","depth":0,"inlineStyleRanges":[],"entityRanges":[],"data":{}}],"entityMap":{}},"previewText":"<在此填入你的文字>","resourceIdList":[]}',
        '首先，魅族没什么前途，除非换老板，否则就是other的命。华为和小米的手机之争，实质上是创新之争。小米轻资产轻研发，华为重资产重研发。当手机市场还有创新余地时，华为高歌猛进，攻城掠池；当手机平稳发展，变成传统产业时，小米轻装前进，用性价比赢得市场。华为有数学家，有芬兰研究所，dxo霸榜；小米应用成熟技术，也能做到100多分，绝对够用。那么未来，是否会出现6000的华为手机只比3000的小米好一点点呢？当这个差距足够小时，小米就会大卖。华为模式拼性价比是绝对没有优势的，不仅研发，连生产线工人的工资都比富士康高。从这个角度去看，小米的机会窗在5G启动之前。这东西在早期方案商搞不好，国内有完整设计能力的只有华为。时间上看19年对小米很关键，没有新技术冲击，小米财务上会抢眼一些，如果顺势广积粮，壮大自己的设计团队，未来尚有机会；如果赚了钱开始铺摊子，想把人工智能、物联网之类都掺合一把，后面就很容易掉队。');
INSERT INTO youthchina.COM_RICH_TEXT (TEXT_ID, COMPILE_TYPE, JSON_CONTENT, TEXT_CONTENT)
VALUES (143, 1,
        '{"braftEditorRaw":{"blocks":[{"key":"dtj4a","text":"<不可能不想做，而且，也做的出来。但是，做出来后，用户买不买帐就是另外一回事了。对于高端手机，拼的不仅仅是参数和做工，更多的拼的是对品牌的认可度。最怕的事情是，你做出了一款手机，卖3999，但用户觉得你只值2999，而竞争对手类似的手机却可以卖4999，而且还卖的很好。有些米粉经常会说，小米不需要高端机，高端机是用来交智商税的。我想说的是，如果你们是真心喜欢小米，你们这是在给小米添堵。对于手机厂家而言，没有哪个厂家不想在高端市场越做越好，但是，这个市场确实不好做。小米Note坐着坐着就变中低端了。小米MIX更像是小米的探索系列，不是真正的高端系列。所以，小米现在有高端系列吗？小米未来需要高端系列吗？红米的独立，对于小米发展高端系列可能是好事一件。牌已经在手上了，至于怎么打，就看雷军的表现了。>","type":"unstyled","depth":0,"inlineStyleRanges":[],"entityRanges":[],"data":{}}],"entityMap":{}},"previewText":"<在此填入你的文字>","resourceIdList":[]}',
        '不可能不想做，而且，也做的出来。但是，做出来后，用户买不买帐就是另外一回事了。对于高端手机，拼的不仅仅是参数和做工，更多的拼的是对品牌的认可度。最怕的事情是，你做出了一款手机，卖3999，但用户觉得你只值2999，而竞争对手类似的手机却可以卖4999，而且还卖的很好。有些米粉经常会说，小米不需要高端机，高端机是用来交智商税的。我想说的是，如果你们是真心喜欢小米，你们这是在给小米添堵。对于手机厂家而言，没有哪个厂家不想在高端市场越做越好，但是，这个市场确实不好做。小米Note坐着坐着就变中低端了。小米MIX更像是小米的探索系列，不是真正的高端系列。所以，小米现在有高端系列吗？小米未来需要高端系列吗？红米的独立，对于小米发展高端系列可能是好事一件。牌已经在手上了，至于怎么打，就看雷军的表现了。');
INSERT INTO youthchina.COM_RICH_TEXT (TEXT_ID, COMPILE_TYPE, JSON_CONTENT, TEXT_CONTENT)
VALUES (144, 1,
        '{"braftEditorRaw":{"blocks":[{"key":"dtj4a","text":"<麦肯锡中国现在业绩下滑严重，大量M,SM级别跳去甲方，麦肯锡虽为全球性的公司，但是从全球范围内评价它没有实际意义。因为不同地区的业绩基本独立，其他地区的业务再好也掩盖不住大陆地区的萎靡态势。麦肯锡自进入中国就带着浓厚的“美系战略咨询公司”的风格，它拒绝本土化，拒绝用中国的角度去审视中国企业的问题，总认为“这个问题在美国已经有公司经历过了，美国商业这么发达，全球top1，我们麦肯锡连美国的case都能解决，你中国这么落后的市场体制，企业太low逼，只需要照搬美国case的解决办法，分分钟给你解决掉。至于中国市场的独特性？中国企业的独特性？Sorry, we don\\''t care, our employees graduate from HPSY and 清北复交， we have great american accent and impressive certificates, CFA,CPA,CICPA,CCTV,HPV....balabala....你们这些国企（咨询公司最主要客户）low逼还不过来跪舔我们？什么？这个解决方案不符合中国市场实际？bullshit，那是因为你们的市场太low，不是我们做的不好。”这种除了逼格什么都没有的服务模式，在90年代和21世纪初还可以唬唬人，因为那时候中国企业真的很low，只要是洋大人说的，我们就愿意去听，就愿意去做。咨询顾问一两句标准的美式发音或者英式发音就可以把国企老总唬的一愣一愣的。所以，那时候Mckinsey在大陆可谓顺风顺水，一时风光无限。但随着中国企业的快速成长，这种服务模式的弊端顿时显露无遗，简单来说，客户也成长了，不是low逼了，那种几十张PPT就可以骗走500万的时代已经一去不复返了，客户现在需求的是“实际的，落地的”解决方案，简单来说“我不要你告诉我这个东西在美国是什么样的，我也不想知道美国公司有多牛逼，我就想知道你这个方案怎么让我的xxx业务的结算流程整体提速3-5天，并且这个新方案可以在全国范围内无差别推行。”这就是为什么现在在中国，业绩增长最快的咨询公司是专精于某一模块或者某一行业的中小型咨询公司（有专业度和深度）和四大的咨询部（够接地气，够了解中国市场），因为他们接地气。他们愿意去帮着客户做一些看似很low但是很有帮助的东西。比如客户满意度调查，比如地区行业调研，比如人员培训材料。你说客户愿意找谁呢？你麦肯锡一个“战略规划”要我几百上千万，我业务怎么发展还用你来规划，君不见乐百氏被麦肯锡规划的裤子都没了，王府井被麦肯锡规划的被东方广场爆的妈妈都不认识了。至于前面有人说什么"企业文化““人生观的打磨”“热情”“勇气”，我只想说一句：他的回答就是麦肯锡风格的最佳体现，至于体现了什么，大家自行领会。Note1:鉴于有人我说没举栗子，大家可以自行去搜一下关键词，比如”麦肯锡 +（公司名）“。Note2:我删除了“基本到了倒闭边缘”这个评价，也许有点过了。还删除了一些情绪化的词汇如“TM的”Note3:国企禁用美资咨询公司这个事不是传闻，是事实，下面评论有来自三大运营商的朋友，应该可以证实这一点。但是这个禁用比较tricky，有的公司打了擦边球，但麦肯锡是first on the list，所以没得跑。>","type":"unstyled","depth":0,"inlineStyleRanges":[],"entityRanges":[],"data":{}}],"entityMap":{}},"previewText":"<在此填入你的文字>","resourceIdList":[]}',
        '麦肯锡中国现在业绩下滑严重，大量M,SM级别跳去甲方，麦肯锡虽为全球性的公司，但是从全球范围内评价它没有实际意义。因为不同地区的业绩基本独立，其他地区的业务再好也掩盖不住大陆地区的萎靡态势。麦肯锡自进入中国就带着浓厚的“美系战略咨询公司”的风格，它拒绝本土化，拒绝用中国的角度去审视中国企业的问题，总认为“这个问题在美国已经有公司经历过了，美国商业这么发达，全球top1，我们麦肯锡连美国的case都能解决，你中国这么落后的市场体制，企业太low逼，只需要照搬美国case的解决办法，分分钟给你解决掉。至于中国市场的独特性？中国企业的独特性？Sorry, we don\\''t care, our employees graduate from HPSY and 清北复交， we have great american accent and impressive certificates, CFA,CPA,CICPA,CCTV,HPV....balabala....你们这些国企（咨询公司最主要客户）low逼还不过来跪舔我们？什么？这个解决方案不符合中国市场实际？bullshit，那是因为你们的市场太low，不是我们做的不好。”这种除了逼格什么都没有的服务模式，在90年代和21世纪初还可以唬唬人，因为那时候中国企业真的很low，只要是洋大人说的，我们就愿意去听，就愿意去做。咨询顾问一两句标准的美式发音或者英式发音就可以把国企老总唬的一愣一愣的。所以，那时候Mckinsey在大陆可谓顺风顺水，一时风光无限。但随着中国企业的快速成长，这种服务模式的弊端顿时显露无遗，简单来说，客户也成长了，不是low逼了，那种几十张PPT就可以骗走500万的时代已经一去不复返了，客户现在需求的是“实际的，落地的”解决方案，简单来说“我不要你告诉我这个东西在美国是什么样的，我也不想知道美国公司有多牛逼，我就想知道你这个方案怎么让我的xxx业务的结算流程整体提速3-5天，并且这个新方案可以在全国范围内无差别推行。”这就是为什么现在在中国，业绩增长最快的咨询公司是专精于某一模块或者某一行业的中小型咨询公司（有专业度和深度）和四大的咨询部（够接地气，够了解中国市场），因为他们接地气。他们愿意去帮着客户做一些看似很low但是很有帮助的东西。比如客户满意度调查，比如地区行业调研，比如人员培训材料。你说客户愿意找谁呢？你麦肯锡一个“战略规划”要我几百上千万，我业务怎么发展还用你来规划，君不见乐百氏被麦肯锡规划的裤子都没了，王府井被麦肯锡规划的被东方广场爆的妈妈都不认识了。至于前面有人说什么"企业文化““人生观的打磨”“热情”“勇气”，我只想说一句：他的回答就是麦肯锡风格的最佳体现，至于体现了什么，大家自行领会。Note1:鉴于有人我说没举栗子，大家可以自行去搜一下关键词，比如”麦肯锡 +（公司名）“。Note2:我删除了“基本到了倒闭边缘”这个评价，也许有点过了。还删除了一些情绪化的词汇如“TM的”Note3:国企禁用美资咨询公司这个事不是传闻，是事实，下面评论有来自三大运营商的朋友，应该可以证实这一点。但是这个禁用比较tricky，有的公司打了擦边球，但麦肯锡是first on the list，所以没得跑。');
INSERT INTO youthchina.COM_RICH_TEXT (TEXT_ID, COMPILE_TYPE, JSON_CONTENT, TEXT_CONTENT)
VALUES (145, 1,
        '{"braftEditorRaw":{"blocks":[{"key":"dtj4a","text":"<麦府到底有多强？看这份2019年的咨询排名你就知道了！在Vault发布的2019年咨询公司排名中，2019年最值得加入的咨询公司：麦肯锡又双叒拿第一了！-----------Vault年度排名是基于针对一万七千名咨询顾问的调查，就公司声望、公司文化、福利、工作生活平衡度、公司前景以及总体满意度这几个维度而量化打分得出的，是目前最权威的咨询公司排行榜！总排名 Vault Consulting Top 20 ，MBB以甩开位列第四的Deloitte多达一分的巨大优势霸占前三，可谓是标准结局。相较去年，Bain取代BCG登上总榜第二名，而业界老大McKinsey依旧霸占榜首，傲视群雄。 Oliver Wyman, EY分列第五和第七，PwC和Accenture挤入前十，而精品咨询公司Putnam和Bridgespan分居第六和第九高位。 前二十中，也有我们更为熟知的L.E.K、A.T.Kearney和Roland Berger。小型咨询公司和大企业下属咨询业务线的高歌猛进甚至空降是今年排名的亮点。想要从事咨询行业的同学特别是北美的同学不妨将眼界放宽些，多关注除了传统Big Name之外的那些业务发展良好、薪酬极具竞争力的咨询公司。 MBB哪家强？ 当然，吃瓜群众最关心的还是MBB三家之间的“神仙打架”。三家顶级公司的擅长业务和公司特质有哪些区别呢？ 麦肯锡不负众望地名列最具声望公司第一名，在14个评估行业中全部位列前十并拿下9个第一！ 在挑战性、多样性、领导力、创新性、福利、前景等多个维度也位居第一，甚至连休假政策都远优于贝恩和BCG！不愧是龙头老大，不得不服! Bain 贝恩公司在各行业中同样位居前列，业务发展较为均衡，而公司文化更是勇夺第一，难怪说年轻人都爱去贝恩！ 但是！贝恩也是MBB中假期最少、工作生活平衡最差、工作时长最长的，可能年轻人工作起来都不要命吧。 历史悠久的波士顿咨询的业内声望高居第二，在能源、医疗等行业上也有十分出色的表现，而且有着比贝恩更好的工作生活平衡度和休假政策，但比麦肯锡更频繁的出差是其劣势之一。 当然，总的来说MBB三家实力十分相当，在不同地区和不同行业上各有专长，无论在哪一家工作都是once in a lifetime的体验。所以除非你厉害到同时拿了多份offer然后面临着“我是去麦肯锡还是去贝恩呢”的纠结，否则还是不要挑剔啦!>","type":"unstyled","depth":0,"inlineStyleRanges":[],"entityRanges":[],"data":{}}],"entityMap":{}},"previewText":"<在此填入你的文字>","resourceIdList":[]}',
        '麦府到底有多强？看这份2019年的咨询排名你就知道了！在Vault发布的2019年咨询公司排名中，2019年最值得加入的咨询公司：麦肯锡又双叒拿第一了！-----------Vault年度排名是基于针对一万七千名咨询顾问的调查，就公司声望、公司文化、福利、工作生活平衡度、公司前景以及总体满意度这几个维度而量化打分得出的，是目前最权威的咨询公司排行榜！总排名 Vault Consulting Top 20 ，MBB以甩开位列第四的Deloitte多达一分的巨大优势霸占前三，可谓是标准结局。相较去年，Bain取代BCG登上总榜第二名，而业界老大McKinsey依旧霸占榜首，傲视群雄。 Oliver Wyman, EY分列第五和第七，PwC和Accenture挤入前十，而精品咨询公司Putnam和Bridgespan分居第六和第九高位。 前二十中，也有我们更为熟知的L.E.K、A.T.Kearney和Roland Berger。小型咨询公司和大企业下属咨询业务线的高歌猛进甚至空降是今年排名的亮点。想要从事咨询行业的同学特别是北美的同学不妨将眼界放宽些，多关注除了传统Big Name之外的那些业务发展良好、薪酬极具竞争力的咨询公司。 MBB哪家强？ 当然，吃瓜群众最关心的还是MBB三家之间的“神仙打架”。三家顶级公司的擅长业务和公司特质有哪些区别呢？ 麦肯锡不负众望地名列最具声望公司第一名，在14个评估行业中全部位列前十并拿下9个第一！ 在挑战性、多样性、领导力、创新性、福利、前景等多个维度也位居第一，甚至连休假政策都远优于贝恩和BCG！不愧是龙头老大，不得不服! Bain 贝恩公司在各行业中同样位居前列，业务发展较为均衡，而公司文化更是勇夺第一，难怪说年轻人都爱去贝恩！ 但是！贝恩也是MBB中假期最少、工作生活平衡最差、工作时长最长的，可能年轻人工作起来都不要命吧。 历史悠久的波士顿咨询的业内声望高居第二，在能源、医疗等行业上也有十分出色的表现，而且有着比贝恩更好的工作生活平衡度和休假政策，但比麦肯锡更频繁的出差是其劣势之一。 当然，总的来说MBB三家实力十分相当，在不同地区和不同行业上各有专长，无论在哪一家工作都是once in a lifetime的体验。所以除非你厉害到同时拿了多份offer然后面临着“我是去麦肯锡还是去贝恩呢”的纠结，否则还是不要挑剔啦!');
INSERT INTO youthchina.COM_RICH_TEXT (TEXT_ID, COMPILE_TYPE, JSON_CONTENT, TEXT_CONTENT)
VALUES (146, 1,
        '{"braftEditorRaw":{"blocks":[{"key":"dtj4a","text":"<咨询工作一直是年轻人最期望的职位之一。据哈佛大学的Crimson报道，超过三分之一的哈佛大学毕业生为咨询公司工作。这意味着，在世界顶级咨询公司麦肯锡公司（McKinsey＆Company）这样的公司中，候选人正在与成千上万的其他聪明的年轻人竞争。就像其他公司一样，麦肯锡的招聘流程遵循一系列特定的流程。麦肯锡以第一家直接从大学招聘员工的主要管理咨询公司而闻名。今天，该计划仍然是公司人才的主要来源。负责麦肯锡全球招聘沟通的Caitlin Storhaug说：“我们接受来自任何人，任何项目，任何学生的申请，但有些学校是有特别的培养人才的技巧的， 因此，我们从沃顿商学院，斯坦福大学和麻省理工学院等学校招聘的会更多一些，但我们也从世界各地的许多其他学校招聘，这些学校可能有一个我们正在寻找的非常优秀的人才。”让双方感到满意一旦候选人在麦肯锡获得面试，他们就会遵循公司精心设计的招聘流程。第一阶段包括对招聘人员的电话采访和通过电话进行的小型案例分析，该分析用于作为评估技能和解决问题能力的基线。这个过程只在让我们对于候选人有个全面的了解。当然麦肯锡也会在这一步骤中尽力旨在让候选人感到满意。Caitlin说：“我们并没有试图让人们走出这个过程，我们正努力让他们进入公司，因此，我们花了很多时间来了解他们并让他们对我们感到满意。”表达能力和应变能力接下来是一个更正式的面对面申请流程，可以分为两个部分 - 案例分析和面试。通过这两个部分，候选人应该专注于展示他们分析问题的能力。麦肯锡的案例分析通常都是很庞大而复杂的问题，但是这并不是为了吓唬应聘者，而是让招聘经理有机会观察候选人进行评估并直接解决问题。此案例分析可能是业务场景分析，编码测试或者设计挑战等等。虽然案例分析这一部分会给很多应聘者造成麻烦，但是真正考验的还是当你面临问题时的反应和表达。而面试官也会在这个过程中获取更多关于应聘者人物性格方面的信息，作为是否匹配工作岗位的参考。表现欲对于像麦肯锡这样的顶级咨询公司，他们永远也不会缺少人才。因此如果你想要从众多的候选者中脱颖而出，便需要在极短的时间内向面试官表现出你最好的一面。而这就需要你的表现欲。他们寻求的是能够表现出的领导技能和经验，帮助那些客户真正解决他们为我们带来的问题的。>","type":"unstyled","depth":0,"inlineStyleRanges":[],"entityRanges":[],"data":{}}],"entityMap":{}},"previewText":"<在此填入你的文字>","resourceIdList":[]}',
        '咨询工作一直是年轻人最期望的职位之一。据哈佛大学的Crimson报道，超过三分之一的哈佛大学毕业生为咨询公司工作。这意味着，在世界顶级咨询公司麦肯锡公司（McKinsey＆Company）这样的公司中，候选人正在与成千上万的其他聪明的年轻人竞争。就像其他公司一样，麦肯锡的招聘流程遵循一系列特定的流程。麦肯锡以第一家直接从大学招聘员工的主要管理咨询公司而闻名。今天，该计划仍然是公司人才的主要来源。负责麦肯锡全球招聘沟通的Caitlin Storhaug说：“我们接受来自任何人，任何项目，任何学生的申请，但有些学校是有特别的培养人才的技巧的， 因此，我们从沃顿商学院，斯坦福大学和麻省理工学院等学校招聘的会更多一些，但我们也从世界各地的许多其他学校招聘，这些学校可能有一个我们正在寻找的非常优秀的人才。”让双方感到满意一旦候选人在麦肯锡获得面试，他们就会遵循公司精心设计的招聘流程。第一阶段包括对招聘人员的电话采访和通过电话进行的小型案例分析，该分析用于作为评估技能和解决问题能力的基线。这个过程只在让我们对于候选人有个全面的了解。当然麦肯锡也会在这一步骤中尽力旨在让候选人感到满意。Caitlin说：“我们并没有试图让人们走出这个过程，我们正努力让他们进入公司，因此，我们花了很多时间来了解他们并让他们对我们感到满意。”表达能力和应变能力接下来是一个更正式的面对面申请流程，可以分为两个部分 - 案例分析和面试。通过这两个部分，候选人应该专注于展示他们分析问题的能力。麦肯锡的案例分析通常都是很庞大而复杂的问题，但是这并不是为了吓唬应聘者，而是让招聘经理有机会观察候选人进行评估并直接解决问题。此案例分析可能是业务场景分析，编码测试或者设计挑战等等。虽然案例分析这一部分会给很多应聘者造成麻烦，但是真正考验的还是当你面临问题时的反应和表达。而面试官也会在这个过程中获取更多关于应聘者人物性格方面的信息，作为是否匹配工作岗位的参考。表现欲对于像麦肯锡这样的顶级咨询公司，他们永远也不会缺少人才。因此如果你想要从众多的候选者中脱颖而出，便需要在极短的时间内向面试官表现出你最好的一面。而这就需要你的表现欲。他们寻求的是能够表现出的领导技能和经验，帮助那些客户真正解决他们为我们带来的问题的。');
INSERT INTO youthchina.COM_RICH_TEXT (TEXT_ID, COMPILE_TYPE, JSON_CONTENT, TEXT_CONTENT)
VALUES (147, 1,
        '{"braftEditorRaw":{"blocks":[{"key":"dtj4a","text":"<应届生校招这块儿不甚了解，反正N年前本人在美国读研究生的时候投过BCG中国区summer intern，完全没有任何回音，应该是简历直接刷了。说说M家的Experience Hire这块儿，这两年Mck感觉明显扩招，去看看Linkedin就能看到很多招聘信息，招商行，券商，投行，保险，钢铁，消费行业的5-15年工作经验的人，进来主要是做内部的Mck Implementation这个部门的Coach到Leader这个级别（对应一般所说的Associate到EM级别），其他比如Mck Digital，Strategy，Corporate Finance也会招。就现在看，head count不是问题，不过面试要求依旧很高，很难找到够格的人（据说生意太好非常缺人，已经放宽了准入标准。。）本人国内Top10靠后985本科，硕士研究生美国藤校之一的最水的理科专业（估计留过学的已经猜到了。。），毕业后第一份工作外资商行管培，然后前台对公，跳了一次槽还是外资商行对公，6年不到的工作经验，刚刚拿到Mck的offer（consultant，不是research或者其他支持部门）。Experience Hire这块有国内本科20开外的人进Mck的（这应该就是他们所说的放低了一些标准了吧。。），做的也不错，升的很快。不过进Mck之前都是在其他行业top级别公司核心部门岗位有5年以上工作经验的人。所以非target学校的小伙伴，还是好好努力先进个其他行业的顶级公司，再寻找社招机会进MBB吧，校招实在太难，M家中国区三个Office每年才招个位数的人。（据猎头的消息，MBB里面招其他行业的人主要就M一家，BB基本只看其他咨询公司的人，其他行业的人要的不多。消息应该是可靠的，你去看看Linkedin上MBB三家的招聘信息基本确实是这样）最后说说M家的Experience Hire面试吧，基本流程还是一样，pre-talk，笔试（PST，一小时三个case，26道选择题，时间极其紧张），case training（是的，M家在你过了笔试后会专门安排一个内部Associate级别以上的consultant给你讲怎么做case interview，陪你练习一个case，真的是神奇），然后两轮面试，第一轮2-3个面试官，EM到AP级别，工作经历+case，如果第一轮几个面试官觉得你还行（是的，任何一个面试官觉得你不ok，都可以直接结束面试流程不再往下进行。如果能全部面完，他们还有综合讨论再给决定。。），放你进第二轮，第二轮3-4个面试官，基本都是Par级别，最后会有部门的Principal，也是工作经历+case,不过case会更加实际一些，可能就是他们正在做的项目拿过来问你。全部面完之后，所有面试官综合讨论决定出不出offer。大致就是这样吧，答主自认为侥幸过关。面之前没有专门看过case的书，也没找过内部人的问过，就是每一轮总结总结面的问题再去补充一下不太懂的知识这样。>","type":"unstyled","depth":0,"inlineStyleRanges":[],"entityRanges":[],"data":{}}],"entityMap":{}},"previewText":"<在此填入你的文字>","resourceIdList":[]}',
        '应届生校招这块儿不甚了解，反正N年前本人在美国读研究生的时候投过BCG中国区summer intern，完全没有任何回音，应该是简历直接刷了。说说M家的Experience Hire这块儿，这两年Mck感觉明显扩招，去看看Linkedin就能看到很多招聘信息，招商行，券商，投行，保险，钢铁，消费行业的5-15年工作经验的人，进来主要是做内部的Mck Implementation这个部门的Coach到Leader这个级别（对应一般所说的Associate到EM级别），其他比如Mck Digital，Strategy，Corporate Finance也会招。就现在看，head count不是问题，不过面试要求依旧很高，很难找到够格的人（据说生意太好非常缺人，已经放宽了准入标准。。）本人国内Top10靠后985本科，硕士研究生美国藤校之一的最水的理科专业（估计留过学的已经猜到了。。），毕业后第一份工作外资商行管培，然后前台对公，跳了一次槽还是外资商行对公，6年不到的工作经验，刚刚拿到Mck的offer（consultant，不是research或者其他支持部门）。Experience Hire这块有国内本科20开外的人进Mck的（这应该就是他们所说的放低了一些标准了吧。。），做的也不错，升的很快。不过进Mck之前都是在其他行业top级别公司核心部门岗位有5年以上工作经验的人。所以非target学校的小伙伴，还是好好努力先进个其他行业的顶级公司，再寻找社招机会进MBB吧，校招实在太难，M家中国区三个Office每年才招个位数的人。（据猎头的消息，MBB里面招其他行业的人主要就M一家，BB基本只看其他咨询公司的人，其他行业的人要的不多。消息应该是可靠的，你去看看Linkedin上MBB三家的招聘信息基本确实是这样）最后说说M家的Experience Hire面试吧，基本流程还是一样，pre-talk，笔试（PST，一小时三个case，26道选择题，时间极其紧张），case training（是的，M家在你过了笔试后会专门安排一个内部Associate级别以上的consultant给你讲怎么做case interview，陪你练习一个case，真的是神奇），然后两轮面试，第一轮2-3个面试官，EM到AP级别，工作经历+case，如果第一轮几个面试官觉得你还行（是的，任何一个面试官觉得你不ok，都可以直接结束面试流程不再往下进行。如果能全部面完，他们还有综合讨论再给决定。。），放你进第二轮，第二轮3-4个面试官，基本都是Par级别，最后会有部门的Principal，也是工作经历+case,不过case会更加实际一些，可能就是他们正在做的项目拿过来问你。全部面完之后，所有面试官综合讨论决定出不出offer。大致就是这样吧，答主自认为侥幸过关。面之前没有专门看过case的书，也没找过内部人的问过，就是每一轮总结总结面的问题再去补充一下不太懂的知识这样。');
INSERT INTO youthchina.COM_RICH_TEXT (TEXT_ID, COMPILE_TYPE, JSON_CONTENT, TEXT_CONTENT)
VALUES (148, 1,
        '{"braftEditorRaw":{"blocks":[{"key":"dtj4a","text":"<专利注水，注水牛肉、注水猪肉见过，注水专利见过没有。华为这种专利怪物锤子比不了。不过和锤子手机一样的魅族已公开的2768项发明专利。不是打广告啊，下载一个启信宝查询下中国二线，三线手机的专利数量。锤子的专利数量都只是人家的零头。锤子手机公司只是一个空壳，没有专利的科技公司叫什么科技公司。华为手机凭什么卖这么火，11万个专利你以为是假的。世界上没有钢铁侠这种超级天才的，华为用11万个专利铸造科技壁垒，你能打破?没有10年20年你连人家的屁都闻不到。高端手机不就是用专利铸造的吗？锤子和小米竞争的，小米的专利不多8800多个一样是你的100倍。这还被骂是不重视科研科技公司。中国电网发明专利6万多个，这都是无外观和设计专利的硬专利。这种专利怪物人家都不叫科技公司。最后一个问题我为什么要卖锤子手机？锤子手机谁接手都没有用，没有专利巧妇难为无米之炊啊。中国手机市场已经进入专利竞争，差异化营销的时代，锤子手机不是最差最土的是什么。更新首先用魅族比不是看不起魅族，而且锤子和普通手机厂商也不是一个路数啊。锤子纯粹是靠吹牛逼吹出的垃圾企业。有时候我觉得中国人是不是中特斯拉和Space X的毒，一通会吹就觉得是个高科技。知乎竟然还有人卖《硅谷钢铁侠》，整个猎鹰9连波音的皮毛都没有摸到就开始一顿胡扯。波音完成载人航天，飞行器回收，可重复使用火箭引擎只用了9年，81年航天飞机就服役了。其实手机企业的专利都有大量的外观专利和水专利，华为的11万个专利也含有授权专利。水专利的大仙还是日本任天堂，比较有名的如十字键专利。不过水专利也是专利啊，看不起设计专利和外观吗？虽然不如发明专利这种有含金量。不过作为一个科技公司，连水专利都没有，可见其研发就不用说了。看待技术的看法绝对有问题，态度有问题就别吹了。锤子手机总融资17亿，结果现在只剩下64个水专利。中国专利最强的五家公司，有4家是国营企业。中国电网、中石化、中石油和中航集团，其中中国电网比较特殊，中国电网资助多家大学和实验室，所以是个专利怪物。而中车和华为一个手握高铁专利，一个有大量5G专利，则挤不进前五。由此可见发明专利不是这么容易的。发明专利是难，不过先易后难也是正确的。这是要钱和时间堆出来的。唯一一家可以和中石油、中石化、中航工业比专利的公司，呵呵恰好不是中国名声大噪的科技企业。而是美的电器，美的的专利来自于两次大并购，库卡和安川。这两家企业是世界排名第二和第四的机器人生产商。>","type":"unstyled","depth":0,"inlineStyleRanges":[],"entityRanges":[],"data":{}}],"entityMap":{}},"previewText":"<在此填入你的文字>","resourceIdList":[]}',
        '专利注水，注水牛肉、注水猪肉见过，注水专利见过没有。华为这种专利怪物锤子比不了。不过和锤子手机一样的魅族已公开的2768项发明专利。不是打广告啊，下载一个启信宝查询下中国二线，三线手机的专利数量。锤子的专利数量都只是人家的零头。锤子手机公司只是一个空壳，没有专利的科技公司叫什么科技公司。华为手机凭什么卖这么火，11万个专利你以为是假的。世界上没有钢铁侠这种超级天才的，华为用11万个专利铸造科技壁垒，你能打破?没有10年20年你连人家的屁都闻不到。高端手机不就是用专利铸造的吗？锤子和小米竞争的，小米的专利不多8800多个一样是你的100倍。这还被骂是不重视科研科技公司。中国电网发明专利6万多个，这都是无外观和设计专利的硬专利。这种专利怪物人家都不叫科技公司。最后一个问题我为什么要卖锤子手机？锤子手机谁接手都没有用，没有专利巧妇难为无米之炊啊。中国手机市场已经进入专利竞争，差异化营销的时代，锤子手机不是最差最土的是什么。更新首先用魅族比不是看不起魅族，而且锤子和普通手机厂商也不是一个路数啊。锤子纯粹是靠吹牛逼吹出的垃圾企业。有时候我觉得中国人是不是中特斯拉和Space X的毒，一通会吹就觉得是个高科技。知乎竟然还有人卖《硅谷钢铁侠》，整个猎鹰9连波音的皮毛都没有摸到就开始一顿胡扯。波音完成载人航天，飞行器回收，可重复使用火箭引擎只用了9年，81年航天飞机就服役了。其实手机企业的专利都有大量的外观专利和水专利，华为的11万个专利也含有授权专利。水专利的大仙还是日本任天堂，比较有名的如十字键专利。不过水专利也是专利啊，看不起设计专利和外观吗？虽然不如发明专利这种有含金量。不过作为一个科技公司，连水专利都没有，可见其研发就不用说了。看待技术的看法绝对有问题，态度有问题就别吹了。锤子手机总融资17亿，结果现在只剩下64个水专利。中国专利最强的五家公司，有4家是国营企业。中国电网、中石化、中石油和中航集团，其中中国电网比较特殊，中国电网资助多家大学和实验室，所以是个专利怪物。而中车和华为一个手握高铁专利，一个有大量5G专利，则挤不进前五。由此可见发明专利不是这么容易的。发明专利是难，不过先易后难也是正确的。这是要钱和时间堆出来的。唯一一家可以和中石油、中石化、中航工业比专利的公司，呵呵恰好不是中国名声大噪的科技企业。而是美的电器，美的的专利来自于两次大并购，库卡和安川。这两家企业是世界排名第二和第四的机器人生产商。');
INSERT INTO youthchina.COM_RICH_TEXT (TEXT_ID, COMPILE_TYPE, JSON_CONTENT, TEXT_CONTENT)
VALUES (149, 1,
        '{"braftEditorRaw":{"blocks":[{"key":"dtj4a","text":"<不是罗支撑锤子的问题，而是现在他正在破坏锤子的未来。现在需要换掉罗，重建管理层。从各方面来说，他都不适合再继续做下去了。学识底蕴不足，缺乏科技素养和技术演进认知。罗的这次515演讲是其在学识上露怯最明显的一次。看了半段直播，当时闪过一个念头：人哪，看来还是有必要上一次大学的，野生民科你表现得再优秀，还是会不经意间暴露稀薄的知识底蕴。老罗对语音交互的痴迷，仿佛找到了通往平行世界的虫洞入口，殊不知这东西n年以前就被业界关注，至少20多年前，国家863项目就有了，而当年一众手机大佬如诺基亚同样对它有着很深的技术积累。多少年来业界对语音交互的应用场景做了很多尝试（近年，即时翻译让人看到了语音识别交互的刚需）。但老罗仿佛发现新大陆般的兴奋劲不知从何而来，至少从前面锤子手机小应用到这次的TNT，语音界面并没有让人耳目一新，但罗氏却蜜汁兴奋，就像小孩子捡到了别人遗落的彩色糖纸而乐不可支，估计讯飞语音都会有点不好意思了吧。对创新的商业规律认知不足，不知道企业做事要有自己的边界，特别是小企业。TNT有些脑洞，但是可以肯定地说，这个玩意再好，锤子做不起来的。就像当年做手机linux操作系统的有很多家，但直到google出手后，linux才成气候，最后安卓系统大行天下。这种事小公司根本玩不动，如果真如罗氏所言被抄袭，那么锤子就是死路一条，看到次世代如此粗糙，难道是锤子只是想用这个敲门砖待价而沽，等待着被收购？对企业品牌调性的维护建设无感、无知。罗氏已成为锤子科技品牌最大的bug，赋予锤子品牌逗逼属性的就是他！在多次公开场合（如锤子手机削苹果皮现场会），老罗不合时宜的插科打诨，彼时对话的上下气口，本应属于展现产品品质的最佳时刻，但都让罗过强的表现欲给破坏了，真是隔着屏幕都能让人急出一身汗来。不严肃，逗逼，这也是科技品牌的大忌。不知道股东们能否继续容忍他这么胡来。如果锤子还想自力更生，那么它的当务之急就是马上换掉罗氏，停掉TNT或弱化运营权重，马上止损，重建管理层。人，还是要上一次大学的，它会训练你的系统思维能力，有逻辑边界，有学习方法，有科学常识。罗氏创新，充满着抖机灵似的小聪明，有用，但有限，最终就是然并卵。更为致命的，它们是碎片化的，一如罗氏的细节管理。多年来锤子手机小功能模块极致至臻，但基础功能大毛病迭出，做足边角工夫，但大节缺乏真心，都是罗氏不堪大任的表现。罗曾在手机设计上有过高光时刻，但也仅是灵光一闪而已，漫长的商业迭代，已经耗尽了他审美积累，而没有系统化的知识体系支撑已让他难以为继。通过这次以及上次坚果3发布会，现场的尴尬相信会对罗氏有所触动，是的，罗氏误会了自己，创作的冲动不等于创作的才华。看着老罗台上汗如雨下对着Excel“求和”，满脸刘姥姥进大观园的既视感——紧张、兴奋、得意又尴尬，不禁升腾起一个歪念：Excel数据表格如果不是“求和”，而是复杂的编程式的函数运算，老罗，你怎么玩？你会读吗？>","type":"unstyled","depth":0,"inlineStyleRanges":[],"entityRanges":[],"data":{}}],"entityMap":{}},"previewText":"<在此填入你的文字>","resourceIdList":[]}',
        '不是罗支撑锤子的问题，而是现在他正在破坏锤子的未来。现在需要换掉罗，重建管理层。从各方面来说，他都不适合再继续做下去了。学识底蕴不足，缺乏科技素养和技术演进认知。罗的这次515演讲是其在学识上露怯最明显的一次。看了半段直播，当时闪过一个念头：人哪，看来还是有必要上一次大学的，野生民科你表现得再优秀，还是会不经意间暴露稀薄的知识底蕴。老罗对语音交互的痴迷，仿佛找到了通往平行世界的虫洞入口，殊不知这东西n年以前就被业界关注，至少20多年前，国家863项目就有了，而当年一众手机大佬如诺基亚同样对它有着很深的技术积累。多少年来业界对语音交互的应用场景做了很多尝试（近年，即时翻译让人看到了语音识别交互的刚需）。但老罗仿佛发现新大陆般的兴奋劲不知从何而来，至少从前面锤子手机小应用到这次的TNT，语音界面并没有让人耳目一新，但罗氏却蜜汁兴奋，就像小孩子捡到了别人遗落的彩色糖纸而乐不可支，估计讯飞语音都会有点不好意思了吧。对创新的商业规律认知不足，不知道企业做事要有自己的边界，特别是小企业。TNT有些脑洞，但是可以肯定地说，这个玩意再好，锤子做不起来的。就像当年做手机linux操作系统的有很多家，但直到google出手后，linux才成气候，最后安卓系统大行天下。这种事小公司根本玩不动，如果真如罗氏所言被抄袭，那么锤子就是死路一条，看到次世代如此粗糙，难道是锤子只是想用这个敲门砖待价而沽，等待着被收购？对企业品牌调性的维护建设无感、无知。罗氏已成为锤子科技品牌最大的bug，赋予锤子品牌逗逼属性的就是他！在多次公开场合（如锤子手机削苹果皮现场会），老罗不合时宜的插科打诨，彼时对话的上下气口，本应属于展现产品品质的最佳时刻，但都让罗过强的表现欲给破坏了，真是隔着屏幕都能让人急出一身汗来。不严肃，逗逼，这也是科技品牌的大忌。不知道股东们能否继续容忍他这么胡来。如果锤子还想自力更生，那么它的当务之急就是马上换掉罗氏，停掉TNT或弱化运营权重，马上止损，重建管理层。人，还是要上一次大学的，它会训练你的系统思维能力，有逻辑边界，有学习方法，有科学常识。罗氏创新，充满着抖机灵似的小聪明，有用，但有限，最终就是然并卵。更为致命的，它们是碎片化的，一如罗氏的细节管理。多年来锤子手机小功能模块极致至臻，但基础功能大毛病迭出，做足边角工夫，但大节缺乏真心，都是罗氏不堪大任的表现。罗曾在手机设计上有过高光时刻，但也仅是灵光一闪而已，漫长的商业迭代，已经耗尽了他审美积累，而没有系统化的知识体系支撑已让他难以为继。通过这次以及上次坚果3发布会，现场的尴尬相信会对罗氏有所触动，是的，罗氏误会了自己，创作的冲动不等于创作的才华。看着老罗台上汗如雨下对着Excel“求和”，满脸刘姥姥进大观园的既视感——紧张、兴奋、得意又尴尬，不禁升腾起一个歪念：Excel数据表格如果不是“求和”，而是复杂的编程式的函数运算，老罗，你怎么玩？你会读吗？');
INSERT INTO youthchina.COM_RICH_TEXT (TEXT_ID, COMPILE_TYPE, JSON_CONTENT, TEXT_CONTENT)
VALUES (150, 1,
        '{"braftEditorRaw":{"blocks":[{"key":"dtj4a","text":"<罗永浩如果开个锤子设计公司或者锤子营销公司，或许能够成功，然而罗永浩开的是锤子科技公司。从罗永浩一开始的微博和演讲就能够知道，罗永浩太低估科技行业的门槛了。看看他对一系列公司的不屑一顾，对乔布斯的总结只有“偏执狂”和“完美主义”就知道，他肯定是吃不下来的，因为他的眼里只看到了设计和营销，没有看到技术，吃六个馒头吃饱了，技术是前五个馒头，设计和营销是最后一个，光吃最后一个，必然是要饿死的。更不用说，有工程技术背景的人，都知道没有完美的工业量产产品，妥协是一定的，然而决定能少妥协多少的，不是你有没有所谓的偏执，而是看你的技术实力。不过，罗永浩在出了实在毫无技术亮点的T2时，终于提到了妥协的问题。看看乔布斯传，乔布斯首先是一个有深刻技术背景的人，其次能够洞悉技术发展趋势和对用户体验的意义。而罗永浩的眼睛里只有UI设计，其他再没有任何有价值的点。所以他看不到，iPhone当初一些优秀的UI和交互是依托于电容触控屏和多点触控的引入。电容屏虽然有缺点，但是带来的触控体验提升明显，而且苹果背后的技术功力，让当时的触控操作就很接近如丝般顺滑。而多点触控，则为交互更自然提供非常实际的基础。当初第一次在iPhone上看照片，那种两个指头划拉就能缩放，真是惊为天人。再比如苹果默秒全的SOC，也因此iPhone能够第一个使用Retina屏，还有乔布斯早早布局的iOS软件生态链，紧紧追赶苹果的三星，有自己的猎户座，有自己的amoled，几乎可以自产主要核心部件，才赶上苹果，甚至有所超越。这些罗永浩看到了吗？如果他看到了，就不会如此狂妄毫无敬畏之心。一个典型的例子，回到一开始说的触控问题，当时魅族第一时间意识到其对体验的价值，但是m8做不到很好的实现，甚至出现了大量的故障机。整个Android阵营，差不多在2.x时代，才整体进入多点触控时代，4.0时代才整体实现触控如丝般顺滑。真的不是Android阵营没有想法，而是技术上的问题，臣妾实在做不到。罗永浩没有意识到，技术是体验的基础，他注意到的只有一个浅浅的UI。所以整个锤子，是一个以设计为导向的公司，又或者说，只要设计，一切技术都可以让步。所以，你会发现锤子手机上会有奇怪的技术缺失。锤子T1，4G版姗姗来迟，罗永浩觉得3G就够了，然而手机首先就是个通信工具，通信技术永远是基础，而且当时4G在中国移动的疯狂推动下，网络很快就很成熟了，庞大的移动用户错过了3G在edge时代憋屈太久，瞬间疯狂涌入4G网络。雷军虽然一开始也有误判，但是很快小米就意识到了投入了4G的怀抱。锤子T1主要销售的生命周期，4G已经成了标配，有不是加分项，但是没有就几乎是一票否决项。后来4G版了，又担心3G版用户，搞了个愚蠢的定价。更不要说锤子T1还有一摔跪，JDI大黄屏，蜜汁拍照绿等等问题了。后来罗永浩和刘翔优酷撕逼，刘翔是输了，罗永浩觉得自己赢了，其实输的比刘翔还厉害。插嘴狂魔的形象从此深入了广大没有“情怀”的群体心中。坚果手机，锤子为了冲量，不得不做出的选择，然而千元机这样的定价和定位注定了肯定会有坑。所以坚果竟然出现了615配1080p屏，这个时候，坚果的流畅度，真的，只能靠情怀了。其他的，也只能靠信仰了。然而，然而罗永浩在坚果的发布会上，竟然说流畅的不像Android……虽然我知道Android千元机主要靠吹逼，但是嘛……不过，真正造成坚果不温不火的，还是Android千元机的定位。这个段位，任何品质都是扯淡，因为这个段位的手机差不多都是一个尿性，所以这个价位只拼价格，拼价格玩的就是供应链管理，谁跟供应链的关系铁，谁更能走量，谁的进价就低，在Android千元机的段位，几十块钱的价差都是致命的。所以，红米、魅蓝、华为在刷销量的时候，坚果早已被湮灭在庞大的机海当中。锤子T2，几乎可以说给锤子自己一拳重击的产品，在骁龙820蓄势待发的时候，用808，没有typeC，没有快充，摄像头居然用imx214，甚至没有移动支付时代至关重要的指纹。不得不佩服罗永浩。亮点是什么呢？亮点是全金属无缝边框。好漂亮好漂亮，对用户体验有实质提升吗？没有……尤其是指纹没有，说是因为无法找到罗永浩觉得漂亮的设计。为了设计，放弃拥抱技术趋势，这还是科技公司吗？而且T2还不仅仅这么一个坑点，SIM卡藏按键里，锁屏需要长按home，目的只有一个，就是设计美感，然而牺牲的是用户非常直接的手感，尤其是为了设计，去掉独立关机键，搞的长按锁屏，简直是相当的反人类，给用户一种莫名的不痛快。可以说，锤子这家科技公司，可以不惜为了单纯的视觉设计（还不是功能设计），牺牲技术（千元机都指纹满天飞了），牺牲用户体验（按键手感）。锤子公司下一步会怎么走，其实看看T1到T2就能知道，T1好歹有点技术亮点，T2几乎没有技术亮点可言，设计倒是进步的，技术基本是倒退，而且这种技术层面的差距，会慢慢的越拉越大，所以，尽管很多人盼着锤子赶快出旗舰配置的T3，然而旗舰是想做就做的吗？锤子的技术实力，能够很好的驾驭820吗？锤子能够争取到820的稳定供货吗？以锤子的体量，还做不到供应链管理，完全只能看供应链的脸色。所以，我估计不是罗永浩不知道要赶紧出T3，而是真的做不到早早推出T3。当然也不是说锤子没有拿得出手的东西，看看锤子OS，个别APP做的不错，不过也仅此而已了，在全行业都在扁平化的时候，罗永浩就不是不扁平化。上一个这么任性的是魅族，搞了个smart bar，然后呢？然后魅族就知错了。工匠精神也好，情怀也罢，都不是靠嘴吹出来的。罗永浩从最早的秒天秒地，到后面略有收敛，无非是因为现实打脸打的太狠。投资人不单单是听听相声，资本最终会回归理性，当然，有人会说锤子估值多少多少，不过估值这东西，从来都是投资人用来忽悠未来投资人的，当不得真。资本永远讲究回报，没有回报，说破天也没用。>","type":"unstyled","depth":0,"inlineStyleRanges":[],"entityRanges":[],"data":{}}],"entityMap":{}},"previewText":"<在此填入你的文字>","resourceIdList":[]}',
        '罗永浩如果开个锤子设计公司或者锤子营销公司，或许能够成功，然而罗永浩开的是锤子科技公司。从罗永浩一开始的微博和演讲就能够知道，罗永浩太低估科技行业的门槛了。看看他对一系列公司的不屑一顾，对乔布斯的总结只有“偏执狂”和“完美主义”就知道，他肯定是吃不下来的，因为他的眼里只看到了设计和营销，没有看到技术，吃六个馒头吃饱了，技术是前五个馒头，设计和营销是最后一个，光吃最后一个，必然是要饿死的。更不用说，有工程技术背景的人，都知道没有完美的工业量产产品，妥协是一定的，然而决定能少妥协多少的，不是你有没有所谓的偏执，而是看你的技术实力。不过，罗永浩在出了实在毫无技术亮点的T2时，终于提到了妥协的问题。看看乔布斯传，乔布斯首先是一个有深刻技术背景的人，其次能够洞悉技术发展趋势和对用户体验的意义。而罗永浩的眼睛里只有UI设计，其他再没有任何有价值的点。所以他看不到，iPhone当初一些优秀的UI和交互是依托于电容触控屏和多点触控的引入。电容屏虽然有缺点，但是带来的触控体验提升明显，而且苹果背后的技术功力，让当时的触控操作就很接近如丝般顺滑。而多点触控，则为交互更自然提供非常实际的基础。当初第一次在iPhone上看照片，那种两个指头划拉就能缩放，真是惊为天人。再比如苹果默秒全的SOC，也因此iPhone能够第一个使用Retina屏，还有乔布斯早早布局的iOS软件生态链，紧紧追赶苹果的三星，有自己的猎户座，有自己的amoled，几乎可以自产主要核心部件，才赶上苹果，甚至有所超越。这些罗永浩看到了吗？如果他看到了，就不会如此狂妄毫无敬畏之心。一个典型的例子，回到一开始说的触控问题，当时魅族第一时间意识到其对体验的价值，但是m8做不到很好的实现，甚至出现了大量的故障机。整个Android阵营，差不多在2.x时代，才整体进入多点触控时代，4.0时代才整体实现触控如丝般顺滑。真的不是Android阵营没有想法，而是技术上的问题，臣妾实在做不到。罗永浩没有意识到，技术是体验的基础，他注意到的只有一个浅浅的UI。所以整个锤子，是一个以设计为导向的公司，又或者说，只要设计，一切技术都可以让步。所以，你会发现锤子手机上会有奇怪的技术缺失。锤子T1，4G版姗姗来迟，罗永浩觉得3G就够了，然而手机首先就是个通信工具，通信技术永远是基础，而且当时4G在中国移动的疯狂推动下，网络很快就很成熟了，庞大的移动用户错过了3G在edge时代憋屈太久，瞬间疯狂涌入4G网络。雷军虽然一开始也有误判，但是很快小米就意识到了投入了4G的怀抱。锤子T1主要销售的生命周期，4G已经成了标配，有不是加分项，但是没有就几乎是一票否决项。后来4G版了，又担心3G版用户，搞了个愚蠢的定价。更不要说锤子T1还有一摔跪，JDI大黄屏，蜜汁拍照绿等等问题了。后来罗永浩和刘翔优酷撕逼，刘翔是输了，罗永浩觉得自己赢了，其实输的比刘翔还厉害。插嘴狂魔的形象从此深入了广大没有“情怀”的群体心中。坚果手机，锤子为了冲量，不得不做出的选择，然而千元机这样的定价和定位注定了肯定会有坑。所以坚果竟然出现了615配1080p屏，这个时候，坚果的流畅度，真的，只能靠情怀了。其他的，也只能靠信仰了。然而，然而罗永浩在坚果的发布会上，竟然说流畅的不像Android……虽然我知道Android千元机主要靠吹逼，但是嘛……不过，真正造成坚果不温不火的，还是Android千元机的定位。这个段位，任何品质都是扯淡，因为这个段位的手机差不多都是一个尿性，所以这个价位只拼价格，拼价格玩的就是供应链管理，谁跟供应链的关系铁，谁更能走量，谁的进价就低，在Android千元机的段位，几十块钱的价差都是致命的。所以，红米、魅蓝、华为在刷销量的时候，坚果早已被湮灭在庞大的机海当中。锤子T2，几乎可以说给锤子自己一拳重击的产品，在骁龙820蓄势待发的时候，用808，没有typeC，没有快充，摄像头居然用imx214，甚至没有移动支付时代至关重要的指纹。不得不佩服罗永浩。亮点是什么呢？亮点是全金属无缝边框。好漂亮好漂亮，对用户体验有实质提升吗？没有……尤其是指纹没有，说是因为无法找到罗永浩觉得漂亮的设计。为了设计，放弃拥抱技术趋势，这还是科技公司吗？而且T2还不仅仅这么一个坑点，SIM卡藏按键里，锁屏需要长按home，目的只有一个，就是设计美感，然而牺牲的是用户非常直接的手感，尤其是为了设计，去掉独立关机键，搞的长按锁屏，简直是相当的反人类，给用户一种莫名的不痛快。可以说，锤子这家科技公司，可以不惜为了单纯的视觉设计（还不是功能设计），牺牲技术（千元机都指纹满天飞了），牺牲用户体验（按键手感）。锤子公司下一步会怎么走，其实看看T1到T2就能知道，T1好歹有点技术亮点，T2几乎没有技术亮点可言，设计倒是进步的，技术基本是倒退，而且这种技术层面的差距，会慢慢的越拉越大，所以，尽管很多人盼着锤子赶快出旗舰配置的T3，然而旗舰是想做就做的吗？锤子的技术实力，能够很好的驾驭820吗？锤子能够争取到820的稳定供货吗？以锤子的体量，还做不到供应链管理，完全只能看供应链的脸色。所以，我估计不是罗永浩不知道要赶紧出T3，而是真的做不到早早推出T3。当然也不是说锤子没有拿得出手的东西，看看锤子OS，个别APP做的不错，不过也仅此而已了，在全行业都在扁平化的时候，罗永浩就不是不扁平化。上一个这么任性的是魅族，搞了个smart bar，然后呢？然后魅族就知错了。工匠精神也好，情怀也罢，都不是靠嘴吹出来的。罗永浩从最早的秒天秒地，到后面略有收敛，无非是因为现实打脸打的太狠。投资人不单单是听听相声，资本最终会回归理性，当然，有人会说锤子估值多少多少，不过估值这东西，从来都是投资人用来忽悠未来投资人的，当不得真。资本永远讲究回报，没有回报，说破天也没用。');
INSERT INTO youthchina.COM_RICH_TEXT (TEXT_ID, COMPILE_TYPE, JSON_CONTENT, TEXT_CONTENT)
VALUES (151, 1,
        '{"braftEditorRaw":{"blocks":[{"key":"dtj4a","text":"<现在的学生真是好有钱啊。一万块的手机居然觉得不贵，还一套一套说得振振有词。能比出苹果不贵这个结论也真是有脑子。中国真的提前跨过社会主义初级阶段了？回学校再学学摩尔定律吧，每一年半性能增加一倍，价格便宜一半。看看五年前5000块能买怎么样的电脑，现在呢。苹果贵，不是因为通胀，不是因为成本，不是因为关税。原因只有一个，它太了解它的目标用户啊，那是一群iSheep啊。都2018年了，苹果出了一款ppi是326的XR。你猜猜2015年发布的三星galaxy s6的ppi是多少？577. 那是577啊，果粉们。换一块ppi高一点的屏幕才几个钱。为毛苹果要做这么恶心的事情，iSheep们，动动你们的脑子？因为把屏幕弄好了，就没人买利润更高的XS了。那为什么不给XR一个更实惠的价格？苹果是思路是，XS是给不差钱的iSheep准备的，XR是给差钱的iSheep准备的。库克说了，我们不做trash market，意思是，iPhone从来是给有钱人准备的。可是苹果怎么也不肯放过穷的iSheep，所以要出一个配置那么奇葩，价格又超过很多安卓旗舰的低端机来收割差钱iSheep这块市场。苹果的闪存策略也是一样的恶心。起步64G，够干什么的。买64G，有人比做买了十亩地，然后在上面建一个一平米的厕所。那么找更大一点的型号吧，结果苹果就直接跳过128G，达到256G了。这种极度鸡贼的定价和配置组合，我怎么看都觉得好恶心。如何看待苹果手机越来越贵？苹果心里就是认为，爷就是可劲薅你们这些iSheep，薅到你们死为止。-------------------- 更新分割线 -----------------------有iSheep反驳了，高PPI有什么用？有什么用，你别问我啊，你得问苹果啊，为什么XS的PPI比XR高？因为有用啊笨蛋。因为你手机能拍4K照片，视频啊，然后你的屏幕tm不支持啊。恩，拍了4k，压缩成1080p看，真香，是这个意思吗？有用没用，你拿两个手机对比一下不行了吗？我引用一个Youtube播主的话：这么多年我们一直期待苹果作为行业的龙头，去推进那些cutting edge的技术，给用户提供最优秀的产品。不过我们看到的是，苹果总是刻意地hold back。当业界转向usb-c（包括Macbook），iPhone还是执着地用着lightning接口，导致iSheep买了全家桶要带着各种转换头出门，lighting转3.5mm，lightning转usb-c，usb-c转lightning，you name it！三星已经证明了保留3.5mm耳机接口不影响防水，但苹果还是移除了。这些年，苹果就tm做了一件事，make more money by providing less。明年如果苹果把lighting接口都去掉，我都不会觉得奇怪，因为它要强推无线充电了。make more money by providing less AGAIN！！！！作为一个手持pixel 1代的用户，我认为手机不应该这么贵，不管什么原因手机都不应该这么贵！为什么一个通讯工具，计算平台被活生生地弄成了一个奢侈品？认识一下Angela Ahrendts(安吉拉.阿伦茨)，目前担任苹果零售部的副总裁职位。外界传闻是苹果下一届CEO。此人以前是巴宝莉的CEO。奢侈品！苹果要把自己的产品打造出奢侈品。奢侈品是什么？就是收割粉（脑）丝（残）的产品。像我这种只穿公司发的T-shirt，只穿200rmb的耐克打折球鞋的臭屌丝本来和奢侈品井水不犯河水。你买你的驴牌，猪牌，狗牌，我拎我的塑料袋。可是你们要把手机，这个目前对于普罗大众（包括我这样的穷人）最重要的计算平台奢侈品化，我不高兴啊。所以我抵制所有超过500美金的手机。今年的旗舰买不到，我买去年的旗舰。去年的全新旗舰买不到，我买去年的二手旗舰。去年的二手旗舰都买不到，我去买诺基亚的香蕉机。诺基亚的香蕉机都买不起了，我直接用google hangout打电话行不行！-----------------再次更新分割线------------------很高兴看到更多的iSheep跳出来，秀智商。iPhone是手机，不是你的万元全副单反或者莱卡。你去问问其他iSheep，有多少人拍了照片，视频是要放到家里的4k大电视或者高端显示器上细看的。我可以说99%的iSheep在99%的应用场景下都是拍完立刻看，分享，发朋友圈。所以说，你有花5000+去买个设备，作为制作端，它具备了强悍的拍摄4k的能力，却在输出端，在99%的场景下要先降低质量再显示。iSheep的脑子竟然能认为这是一个合理的事情！！！再补充一个事实。galaxy s4，2013年的产品，ppi，441。都五年了啊，iSheep。------------------再再次更新分割线----------------终于有iSheep提到穷论和市场论了。先讲个故事。有个厕所运营商开了两个厕所，一个一次一元，一个一次100元。当然百元厕所的马桶是纯金打造的。结果呢，当然绝大多数人都去一元厕所。运营商觉得这样不行。为了拉开差距，他开始给一元厕所取消厕纸，断水，关掉通风装置。可是大部分人依然在使用一元厕。运营商没办法了，只能开始往一元厕的地面，墙面涂大便了。他终于成功了，之后所有的人都去百元厕所了。你会问，为毛他不直接修两个百元厕呢。因为不是所有人都能拿出一百块钱上厕所，如果你不提供一元厕，那部分用户你就永远失去了。聪明的朋友已经看出来了，苹果给XR给这种劣等屏幕就等同于厕所运营商的涂大便行为。那么你服不服？iSheep们去问问比尔盖茨和巴菲特，一百美金上一次厕所是可以接受的吗？这TM真的是钱的问题？再说回市场论，这个世界上有帮蠢货整天被商家压榨，却时时刻刻替他们操心。有些东西可以完全以市场论。最典型的就是奢侈品。你富贵阶级怎么样把玛莎拉蒂，劳斯莱斯天天换新，也不影响普通人买个卡罗拉开20年。但是公共服务是不能以市场论的。手机当然不是公共服务，但信息是。对信息的公平获取权，对社会的公平正义至关重要。其实哪怕苹果能把手机卖到十万rmb，我都无所谓。我关心的是，手机这个生产力工具正在苹果的带动下奢侈品化。iPhone在涨价，安卓也在涨价。PC是上个世代最重要的计算平台，我们一步一步看PC的价格越来越便宜，但是手机作为这个世代最重要的计算平台，我们看到的是旗舰机毫无节制地加价。我不得不说有那么一丝丝的忧虑，在此给小米点个赞。>","type":"unstyled","depth":0,"inlineStyleRanges":[],"entityRanges":[],"data":{}}],"entityMap":{}},"previewText":"<在此填入你的文字>","resourceIdList":[]}',
        '现在的学生真是好有钱啊。一万块的手机居然觉得不贵，还一套一套说得振振有词。能比出苹果不贵这个结论也真是有脑子。中国真的提前跨过社会主义初级阶段了？回学校再学学摩尔定律吧，每一年半性能增加一倍，价格便宜一半。看看五年前5000块能买怎么样的电脑，现在呢。苹果贵，不是因为通胀，不是因为成本，不是因为关税。原因只有一个，它太了解它的目标用户啊，那是一群iSheep啊。都2018年了，苹果出了一款ppi是326的XR。你猜猜2015年发布的三星galaxy s6的ppi是多少？577. 那是577啊，果粉们。换一块ppi高一点的屏幕才几个钱。为毛苹果要做这么恶心的事情，iSheep们，动动你们的脑子？因为把屏幕弄好了，就没人买利润更高的XS了。那为什么不给XR一个更实惠的价格？苹果是思路是，XS是给不差钱的iSheep准备的，XR是给差钱的iSheep准备的。库克说了，我们不做trash market，意思是，iPhone从来是给有钱人准备的。可是苹果怎么也不肯放过穷的iSheep，所以要出一个配置那么奇葩，价格又超过很多安卓旗舰的低端机来收割差钱iSheep这块市场。苹果的闪存策略也是一样的恶心。起步64G，够干什么的。买64G，有人比做买了十亩地，然后在上面建一个一平米的厕所。那么找更大一点的型号吧，结果苹果就直接跳过128G，达到256G了。这种极度鸡贼的定价和配置组合，我怎么看都觉得好恶心。如何看待苹果手机越来越贵？苹果心里就是认为，爷就是可劲薅你们这些iSheep，薅到你们死为止。-------------------- 更新分割线 -----------------------有iSheep反驳了，高PPI有什么用？有什么用，你别问我啊，你得问苹果啊，为什么XS的PPI比XR高？因为有用啊笨蛋。因为你手机能拍4K照片，视频啊，然后你的屏幕tm不支持啊。恩，拍了4k，压缩成1080p看，真香，是这个意思吗？有用没用，你拿两个手机对比一下不行了吗？我引用一个Youtube播主的话：这么多年我们一直期待苹果作为行业的龙头，去推进那些cutting edge的技术，给用户提供最优秀的产品。不过我们看到的是，苹果总是刻意地hold back。当业界转向usb-c（包括Macbook），iPhone还是执着地用着lightning接口，导致iSheep买了全家桶要带着各种转换头出门，lighting转3.5mm，lightning转usb-c，usb-c转lightning，you name it！三星已经证明了保留3.5mm耳机接口不影响防水，但苹果还是移除了。这些年，苹果就tm做了一件事，make more money by providing less。明年如果苹果把lighting接口都去掉，我都不会觉得奇怪，因为它要强推无线充电了。make more money by providing less AGAIN！！！！作为一个手持pixel 1代的用户，我认为手机不应该这么贵，不管什么原因手机都不应该这么贵！为什么一个通讯工具，计算平台被活生生地弄成了一个奢侈品？认识一下Angela Ahrendts(安吉拉.阿伦茨)，目前担任苹果零售部的副总裁职位。外界传闻是苹果下一届CEO。此人以前是巴宝莉的CEO。奢侈品！苹果要把自己的产品打造出奢侈品。奢侈品是什么？就是收割粉（脑）丝（残）的产品。像我这种只穿公司发的T-shirt，只穿200rmb的耐克打折球鞋的臭屌丝本来和奢侈品井水不犯河水。你买你的驴牌，猪牌，狗牌，我拎我的塑料袋。可是你们要把手机，这个目前对于普罗大众（包括我这样的穷人）最重要的计算平台奢侈品化，我不高兴啊。所以我抵制所有超过500美金的手机。今年的旗舰买不到，我买去年的旗舰。去年的全新旗舰买不到，我买去年的二手旗舰。去年的二手旗舰都买不到，我去买诺基亚的香蕉机。诺基亚的香蕉机都买不起了，我直接用google hangout打电话行不行！-----------------再次更新分割线------------------很高兴看到更多的iSheep跳出来，秀智商。iPhone是手机，不是你的万元全副单反或者莱卡。你去问问其他iSheep，有多少人拍了照片，视频是要放到家里的4k大电视或者高端显示器上细看的。我可以说99%的iSheep在99%的应用场景下都是拍完立刻看，分享，发朋友圈。所以说，你有花5000+去买个设备，作为制作端，它具备了强悍的拍摄4k的能力，却在输出端，在99%的场景下要先降低质量再显示。iSheep的脑子竟然能认为这是一个合理的事情！！！再补充一个事实。galaxy s4，2013年的产品，ppi，441。都五年了啊，iSheep。------------------再再次更新分割线----------------终于有iSheep提到穷论和市场论了。先讲个故事。有个厕所运营商开了两个厕所，一个一次一元，一个一次100元。当然百元厕所的马桶是纯金打造的。结果呢，当然绝大多数人都去一元厕所。运营商觉得这样不行。为了拉开差距，他开始给一元厕所取消厕纸，断水，关掉通风装置。可是大部分人依然在使用一元厕。运营商没办法了，只能开始往一元厕的地面，墙面涂大便了。他终于成功了，之后所有的人都去百元厕所了。你会问，为毛他不直接修两个百元厕呢。因为不是所有人都能拿出一百块钱上厕所，如果你不提供一元厕，那部分用户你就永远失去了。聪明的朋友已经看出来了，苹果给XR给这种劣等屏幕就等同于厕所运营商的涂大便行为。那么你服不服？iSheep们去问问比尔盖茨和巴菲特，一百美金上一次厕所是可以接受的吗？这TM真的是钱的问题？再说回市场论，这个世界上有帮蠢货整天被商家压榨，却时时刻刻替他们操心。有些东西可以完全以市场论。最典型的就是奢侈品。你富贵阶级怎么样把玛莎拉蒂，劳斯莱斯天天换新，也不影响普通人买个卡罗拉开20年。但是公共服务是不能以市场论的。手机当然不是公共服务，但信息是。对信息的公平获取权，对社会的公平正义至关重要。其实哪怕苹果能把手机卖到十万rmb，我都无所谓。我关心的是，手机这个生产力工具正在苹果的带动下奢侈品化。iPhone在涨价，安卓也在涨价。PC是上个世代最重要的计算平台，我们一步一步看PC的价格越来越便宜，但是手机作为这个世代最重要的计算平台，我们看到的是旗舰机毫无节制地加价。我不得不说有那么一丝丝的忧虑，在此给小米点个赞。');
INSERT INTO youthchina.COM_RICH_TEXT (TEXT_ID, COMPILE_TYPE, JSON_CONTENT, TEXT_CONTENT)
VALUES (152, 1,
        '{"braftEditorRaw":{"blocks":[{"key":"dtj4a","text":"<作为一个曾经有过基带经验的人，这个问题不邀也来回答一下先说个人看法，不看好苹果自己做基带，要么是合作收购得路子。做基带比大家通常了解的手机应用处理器难度大多了，基带芯片可不是只做个芯片那么简单的事(当然芯片也是很复杂的)。如果不是走收购得路子，自己研发得话，这事儿没有3，5年成不了，就算做出来一开始肯定问题多多，说不定栽大跟头。1、前面也有人讲了，这个世界上能做出商用基带芯片得就那么几家公司，高通，华为，联发科，展讯，英特尔，再算上个三星。高通和华为不说了，通信起家，靠通信吃饭的，联发科2G时代山寨机王者，英特尔也是收购了英飞凌得无线业务才搞出基带芯片得（2010年收购的，这都过去多少年了才见到英特尔用到手机上），三星去年才做到全模吧？说这些，主要想说一下，现在能做好基带芯片的，都是做了很多年，有丰富通信经验和背景，很多都是从2G/3G时代做过来的，半路杀出来，也许苹果能创造奇迹吧2、为什么做基带这么难，通信系统本身很复杂只是一方面，说说基带芯片研发本身，很多人都在说5G基带有多复杂多难。其实，5G是全新的制式，网络新的，协议新的，通信算法新的，作为一个新人加进来，反而会友好一点，因为大家都是新开发的，虽然传统通信厂商有以前经验，可以在算法，协议理解，软硬件架构上有经验的优势，但也都是得从头看协议，从头开发了来，苹果只要使劲砸钱挖人，说不定还真能在5G上做一个追随者。但问题在于苹果要做得不是5G测试终端，而是商用终端，商用终端是啥，就是全模全频段都得做，什么gsm，gprs，edge，tdscdma，wcdma，hspa/+，tdd-lte，fdd-lte，cdma这些制式一个不能落下，还要美洲频段，欧洲频段，中国频段也得一个不落下全给做了，最头大得是这么多制式下还包括不同的爱立信设备，诺西设备，还有老的阿郎设备，还有华为设备，中兴设备，虽然大家都是按3GPP标准协议开发的，但是协议上很多内容是很模糊的，这样理解也对，那样理解也没错，这就造成了都是按3GPP标准协议做出来的设备在细节上有很大的差异，也是造成不同厂商有兼容性问题的原因！大家常说的时间积累，经验，很多时候就是体现在这些兼容性上面。举个例子，协议定义了搜网，但是怎么能快速搜网驻留却是各显神通，各家厂商各有各搜网策略，这都是靠踩坑排雷躺过来的，这就是各家得经验和秘诀，成败也就在这些细节上面。说了做商用终端要兼容各家设备，全球有100多个国家，数十个大电信运营商，设备商之间有兼容性问题，各国运营商之间也有兼容性问题。网络设备配置参数上千，不同国家运营商参数各不相同，一个新得基带芯片要商用，全球性典型网络的外场测试是避免不了得，这需要大量的财力人力，当然对苹果这都不是问题，但是，这不光是财力人力，还得花很多的时间。这些存量网络的兼容性排除过程就是踩坑的过程，也是经验积累的过程，如果一个坑没踩到，大量商用之后碰到了，那可就栽大跟头了！曾经我们做外场测试过程中，都在各家运营商网络上碰到过各种兼容性问题，有些问题甚至一上去接入都有问题，更别说打电话上网了。前面说做5G新制式对新人友好点，就是因为新制式没有那么大的存量网络，栽跟头可能性小的多。这么艰难的路，我觉得苹果要做只有可能找其他厂商合作，不可能全自己研发，欢迎到时来打脸。>","type":"unstyled","depth":0,"inlineStyleRanges":[],"entityRanges":[],"data":{}}],"entityMap":{}},"previewText":"<在此填入你的文字>","resourceIdList":[]}',
        '作为一个曾经有过基带经验的人，这个问题不邀也来回答一下先说个人看法，不看好苹果自己做基带，要么是合作收购得路子。做基带比大家通常了解的手机应用处理器难度大多了，基带芯片可不是只做个芯片那么简单的事(当然芯片也是很复杂的)。如果不是走收购得路子，自己研发得话，这事儿没有3，5年成不了，就算做出来一开始肯定问题多多，说不定栽大跟头。1、前面也有人讲了，这个世界上能做出商用基带芯片得就那么几家公司，高通，华为，联发科，展讯，英特尔，再算上个三星。高通和华为不说了，通信起家，靠通信吃饭的，联发科2G时代山寨机王者，英特尔也是收购了英飞凌得无线业务才搞出基带芯片得（2010年收购的，这都过去多少年了才见到英特尔用到手机上），三星去年才做到全模吧？说这些，主要想说一下，现在能做好基带芯片的，都是做了很多年，有丰富通信经验和背景，很多都是从2G/3G时代做过来的，半路杀出来，也许苹果能创造奇迹吧2、为什么做基带这么难，通信系统本身很复杂只是一方面，说说基带芯片研发本身，很多人都在说5G基带有多复杂多难。其实，5G是全新的制式，网络新的，协议新的，通信算法新的，作为一个新人加进来，反而会友好一点，因为大家都是新开发的，虽然传统通信厂商有以前经验，可以在算法，协议理解，软硬件架构上有经验的优势，但也都是得从头看协议，从头开发了来，苹果只要使劲砸钱挖人，说不定还真能在5G上做一个追随者。但问题在于苹果要做得不是5G测试终端，而是商用终端，商用终端是啥，就是全模全频段都得做，什么gsm，gprs，edge，tdscdma，wcdma，hspa/+，tdd-lte，fdd-lte，cdma这些制式一个不能落下，还要美洲频段，欧洲频段，中国频段也得一个不落下全给做了，最头大得是这么多制式下还包括不同的爱立信设备，诺西设备，还有老的阿郎设备，还有华为设备，中兴设备，虽然大家都是按3GPP标准协议开发的，但是协议上很多内容是很模糊的，这样理解也对，那样理解也没错，这就造成了都是按3GPP标准协议做出来的设备在细节上有很大的差异，也是造成不同厂商有兼容性问题的原因！大家常说的时间积累，经验，很多时候就是体现在这些兼容性上面。举个例子，协议定义了搜网，但是怎么能快速搜网驻留却是各显神通，各家厂商各有各搜网策略，这都是靠踩坑排雷躺过来的，这就是各家得经验和秘诀，成败也就在这些细节上面。说了做商用终端要兼容各家设备，全球有100多个国家，数十个大电信运营商，设备商之间有兼容性问题，各国运营商之间也有兼容性问题。网络设备配置参数上千，不同国家运营商参数各不相同，一个新得基带芯片要商用，全球性典型网络的外场测试是避免不了得，这需要大量的财力人力，当然对苹果这都不是问题，但是，这不光是财力人力，还得花很多的时间。这些存量网络的兼容性排除过程就是踩坑的过程，也是经验积累的过程，如果一个坑没踩到，大量商用之后碰到了，那可就栽大跟头了！曾经我们做外场测试过程中，都在各家运营商网络上碰到过各种兼容性问题，有些问题甚至一上去接入都有问题，更别说打电话上网了。前面说做5G新制式对新人友好点，就是因为新制式没有那么大的存量网络，栽跟头可能性小的多。这么艰难的路，我觉得苹果要做只有可能找其他厂商合作，不可能全自己研发，欢迎到时来打脸。');
INSERT INTO youthchina.COM_RICH_TEXT (TEXT_ID, COMPILE_TYPE, JSON_CONTENT, TEXT_CONTENT)
VALUES (153, 1,
        '{"braftEditorRaw":{"blocks":[{"key":"dtj4a","text":"<iPhone XS是真的卖不出去了，我身边都是用苹果的但是用 xs就我一个，用xs max有两个，剩下的都是iPhone X iPhone8P原因大概就是iPhone XS真的太贵了，8699元，大多数人还是嫌麻烦买的国行。8699可以飞冰岛来回，可以去越南旅行半个月.是中国人均存款4.92万元的六分之一。可以为 3-4万一平（除了北上广深杭宁温厦三亚大多没达到这个水平）的商品房还一个月贷款。而前不久微软的市值赶上了苹果，苹果从10900亿美元跌到了8000多亿美元，可能是iPhone XS系列的销量真的不乐观，华尔街不看好苹果，种种压力下 重启了iPhone X救市。iPhone X大概6000多元相比接近1万的售价大家还是能接受。iPhone XS比iPhone X好在 面部解锁更快 续航更好 发热降低 玩游戏流畅一些除此之外没有区别，远不如iPhone4和iPhone4s的差距 ——Siri 两倍速度差距的CPU iPhone5和iPhone5s的差距 ——指纹解锁 2倍速度差距的CPU iPhone6和iPhone6s的差距——更快速的指纹解锁 更坚硬的外壳 快70%的CPU 90%的GPU iPhone7和iPhone X的差距——全新的外观 面部解锁 消费者不是傻子>","type":"unstyled","depth":0,"inlineStyleRanges":[],"entityRanges":[],"data":{}}],"entityMap":{}},"previewText":"<在此填入你的文字>","resourceIdList":[]}',
        'iPhone XS是真的卖不出去了，我身边都是用苹果的但是用 xs就我一个，用xs max有两个，剩下的都是iPhone X iPhone8P原因大概就是iPhone XS真的太贵了，8699元，大多数人还是嫌麻烦买的国行。8699可以飞冰岛来回，可以去越南旅行半个月.是中国人均存款4.92万元的六分之一。可以为 3-4万一平（除了北上广深杭宁温厦三亚大多没达到这个水平）的商品房还一个月贷款。而前不久微软的市值赶上了苹果，苹果从10900亿美元跌到了8000多亿美元，可能是iPhone XS系列的销量真的不乐观，华尔街不看好苹果，种种压力下 重启了iPhone X救市。iPhone X大概6000多元相比接近1万的售价大家还是能接受。iPhone XS比iPhone X好在 面部解锁更快 续航更好 发热降低 玩游戏流畅一些除此之外没有区别，远不如iPhone4和iPhone4s的差距 ——Siri 两倍速度差距的CPU iPhone5和iPhone5s的差距 ——指纹解锁 2倍速度差距的CPU iPhone6和iPhone6s的差距——更快速的指纹解锁 更坚硬的外壳 快70%的CPU 90%的GPU iPhone7和iPhone X的差距——全新的外观 面部解锁 消费者不是傻子');
INSERT INTO youthchina.COM_RICH_TEXT (TEXT_ID, COMPILE_TYPE, JSON_CONTENT, TEXT_CONTENT)
VALUES (154, 1,
        '{"braftEditorRaw":{"blocks":[{"key":"dtj4a","text":"<iPhone XS是真的卖不出去了，我身边都是用苹果的但是用 xs就我一个，用xs max有两个，剩下的都是iPhone X iPhone8P原因大概就是iPhone XS真的太贵了，8699元，大多数人还是嫌麻烦买的国行。8699可以飞冰岛来回，可以去越南旅行半个月.是中国人均存款4.92万元的六分之一。可以为 3-4万一平（除了北上广深杭宁温厦三亚大多没达到这个水平）的商品房还一个月贷款。而前不久微软的市值赶上了苹果，苹果从10900亿美元跌到了8000多亿美元，可能是iPhone XS系列的销量真的不乐观，华尔街不看好苹果，种种压力下 重启了iPhone X救市。iPhone X大概6000多元相比接近1万的售价大家还是能接受。iPhone XS比iPhone X好在 面部解锁更快 续航更好 发热降低 玩游戏流畅一些除此之外没有区别，远不如iPhone4和iPhone4s的差距 ——Siri 两倍速度差距的CPU iPhone5和iPhone5s的差距 ——指纹解锁 2倍速度差距的CPU iPhone6和iPhone6s的差距——更快速的指纹解锁 更坚硬的外壳 快70%的CPU 90%的GPU iPhone7和iPhone X的差距——全新的外观 面部解锁 消费者不是傻子>","type":"unstyled","depth":0,"inlineStyleRanges":[],"entityRanges":[],"data":{}}],"entityMap":{}},"previewText":"<在此填入你的文字>","resourceIdList":[]}',
        'iPhone XS是真的卖不出去了，我身边都是用苹果的但是用 xs就我一个，用xs max有两个，剩下的都是iPhone X iPhone8P原因大概就是iPhone XS真的太贵了，8699元，大多数人还是嫌麻烦买的国行。8699可以飞冰岛来回，可以去越南旅行半个月.是中国人均存款4.92万元的六分之一。可以为 3-4万一平（除了北上广深杭宁温厦三亚大多没达到这个水平）的商品房还一个月贷款。而前不久微软的市值赶上了苹果，苹果从10900亿美元跌到了8000多亿美元，可能是iPhone XS系列的销量真的不乐观，华尔街不看好苹果，种种压力下 重启了iPhone X救市。iPhone X大概6000多元相比接近1万的售价大家还是能接受。iPhone XS比iPhone X好在 面部解锁更快 续航更好 发热降低 玩游戏流畅一些除此之外没有区别，远不如iPhone4和iPhone4s的差距 ——Siri 两倍速度差距的CPU iPhone5和iPhone5s的差距 ——指纹解锁 2倍速度差距的CPU iPhone6和iPhone6s的差距——更快速的指纹解锁 更坚硬的外壳 快70%的CPU 90%的GPU iPhone7和iPhone X的差距——全新的外观 面部解锁 消费者不是傻子');
INSERT INTO youthchina.COM_VIDEO (VIDEO_ID, VIDEO_TITLE, VIDEO_NAME, VIDEO_DESCRIPTION, VIDEO_VIEW_COUNT,
                                  VIDEO_UPLOAD_TIME, IS_DELETE, IS_DELETE_TIME, USER_ID, RELA_TYPE, RELA_ID)
VALUES (1, '视频1', '2856306669745344512', '视频描述1', 0, '2019-02-27 22:07:00', 0, '2019-01-01 00:00:00', 1, 0, 0);
INSERT INTO youthchina.COM_VIDEO (VIDEO_ID, VIDEO_TITLE, VIDEO_NAME, VIDEO_DESCRIPTION, VIDEO_VIEW_COUNT,
                                  VIDEO_UPLOAD_TIME, IS_DELETE, IS_DELETE_TIME, USER_ID, RELA_TYPE, RELA_ID)
VALUES (2, '视频2', '2858461057087705088', '视频描述2', 0, '2019-03-05 19:26:26', 0, '2019-01-01 00:00:00', 1, 0, 0);
INSERT INTO youthchina.COM_VIDEO (VIDEO_ID, VIDEO_TITLE, VIDEO_NAME, VIDEO_DESCRIPTION, VIDEO_VIEW_COUNT,
                                  VIDEO_UPLOAD_TIME, IS_DELETE, IS_DELETE_TIME, USER_ID, RELA_TYPE, RELA_ID)
VALUES (3, '视频3', '2858465896022675456', '视频描述3', 0, '2019-03-05 19:26:26', 0, '2019-01-01 00:00:00', 1, 0, 0);
INSERT INTO youthchina.COM_VIDEO (VIDEO_ID, VIDEO_TITLE, VIDEO_NAME, VIDEO_DESCRIPTION, VIDEO_VIEW_COUNT,
                                  VIDEO_UPLOAD_TIME, IS_DELETE, IS_DELETE_TIME, USER_ID, RELA_TYPE, RELA_ID)
VALUES (4, '视频4', '2858466008518103040', '视频描述4', 0, '2019-03-05 19:26:26', 0, '2019-01-01 00:00:00', 1, 0, 0);
INSERT INTO youthchina.COM_VIDEO (VIDEO_ID, VIDEO_TITLE, VIDEO_NAME, VIDEO_DESCRIPTION, VIDEO_VIEW_COUNT,
                                  VIDEO_UPLOAD_TIME, IS_DELETE, IS_DELETE_TIME, USER_ID, RELA_TYPE, RELA_ID)
VALUES (5, '视频5', '2858466381886656512', '视频描述5', 0, '2019-03-05 19:26:26', 0, '2019-01-01 00:00:00', 1, 0, 0);
INSERT INTO youthchina.JOB_DEGREE_REQUIRE (JOB_REQUIRE_ID, JOB_DEGREE_NUM, JOB_ID, IS_DELETE, IS_DELETE_TIME)
VALUES (1, 4, 6, 0, '2019-01-01 00:00:00');
INSERT INTO youthchina.JOB_DEGREE_REQUIRE (JOB_REQUIRE_ID, JOB_DEGREE_NUM, JOB_ID, IS_DELETE, IS_DELETE_TIME)
VALUES (2, 5, 6, 0, '2019-01-01 00:00:00');
INSERT INTO youthchina.JOB_DEGREE_REQUIRE (JOB_REQUIRE_ID, JOB_DEGREE_NUM, JOB_ID, IS_DELETE, IS_DELETE_TIME)
VALUES (3, 6, 6, 0, '2019-01-01 00:00:00');
INSERT INTO youthchina.JOB_DEGREE_REQUIRE (JOB_REQUIRE_ID, JOB_DEGREE_NUM, JOB_ID, IS_DELETE, IS_DELETE_TIME)
VALUES (4, 3, 10, 0, '2019-01-01 00:00:00');
INSERT INTO youthchina.JOB_DEGREE_REQUIRE (JOB_REQUIRE_ID, JOB_DEGREE_NUM, JOB_ID, IS_DELETE, IS_DELETE_TIME)
VALUES (5, 4, 10, 0, '2019-01-01 00:00:00');
INSERT INTO youthchina.JOB_DEGREE_REQUIRE (JOB_REQUIRE_ID, JOB_DEGREE_NUM, JOB_ID, IS_DELETE, IS_DELETE_TIME)
VALUES (6, 5, 10, 0, '2019-01-01 00:00:00');
INSERT INTO youthchina.JOB_DEGREE_REQUIRE (JOB_REQUIRE_ID, JOB_DEGREE_NUM, JOB_ID, IS_DELETE, IS_DELETE_TIME)
VALUES (7, 6, 10, 0, '2019-01-01 00:00:00');
INSERT INTO youthchina.JOB_DEGREE_REQUIRE (JOB_REQUIRE_ID, JOB_DEGREE_NUM, JOB_ID, IS_DELETE, IS_DELETE_TIME)
VALUES (8, 4, 14, 0, '2019-01-01 00:00:00');
INSERT INTO youthchina.JOB_DEGREE_REQUIRE (JOB_REQUIRE_ID, JOB_DEGREE_NUM, JOB_ID, IS_DELETE, IS_DELETE_TIME)
VALUES (9, 5, 14, 0, '2019-01-01 00:00:00');
INSERT INTO youthchina.JOB_DEGREE_REQUIRE (JOB_REQUIRE_ID, JOB_DEGREE_NUM, JOB_ID, IS_DELETE, IS_DELETE_TIME)
VALUES (10, 6, 14, 0, '2019-01-01 00:00:00');
INSERT INTO youthchina.JOB_DEGREE_REQUIRE (JOB_REQUIRE_ID, JOB_DEGREE_NUM, JOB_ID, IS_DELETE, IS_DELETE_TIME)
VALUES (11, 3, 18, 0, '2019-01-01 00:00:00');
INSERT INTO youthchina.JOB_DEGREE_REQUIRE (JOB_REQUIRE_ID, JOB_DEGREE_NUM, JOB_ID, IS_DELETE, IS_DELETE_TIME)
VALUES (12, 4, 18, 0, '2019-01-01 00:00:00');
INSERT INTO youthchina.JOB_DEGREE_REQUIRE (JOB_REQUIRE_ID, JOB_DEGREE_NUM, JOB_ID, IS_DELETE, IS_DELETE_TIME)
VALUES (13, 5, 18, 0, '2019-01-01 00:00:00');
INSERT INTO youthchina.JOB_INDUSTRY (JOB_IND_ID, JOB_IND_CODE, JOB_ID, IS_DELETE, IS_DELETE_TIME)
VALUES (1, 'I6510', 1, 0, '2019-01-01 00:00:00');
INSERT INTO youthchina.JOB_INDUSTRY (JOB_IND_ID, JOB_IND_CODE, JOB_ID, IS_DELETE, IS_DELETE_TIME)
VALUES (2, 'I6510', 2, 0, '2019-01-01 00:00:00');
INSERT INTO youthchina.JOB_INDUSTRY (JOB_IND_ID, JOB_IND_CODE, JOB_ID, IS_DELETE, IS_DELETE_TIME)
VALUES (3, 'I6510', 3, 0, '2019-01-01 00:00:00');
INSERT INTO youthchina.JOB_INDUSTRY (JOB_IND_ID, JOB_IND_CODE, JOB_ID, IS_DELETE, IS_DELETE_TIME)
VALUES (4, 'I6510', 4, 0, '2019-01-01 00:00:00');
INSERT INTO youthchina.JOB_INDUSTRY (JOB_IND_ID, JOB_IND_CODE, JOB_ID, IS_DELETE, IS_DELETE_TIME)
VALUES (5, 'I6510', 5, 0, '2019-01-01 00:00:00');
INSERT INTO youthchina.JOB_INDUSTRY (JOB_IND_ID, JOB_IND_CODE, JOB_ID, IS_DELETE, IS_DELETE_TIME)
VALUES (6, 'I6510', 6, 0, '2019-01-01 00:00:00');
INSERT INTO youthchina.JOB_INDUSTRY (JOB_IND_ID, JOB_IND_CODE, JOB_ID, IS_DELETE, IS_DELETE_TIME)
VALUES (7, 'I6510', 7, 0, '2019-01-01 00:00:00');
INSERT INTO youthchina.JOB_INDUSTRY (JOB_IND_ID, JOB_IND_CODE, JOB_ID, IS_DELETE, IS_DELETE_TIME)
VALUES (8, 'I6510', 8, 0, '2019-01-01 00:00:00');
INSERT INTO youthchina.JOB_INDUSTRY (JOB_IND_ID, JOB_IND_CODE, JOB_ID, IS_DELETE, IS_DELETE_TIME)
VALUES (9, 'I6510', 9, 0, '2019-01-01 00:00:00');
INSERT INTO youthchina.JOB_INDUSTRY (JOB_IND_ID, JOB_IND_CODE, JOB_ID, IS_DELETE, IS_DELETE_TIME)
VALUES (10, 'I6510', 10, 0, '2019-01-01 00:00:00');
INSERT INTO youthchina.JOB_INDUSTRY (JOB_IND_ID, JOB_IND_CODE, JOB_ID, IS_DELETE, IS_DELETE_TIME)
VALUES (11, 'I6510', 11, 0, '2019-01-01 00:00:00');
INSERT INTO youthchina.JOB_INDUSTRY (JOB_IND_ID, JOB_IND_CODE, JOB_ID, IS_DELETE, IS_DELETE_TIME)
VALUES (12, 'I6510', 12, 0, '2019-01-01 00:00:00');
INSERT INTO youthchina.JOB_INDUSTRY (JOB_IND_ID, JOB_IND_CODE, JOB_ID, IS_DELETE, IS_DELETE_TIME)
VALUES (13, 'I6510', 13, 0, '2019-01-01 00:00:00');
INSERT INTO youthchina.JOB_INDUSTRY (JOB_IND_ID, JOB_IND_CODE, JOB_ID, IS_DELETE, IS_DELETE_TIME)
VALUES (14, 'I6510', 14, 0, '2019-01-01 00:00:00');
INSERT INTO youthchina.JOB_INDUSTRY (JOB_IND_ID, JOB_IND_CODE, JOB_ID, IS_DELETE, IS_DELETE_TIME)
VALUES (15, 'I6510', 15, 0, '2019-01-01 00:00:00');
INSERT INTO youthchina.JOB_INDUSTRY (JOB_IND_ID, JOB_IND_CODE, JOB_ID, IS_DELETE, IS_DELETE_TIME)
VALUES (16, 'I6510', 16, 0, '2019-01-01 00:00:00');
INSERT INTO youthchina.JOB_INDUSTRY (JOB_IND_ID, JOB_IND_CODE, JOB_ID, IS_DELETE, IS_DELETE_TIME)
VALUES (17, 'I6510', 17, 0, '2019-01-01 00:00:00');
INSERT INTO youthchina.JOB_INDUSTRY (JOB_IND_ID, JOB_IND_CODE, JOB_ID, IS_DELETE, IS_DELETE_TIME)
VALUES (18, 'I6510', 18, 0, '2019-01-01 00:00:00');
INSERT INTO youthchina.JOB_INFO (JOB_ID, JOB_NAME, JOB_PROF_CODE, JOB_START_TIME, JOB_END_TIME, JOB_TYPE,
                                 JOB_DESCRIPTION, JOB_DUTY, JOB_HIGHLIGHT, JOB_SALARY_FLOOR, JOB_SALARY_CAP, JOB_LINK,
                                 CV_RECEI_MAIL, CV_NAME_RULE, JOB_ACTIVE, USER_ID, COMPANY_ID, ADD_TIME, IS_DELETE,
                                 IS_DELETE_TIME)
VALUES (1, '产品信息管理实习生', 'I6510201004', '2019-01-01', '2019-12-31', 1, '产品信息管理实习生',
        '在读硕士研究生, 如果是2019年毕业生, 有转正机会；熟悉产品信息管理', '转正机会', 2000, 3000, '---', 'haoqi@weyouth.co', '---', 1, 1, 37,
        '2019-01-01 00:00:00', 0, '2019-01-01 00:00:00');
INSERT INTO youthchina.JOB_INFO (JOB_ID, JOB_NAME, JOB_PROF_CODE, JOB_START_TIME, JOB_END_TIME, JOB_TYPE,
                                 JOB_DESCRIPTION, JOB_DUTY, JOB_HIGHLIGHT, JOB_SALARY_FLOOR, JOB_SALARY_CAP, JOB_LINK,
                                 CV_RECEI_MAIL, CV_NAME_RULE, JOB_ACTIVE, USER_ID, COMPANY_ID, ADD_TIME, IS_DELETE,
                                 IS_DELETE_TIME)
VALUES (2, 'Java/Javascript实习生', 'I6510101002', '2019-01-01', '2019-12-31', 1, 'Java/Javascript实习生',
        '在读硕士研究生, 如果是2019年毕业生, 有转正机会；熟悉Java编程，有J2EE开发经验；熟悉SQL, 了解常用关系型数据库以及非关系型数据库；熟悉JavaScript以及相应框架，如AngularJS, Vue, Node.js等；了...',
        '转正机会', 2000, 3000, '---', 'haoqi@weyouth.co', '---', 1, 1, 37, '2019-01-01 00:00:00', 0,
        '2019-01-01 00:00:00');
INSERT INTO youthchina.JOB_INFO (JOB_ID, JOB_NAME, JOB_PROF_CODE, JOB_START_TIME, JOB_END_TIME, JOB_TYPE,
                                 JOB_DESCRIPTION, JOB_DUTY, JOB_HIGHLIGHT, JOB_SALARY_FLOOR, JOB_SALARY_CAP, JOB_LINK,
                                 CV_RECEI_MAIL, CV_NAME_RULE, JOB_ACTIVE, USER_ID, COMPANY_ID, ADD_TIME, IS_DELETE,
                                 IS_DELETE_TIME)
VALUES (3, '后端开发实习生', 'I6510102', '2019-01-01', '2019-12-31', 1, '后端开发实习生', '在读硕士研究生, 如果是2019年毕业生, 有转正机会；熟悉后端语言开发',
        '转正机会', 2000, 3000, '---', 'haoqi@weyouth.co', '---', 1, 1, 37, '2019-01-01 00:00:00', 0,
        '2019-01-01 00:00:00');
INSERT INTO youthchina.JOB_INFO (JOB_ID, JOB_NAME, JOB_PROF_CODE, JOB_START_TIME, JOB_END_TIME, JOB_TYPE,
                                 JOB_DESCRIPTION, JOB_DUTY, JOB_HIGHLIGHT, JOB_SALARY_FLOOR, JOB_SALARY_CAP, JOB_LINK,
                                 CV_RECEI_MAIL, CV_NAME_RULE, JOB_ACTIVE, USER_ID, COMPANY_ID, ADD_TIME, IS_DELETE,
                                 IS_DELETE_TIME)
VALUES (4, '数据研发实习生', 'I6510102004', '2019-01-01', '2019-12-31', 1, '数据研发实习生', '在读硕士研究生, 如果是2019年毕业生, 有转正机会；熟悉数据研发',
        '转正机会', 2000, 3000, '---', 'haoqi@weyouth.co', '---', 1, 1, 37, '2019-01-01 00:00:00', 0,
        '2019-01-01 00:00:00');
INSERT INTO youthchina.JOB_INFO (JOB_ID, JOB_NAME, JOB_PROF_CODE, JOB_START_TIME, JOB_END_TIME, JOB_TYPE,
                                 JOB_DESCRIPTION, JOB_DUTY, JOB_HIGHLIGHT, JOB_SALARY_FLOOR, JOB_SALARY_CAP, JOB_LINK,
                                 CV_RECEI_MAIL, CV_NAME_RULE, JOB_ACTIVE, USER_ID, COMPANY_ID, ADD_TIME, IS_DELETE,
                                 IS_DELETE_TIME)
VALUES (5, 'python开发实习生', 'I6510102022', '2019-01-01', '2019-12-31', 1, 'python开发实习生',
        '在读硕士研究生, 如果是2019年毕业生, 有转正机会；熟悉Python编程', '转正机会', 2000, 3000, '---', 'haoqi@weyouth.co', '---', 1, 1, 37,
        '2019-01-01 00:00:00', 0, '2019-01-01 00:00:00');
INSERT INTO youthchina.JOB_INFO (JOB_ID, JOB_NAME, JOB_PROF_CODE, JOB_START_TIME, JOB_END_TIME, JOB_TYPE,
                                 JOB_DESCRIPTION, JOB_DUTY, JOB_HIGHLIGHT, JOB_SALARY_FLOOR, JOB_SALARY_CAP, JOB_LINK,
                                 CV_RECEI_MAIL, CV_NAME_RULE, JOB_ACTIVE, USER_ID, COMPANY_ID, ADD_TIME, IS_DELETE,
                                 IS_DELETE_TIME)
VALUES (6, '开发测试实习生', 'I6510106004', '2019-01-01', '2019-12-31', 1, '开发测试实习生',
        '工作职责：1. 根据需求设计测试用例，编写测试程序以及测试脚本；2. 负责测试执行以及测试结果分析，定位软件bug；3. 优化测试方法，测试流程；4. 负责测试过程相关文档的编写与...', '转正机会', 2000,
        3000, '---', 'haoqi@weyouth.co', '---', 1, 1, 37, '2019-01-01 00:00:00', 0, '2019-01-01 00:00:00');
INSERT INTO youthchina.JOB_INFO (JOB_ID, JOB_NAME, JOB_PROF_CODE, JOB_START_TIME, JOB_END_TIME, JOB_TYPE,
                                 JOB_DESCRIPTION, JOB_DUTY, JOB_HIGHLIGHT, JOB_SALARY_FLOOR, JOB_SALARY_CAP, JOB_LINK,
                                 CV_RECEI_MAIL, CV_NAME_RULE, JOB_ACTIVE, USER_ID, COMPANY_ID, ADD_TIME, IS_DELETE,
                                 IS_DELETE_TIME)
VALUES (7, '核心算法工程师（自然语言处理/机器学习）', 'I6510105007', '2019-01-01', '2019-12-31', 3, '核心算法工程师（自然语言处理/机器学习）',
        '在读硕士研究生, 如果是2019年毕业生, 有转正机会；熟悉主流算法', '转正机会', 15000, 20000, '---', 'haoqi@weyouth.co', '---', 1, 1, 37,
        '2019-01-01 00:00:00', 0, '2019-01-01 00:00:00');
INSERT INTO youthchina.JOB_INFO (JOB_ID, JOB_NAME, JOB_PROF_CODE, JOB_START_TIME, JOB_END_TIME, JOB_TYPE,
                                 JOB_DESCRIPTION, JOB_DUTY, JOB_HIGHLIGHT, JOB_SALARY_FLOOR, JOB_SALARY_CAP, JOB_LINK,
                                 CV_RECEI_MAIL, CV_NAME_RULE, JOB_ACTIVE, USER_ID, COMPANY_ID, ADD_TIME, IS_DELETE,
                                 IS_DELETE_TIME)
VALUES (8, '产品运营实习生', 'I6510201005', '2019-01-01', '2019-12-31', 1, '产品运营实习生', '在读硕士研究生, 如果是2019年毕业生, 有转正机会；熟悉产品运营',
        '转正机会', 2000, 3000, '---', 'haoqi@weyouth.co', '---', 1, 1, 37, '2019-01-01 00:00:00', 0,
        '2019-01-01 00:00:00');
INSERT INTO youthchina.JOB_INFO (JOB_ID, JOB_NAME, JOB_PROF_CODE, JOB_START_TIME, JOB_END_TIME, JOB_TYPE,
                                 JOB_DESCRIPTION, JOB_DUTY, JOB_HIGHLIGHT, JOB_SALARY_FLOOR, JOB_SALARY_CAP, JOB_LINK,
                                 CV_RECEI_MAIL, CV_NAME_RULE, JOB_ACTIVE, USER_ID, COMPANY_ID, ADD_TIME, IS_DELETE,
                                 IS_DELETE_TIME)
VALUES (9, '数据挖掘实习生', 'I6510105005', '2019-01-01', '2019-12-31', 1, '数据挖掘实习生', '在读硕士研究生, 如果是2019年毕业生, 有转正机会；熟悉数据挖掘',
        '转正机会', 2000, 3000, '---', 'haoqi@weyouth.co', '---', 1, 1, 37, '2019-01-01 00:00:00', 0,
        '2019-01-01 00:00:00');
INSERT INTO youthchina.JOB_INFO (JOB_ID, JOB_NAME, JOB_PROF_CODE, JOB_START_TIME, JOB_END_TIME, JOB_TYPE,
                                 JOB_DESCRIPTION, JOB_DUTY, JOB_HIGHLIGHT, JOB_SALARY_FLOOR, JOB_SALARY_CAP, JOB_LINK,
                                 CV_RECEI_MAIL, CV_NAME_RULE, JOB_ACTIVE, USER_ID, COMPANY_ID, ADD_TIME, IS_DELETE,
                                 IS_DELETE_TIME)
VALUES (10, '后端开发工程师', 'I6510102', '2019-01-01', '2019-12-31', 3, '后端开发工程师',
        '熟悉Java编程，有J2EE开发经验；熟悉SQL, 了解常用关系型数据库以及非关系型数据库；有2年以上后端开发经验', '五险一金，班车', 15000, 20000, '---', 'haoqi@weyouth.co',
        '---', 1, 1, 37, '2019-01-01 00:00:00', 0, '2019-01-01 00:00:00');
INSERT INTO youthchina.JOB_INFO (JOB_ID, JOB_NAME, JOB_PROF_CODE, JOB_START_TIME, JOB_END_TIME, JOB_TYPE,
                                 JOB_DESCRIPTION, JOB_DUTY, JOB_HIGHLIGHT, JOB_SALARY_FLOOR, JOB_SALARY_CAP, JOB_LINK,
                                 CV_RECEI_MAIL, CV_NAME_RULE, JOB_ACTIVE, USER_ID, COMPANY_ID, ADD_TIME, IS_DELETE,
                                 IS_DELETE_TIME)
VALUES (11, '运维开发工程师', 'I6510104002', '2019-01-01', '2019-12-31', 3, '运维开发工程师', '有两年以上运维经验;有2年以上开发经验', '五险一金，班车', 15000,
        20000, '---', 'haoqi@weyouth.co', '---', 1, 1, 37, '2019-01-01 00:00:00', 0, '2019-01-01 00:00:00');
INSERT INTO youthchina.JOB_INFO (JOB_ID, JOB_NAME, JOB_PROF_CODE, JOB_START_TIME, JOB_END_TIME, JOB_TYPE,
                                 JOB_DESCRIPTION, JOB_DUTY, JOB_HIGHLIGHT, JOB_SALARY_FLOOR, JOB_SALARY_CAP, JOB_LINK,
                                 CV_RECEI_MAIL, CV_NAME_RULE, JOB_ACTIVE, USER_ID, COMPANY_ID, ADD_TIME, IS_DELETE,
                                 IS_DELETE_TIME)
VALUES (12, '网络工程师', 'I6510104003', '2019-01-01', '2019-12-31', 3, '网络工程师', '熟悉网络基础，有2年以上相关经验', '五险一金，班车', 15000, 20000,
        '---', 'haoqi@weyouth.co', '---', 1, 1, 37, '2019-01-01 00:00:00', 0, '2019-01-01 00:00:00');
INSERT INTO youthchina.JOB_INFO (JOB_ID, JOB_NAME, JOB_PROF_CODE, JOB_START_TIME, JOB_END_TIME, JOB_TYPE,
                                 JOB_DESCRIPTION, JOB_DUTY, JOB_HIGHLIGHT, JOB_SALARY_FLOOR, JOB_SALARY_CAP, JOB_LINK,
                                 CV_RECEI_MAIL, CV_NAME_RULE, JOB_ACTIVE, USER_ID, COMPANY_ID, ADD_TIME, IS_DELETE,
                                 IS_DELETE_TIME)
VALUES (13, '系统工程师', 'I6510104004', '2019-01-01', '2019-12-31', 3, '系统工程师', '熟悉计算机系统，有2年以上相关经验', '五险一金，班车', 15000,
        20000, '---', 'haoqi@weyouth.co', '---', 1, 1, 37, '2019-01-01 00:00:00', 0, '2019-01-01 00:00:00');
INSERT INTO youthchina.JOB_INFO (JOB_ID, JOB_NAME, JOB_PROF_CODE, JOB_START_TIME, JOB_END_TIME, JOB_TYPE,
                                 JOB_DESCRIPTION, JOB_DUTY, JOB_HIGHLIGHT, JOB_SALARY_FLOOR, JOB_SALARY_CAP, JOB_LINK,
                                 CV_RECEI_MAIL, CV_NAME_RULE, JOB_ACTIVE, USER_ID, COMPANY_ID, ADD_TIME, IS_DELETE,
                                 IS_DELETE_TIME)
VALUES (14, '搜索算法实习生', 'I6510102014', '2019-01-01', '2019-12-31', 1, '负责海量数据的挖掘及特征工程，优化搜索排序算法，提升内容分发效率。',
        '职位要求：1. 工作细心，学习能力强，有良好的团队合作精神；2. 熟悉Python、C 至少一门语言，熟悉SQL与Shell脚本加分；3. 熟悉Hadoop、Hive、Spark、Impala等大数据工具优先；4. 熟悉常见...',
        ' 提供有竞争力的薪酬与实习转正机会', 2000, 3000, '---', 'haoqi@weyouth.co', '学校_专业_实习时间_毕业时间；如：北大_信科_3个月_2020年7月', 1, 1, 37,
        '2019-01-01 00:00:00', 0, '2019-01-01 00:00:00');
INSERT INTO youthchina.JOB_INFO (JOB_ID, JOB_NAME, JOB_PROF_CODE, JOB_START_TIME, JOB_END_TIME, JOB_TYPE,
                                 JOB_DESCRIPTION, JOB_DUTY, JOB_HIGHLIGHT, JOB_SALARY_FLOOR, JOB_SALARY_CAP, JOB_LINK,
                                 CV_RECEI_MAIL, CV_NAME_RULE, JOB_ACTIVE, USER_ID, COMPANY_ID, ADD_TIME, IS_DELETE,
                                 IS_DELETE_TIME)
VALUES (15, '自然语言处理工程师', 'I6510102016', '2019-01-01', '2019-12-31', 3, '自然语言处理工程师', '熟悉自然语言，有2年以上相关经验', '五险一金，班车',
        15000, 20000, '---', 'haoqi@weyouth.co', '---', 1, 1, 37, '2019-01-01 00:00:00', 0, '2019-01-01 00:00:00');
INSERT INTO youthchina.JOB_INFO (JOB_ID, JOB_NAME, JOB_PROF_CODE, JOB_START_TIME, JOB_END_TIME, JOB_TYPE,
                                 JOB_DESCRIPTION, JOB_DUTY, JOB_HIGHLIGHT, JOB_SALARY_FLOOR, JOB_SALARY_CAP, JOB_LINK,
                                 CV_RECEI_MAIL, CV_NAME_RULE, JOB_ACTIVE, USER_ID, COMPANY_ID, ADD_TIME, IS_DELETE,
                                 IS_DELETE_TIME)
VALUES (16, '数据采集工程师', 'I6510102021', '2019-01-01', '2019-12-31', 3, '数据采集工程师', '熟悉数据采集，有2年以上相关经验', '五险一金，班车', 15000,
        20000, '---', 'haoqi@weyouth.co', '---', 1, 1, 37, '2019-01-01 00:00:00', 0, '2019-01-01 00:00:00');
INSERT INTO youthchina.JOB_INFO (JOB_ID, JOB_NAME, JOB_PROF_CODE, JOB_START_TIME, JOB_END_TIME, JOB_TYPE,
                                 JOB_DESCRIPTION, JOB_DUTY, JOB_HIGHLIGHT, JOB_SALARY_FLOOR, JOB_SALARY_CAP, JOB_LINK,
                                 CV_RECEI_MAIL, CV_NAME_RULE, JOB_ACTIVE, USER_ID, COMPANY_ID, ADD_TIME, IS_DELETE,
                                 IS_DELETE_TIME)
VALUES (17, '医药行研实习生', 'I6510102014', '2019-01-01', '2019-12-31', 1,
        '1、为研究员提供行业研究支持，如搜集资料、初步分析等。2、参与医药行业深度研究报告和公司报告撰写，至少完成一篇深度报告。3、其他日常工作支持，如参与制作日报、周报，整理...',
        '招聘条件：1、必须项：1）2020年或以后毕业。2）工作踏实细心，逻辑分析、总结归纳能力强。3）实习期至少3个月以上。2、加分项：1）名校医药生物专业出身。2）金融经...',
        '工作收获：1、系统的行业和公司分析、研究报告撰写能力，毕业找工作和以后的正式工作中大有用处。2、表现特别优秀者将有机会留用，或其他工作机会推荐。', 2000, 3000, '---',
        'haoqi@weyouth.co', '---', 1, 1, 37, '2019-01-01 00:00:00', 0, '2019-01-01 00:00:00');
INSERT INTO youthchina.JOB_INFO (JOB_ID, JOB_NAME, JOB_PROF_CODE, JOB_START_TIME, JOB_END_TIME, JOB_TYPE,
                                 JOB_DESCRIPTION, JOB_DUTY, JOB_HIGHLIGHT, JOB_SALARY_FLOOR, JOB_SALARY_CAP, JOB_LINK,
                                 CV_RECEI_MAIL, CV_NAME_RULE, JOB_ACTIVE, USER_ID, COMPANY_ID, ADD_TIME, IS_DELETE,
                                 IS_DELETE_TIME)
VALUES (18, '财务/销售实习生', 'I6510102015', '2019-01-01', '2019-12-31', 1, '财务/销售实习生',
        '广东地区在校大三、大四学生，专业不限。负责协助上级处理业务文书事宜，跟进订单，并制定合同，发送邮件等工作。性格开朗热情，有良好的沟通能力。工作认真细致，效率高，逻辑...', '包午餐，下午茶水果等福利', 1600,
        1600, '---', 'haoqi@weyouth.co', '---', 1, 1, 37, '2019-01-01 00:00:00', 0, '2019-01-01 00:00:00');
INSERT INTO youthchina.JOB_LOCATION (JOB_LOCATION_ID, JOB_REGION_NUM, JOB_ID, IS_DELETE, IS_DELETE_TIME)
VALUES (1, '440100', 1, 0, '2019-01-01 00:00:00');
INSERT INTO youthchina.JOB_LOCATION (JOB_LOCATION_ID, JOB_REGION_NUM, JOB_ID, IS_DELETE, IS_DELETE_TIME)
VALUES (2, '440100', 2, 0, '2019-01-01 00:00:00');
INSERT INTO youthchina.JOB_LOCATION (JOB_LOCATION_ID, JOB_REGION_NUM, JOB_ID, IS_DELETE, IS_DELETE_TIME)
VALUES (3, '440100', 3, 0, '2019-01-01 00:00:00');
INSERT INTO youthchina.JOB_LOCATION (JOB_LOCATION_ID, JOB_REGION_NUM, JOB_ID, IS_DELETE, IS_DELETE_TIME)
VALUES (4, '440100', 4, 0, '2019-01-01 00:00:00');
INSERT INTO youthchina.JOB_LOCATION (JOB_LOCATION_ID, JOB_REGION_NUM, JOB_ID, IS_DELETE, IS_DELETE_TIME)
VALUES (5, '440100', 5, 0, '2019-01-01 00:00:00');
INSERT INTO youthchina.JOB_LOCATION (JOB_LOCATION_ID, JOB_REGION_NUM, JOB_ID, IS_DELETE, IS_DELETE_TIME)
VALUES (6, '440100', 6, 0, '2019-01-01 00:00:00');
INSERT INTO youthchina.JOB_LOCATION (JOB_LOCATION_ID, JOB_REGION_NUM, JOB_ID, IS_DELETE, IS_DELETE_TIME)
VALUES (7, '440100', 7, 0, '2019-01-01 00:00:00');
INSERT INTO youthchina.JOB_LOCATION (JOB_LOCATION_ID, JOB_REGION_NUM, JOB_ID, IS_DELETE, IS_DELETE_TIME)
VALUES (8, '440100', 8, 0, '2019-01-01 00:00:00');
INSERT INTO youthchina.JOB_LOCATION (JOB_LOCATION_ID, JOB_REGION_NUM, JOB_ID, IS_DELETE, IS_DELETE_TIME)
VALUES (9, '440100', 9, 0, '2019-01-01 00:00:00');
INSERT INTO youthchina.JOB_LOCATION (JOB_LOCATION_ID, JOB_REGION_NUM, JOB_ID, IS_DELETE, IS_DELETE_TIME)
VALUES (10, '440100', 10, 0, '2019-01-01 00:00:00');
INSERT INTO youthchina.JOB_LOCATION (JOB_LOCATION_ID, JOB_REGION_NUM, JOB_ID, IS_DELETE, IS_DELETE_TIME)
VALUES (11, '440100', 11, 0, '2019-01-01 00:00:00');
INSERT INTO youthchina.JOB_LOCATION (JOB_LOCATION_ID, JOB_REGION_NUM, JOB_ID, IS_DELETE, IS_DELETE_TIME)
VALUES (12, '440100', 12, 0, '2019-01-01 00:00:00');
INSERT INTO youthchina.JOB_LOCATION (JOB_LOCATION_ID, JOB_REGION_NUM, JOB_ID, IS_DELETE, IS_DELETE_TIME)
VALUES (13, '440100', 13, 0, '2019-01-01 00:00:00');
INSERT INTO youthchina.JOB_LOCATION (JOB_LOCATION_ID, JOB_REGION_NUM, JOB_ID, IS_DELETE, IS_DELETE_TIME)
VALUES (14, '440100', 14, 0, '2019-01-01 00:00:00');
INSERT INTO youthchina.JOB_LOCATION (JOB_LOCATION_ID, JOB_REGION_NUM, JOB_ID, IS_DELETE, IS_DELETE_TIME)
VALUES (15, '440100', 15, 0, '2019-01-01 00:00:00');
INSERT INTO youthchina.JOB_LOCATION (JOB_LOCATION_ID, JOB_REGION_NUM, JOB_ID, IS_DELETE, IS_DELETE_TIME)
VALUES (16, '440100', 16, 0, '2019-01-01 00:00:00');
INSERT INTO youthchina.JOB_LOCATION (JOB_LOCATION_ID, JOB_REGION_NUM, JOB_ID, IS_DELETE, IS_DELETE_TIME)
VALUES (17, '440100', 17, 0, '2019-01-01 00:00:00');
INSERT INTO youthchina.JOB_LOCATION (JOB_LOCATION_ID, JOB_REGION_NUM, JOB_ID, IS_DELETE, IS_DELETE_TIME)
VALUES (18, '440100', 18, 0, '2019-01-01 00:00:00');
INSERT INTO youthchina.STU_ACTIVITY (ACT_ID, ACT_NAME, ACT_ORGANIZATION, ORG_COUNTRY, ACT_ROLE, ACT_START_TIME,
                                     ACT_END_TIME, ACT_DETAIL, STU_ID, IS_DELETE, IS_DELETE_TIME)
VALUES (1, '校庆', '北京大学', 'CHN', '校庆志愿者', '2016-01-01', '2016-02-28', '校庆志愿者服务', 10, 0, '2019-01-01 00:00:00');
INSERT INTO youthchina.STU_ACTIVITY (ACT_ID, ACT_NAME, ACT_ORGANIZATION, ORG_COUNTRY, ACT_ROLE, ACT_START_TIME,
                                     ACT_END_TIME, ACT_DETAIL, STU_ID, IS_DELETE, IS_DELETE_TIME)
VALUES (2, '奥运会', '北京奥组委', 'CHN', '志愿者', '2016-01-01', '2016-02-28', '志愿者服务', 1, 0, '2019-01-01 00:00:00');
INSERT INTO youthchina.STU_ACTIVITY (ACT_ID, ACT_NAME, ACT_ORGANIZATION, ORG_COUNTRY, ACT_ROLE, ACT_START_TIME,
                                     ACT_END_TIME, ACT_DETAIL, STU_ID, IS_DELETE, IS_DELETE_TIME)
VALUES (3, '校庆', '北京大学', 'CHN', '校庆志愿者', '2016-01-01', '2016-02-28', '校志愿者服务', 2, 0, '2019-01-01 00:00:00');
INSERT INTO youthchina.STU_ACTIVITY (ACT_ID, ACT_NAME, ACT_ORGANIZATION, ORG_COUNTRY, ACT_ROLE, ACT_START_TIME,
                                     ACT_END_TIME, ACT_DETAIL, STU_ID, IS_DELETE, IS_DELETE_TIME)
VALUES (4, '奥运会', '北京奥组委', 'CHN', '志愿者', '2016-01-01', '2016-02-28', '志愿者服务', 2, 0, '2019-01-01 00:00:00');
INSERT INTO youthchina.STU_ACTIVITY (ACT_ID, ACT_NAME, ACT_ORGANIZATION, ORG_COUNTRY, ACT_ROLE, ACT_START_TIME,
                                     ACT_END_TIME, ACT_DETAIL, STU_ID, IS_DELETE, IS_DELETE_TIME)
VALUES (5, '校庆', '北京大学', 'CHN', '校庆志愿者', '2016-01-01', '2016-02-28', '校志愿者服务', 3, 0, '2019-01-01 00:00:00');
INSERT INTO youthchina.STU_ACTIVITY (ACT_ID, ACT_NAME, ACT_ORGANIZATION, ORG_COUNTRY, ACT_ROLE, ACT_START_TIME,
                                     ACT_END_TIME, ACT_DETAIL, STU_ID, IS_DELETE, IS_DELETE_TIME)
VALUES (6, '奥运会', '北京奥组委', 'CHN', '志愿者', '2016-01-01', '2016-02-28', '志愿者服务', 3, 0, '2019-01-01 00:00:00');
INSERT INTO youthchina.STU_ADVAN_LABEL (LABEL_ID, LABEL_CODE, STU_ID, IS_DELETE, IS_DELETE_TIME)
VALUES (1, 'I6510', 10, 0, '2019-01-01 00:00:00');
INSERT INTO youthchina.STU_ADVAN_LABEL (LABEL_ID, LABEL_CODE, STU_ID, IS_DELETE, IS_DELETE_TIME)
VALUES (2, 'I6510101003', 10, 0, '2019-01-01 00:00:00');
INSERT INTO youthchina.STU_ADVAN_LABEL (LABEL_ID, LABEL_CODE, STU_ID, IS_DELETE, IS_DELETE_TIME)
VALUES (3, 'I6510', 11, 0, '2019-01-01 00:00:00');
INSERT INTO youthchina.STU_ADVAN_LABEL (LABEL_ID, LABEL_CODE, STU_ID, IS_DELETE, IS_DELETE_TIME)
VALUES (4, 'I6510101002', 11, 0, '2019-01-01 00:00:00');
INSERT INTO youthchina.STU_ADVAN_LABEL (LABEL_ID, LABEL_CODE, STU_ID, IS_DELETE, IS_DELETE_TIME)
VALUES (5, 'I6510', 12, 0, '2019-01-01 00:00:00');
INSERT INTO youthchina.STU_ADVAN_LABEL (LABEL_ID, LABEL_CODE, STU_ID, IS_DELETE, IS_DELETE_TIME)
VALUES (6, 'I6510101001', 12, 0, '2019-01-01 00:00:00');
INSERT INTO youthchina.STU_CERTIFICATE (CERTIFICATE_ID, CERTIFICATE_NAME, CERTIFICATE_INSTI, INSTI_COUNTRY,
                                        CERTIFICATE_GRANT_DATE, CERTIFICATE_EXPIR_DATE, DOCU_LOCAL_ID, STU_ID,
                                        IS_DELETE, IS_DELETE_TIME)
VALUES (1, '亚马逊AWS证书', 'Amazon', 'USA', '2018-09-01', '2020-08-31', '1', 10, 0, '2019-01-01 00:00:00');
INSERT INTO youthchina.STU_CERTIFICATE (CERTIFICATE_ID, CERTIFICATE_NAME, CERTIFICATE_INSTI, INSTI_COUNTRY,
                                        CERTIFICATE_GRANT_DATE, CERTIFICATE_EXPIR_DATE, DOCU_LOCAL_ID, STU_ID,
                                        IS_DELETE, IS_DELETE_TIME)
VALUES (2, '亚马逊AWS证书', 'Amazon', 'USA', '2018-09-01', '2020-08-31', '2', 11, 0, '2019-01-01 00:00:00');
INSERT INTO youthchina.STU_CERTIFICATE (CERTIFICATE_ID, CERTIFICATE_NAME, CERTIFICATE_INSTI, INSTI_COUNTRY,
                                        CERTIFICATE_GRANT_DATE, CERTIFICATE_EXPIR_DATE, DOCU_LOCAL_ID, STU_ID,
                                        IS_DELETE, IS_DELETE_TIME)
VALUES (3, '亚马逊AWS证书', 'Amazon', 'USA', '2018-09-01', '2020-08-31', '3', 12, 0, '2019-01-01 00:00:00');
INSERT INTO youthchina.STU_COMP_COLLECT (COLLECT_ID, COMPANY_ID, COMPANY_COLL_TIME, STU_ID, IS_DELETE, IS_DELETE_TIME)
VALUES (1, 1, '2019-01-01 00:00:00', 10, 0, '2019-01-01 00:00:00');
INSERT INTO youthchina.STU_COMP_COLLECT (COLLECT_ID, COMPANY_ID, COMPANY_COLL_TIME, STU_ID, IS_DELETE, IS_DELETE_TIME)
VALUES (2, 2, '2019-01-01 00:00:00', 10, 0, '2019-01-01 00:00:00');
INSERT INTO youthchina.STU_EDU_INFO (EDU_ID, EDU_DEGREE, EDU_SCHOOL_ID, EDU_MAJOR, EDU_COLLEGE, EDU_GPA,
                                     EDU_DIPLOMA_TYPE, EDU_START, EDU_END, STU_ID, IS_DELETE, IS_DELETE_TIME)
VALUES (1, 3, 10001, '10101', '---', 3.1, 1010, '2014-09-01', '2018-07-01', 10, 0, '2019-01-01 00:00:00');
INSERT INTO youthchina.STU_EDU_INFO (EDU_ID, EDU_DEGREE, EDU_SCHOOL_ID, EDU_MAJOR, EDU_COLLEGE, EDU_GPA,
                                     EDU_DIPLOMA_TYPE, EDU_START, EDU_END, STU_ID, IS_DELETE, IS_DELETE_TIME)
VALUES (2, 4, 20232, '10101', '---', 3.1, 1010, '2018-09-01', '2020-07-01', 10, 0, '2019-01-01 00:00:00');
INSERT INTO youthchina.STU_EDU_INFO (EDU_ID, EDU_DEGREE, EDU_SCHOOL_ID, EDU_MAJOR, EDU_COLLEGE, EDU_GPA,
                                     EDU_DIPLOMA_TYPE, EDU_START, EDU_END, STU_ID, IS_DELETE, IS_DELETE_TIME)
VALUES (3, 3, 10001, '10101', '---', 3.1, 1010, '2014-09-01', '2018-07-01', 11, 0, '2019-01-01 00:00:00');
INSERT INTO youthchina.STU_EDU_INFO (EDU_ID, EDU_DEGREE, EDU_SCHOOL_ID, EDU_MAJOR, EDU_COLLEGE, EDU_GPA,
                                     EDU_DIPLOMA_TYPE, EDU_START, EDU_END, STU_ID, IS_DELETE, IS_DELETE_TIME)
VALUES (4, 4, 20232, '10101', '---', 3.1, 1010, '2018-09-01', '2020-07-01', 11, 0, '2019-01-01 00:00:00');
INSERT INTO youthchina.STU_EDU_INFO (EDU_ID, EDU_DEGREE, EDU_SCHOOL_ID, EDU_MAJOR, EDU_COLLEGE, EDU_GPA,
                                     EDU_DIPLOMA_TYPE, EDU_START, EDU_END, STU_ID, IS_DELETE, IS_DELETE_TIME)
VALUES (5, 3, 10001, '10101', '---', 3.1, 1010, '2014-09-01', '2018-07-01', 12, 0, '2019-01-01 00:00:00');
INSERT INTO youthchina.STU_EDU_INFO (EDU_ID, EDU_DEGREE, EDU_SCHOOL_ID, EDU_MAJOR, EDU_COLLEGE, EDU_GPA,
                                     EDU_DIPLOMA_TYPE, EDU_START, EDU_END, STU_ID, IS_DELETE, IS_DELETE_TIME)
VALUES (6, 4, 20232, '10101', '---', 3.1, 1010, '2018-09-01', '2020-07-01', 12, 0, '2019-01-01 00:00:00');
INSERT INTO youthchina.STU_JOB_APPLY (APPLY_ID, STU_ID, JOB_ID, JOB_CV_SEND, JOB_APPLY_TIME, JOB_APPLY_STATUS)
VALUES (1, 10, 1, 1, '2019-01-01 00:00:00', '简历发送成功');
INSERT INTO youthchina.STU_JOB_APPLY (APPLY_ID, STU_ID, JOB_ID, JOB_CV_SEND, JOB_APPLY_TIME, JOB_APPLY_STATUS)
VALUES (2, 10, 2, 1, '2019-01-01 00:00:00', '简历发送成功');
INSERT INTO youthchina.STU_JOB_APPLY (APPLY_ID, STU_ID, JOB_ID, JOB_CV_SEND, JOB_APPLY_TIME, JOB_APPLY_STATUS)
VALUES (3, 10, 3, 1, '2019-01-01 00:00:00', '简历发送成功');
INSERT INTO youthchina.STU_JOB_APPLY (APPLY_ID, STU_ID, JOB_ID, JOB_CV_SEND, JOB_APPLY_TIME, JOB_APPLY_STATUS)
VALUES (4, 10, 4, 1, '2019-01-01 00:00:00', '简历发送成功');
INSERT INTO youthchina.STU_JOB_COLLECT (COLLECT_ID, JOB_ID, JOB_COLL_TIME, STU_ID, IS_DELETE, IS_DELETE_TIME)
VALUES (1, 1, '2019-01-01 00:00:00', 10, 0, '2019-01-01 00:00:00');
INSERT INTO youthchina.STU_JOB_COLLECT (COLLECT_ID, JOB_ID, JOB_COLL_TIME, STU_ID, IS_DELETE, IS_DELETE_TIME)
VALUES (2, 2, '2019-01-01 00:00:00', 10, 0, '2019-01-01 00:00:00');
INSERT INTO youthchina.STU_PREFER_CITY (PRE_CITY_ID, PRE_REGION_NUM, STU_ID, IS_DELETE, IS_DELETE_TIME)
VALUES (1, 922202, 10, 0, '2019-01-01 00:00:00');
INSERT INTO youthchina.STU_PREFER_CITY (PRE_CITY_ID, PRE_REGION_NUM, STU_ID, IS_DELETE, IS_DELETE_TIME)
VALUES (2, 922202, 11, 0, '2019-01-01 00:00:00');
INSERT INTO youthchina.STU_PREFER_CITY (PRE_CITY_ID, PRE_REGION_NUM, STU_ID, IS_DELETE, IS_DELETE_TIME)
VALUES (3, 922202, 12, 0, '2019-01-01 00:00:00');
INSERT INTO youthchina.STU_PREFER_CITY (PRE_CITY_ID, PRE_REGION_NUM, STU_ID, IS_DELETE, IS_DELETE_TIME)
VALUES (4, 110000, 10, 0, '2019-01-01 00:00:00');
INSERT INTO youthchina.STU_PREFER_CITY (PRE_CITY_ID, PRE_REGION_NUM, STU_ID, IS_DELETE, IS_DELETE_TIME)
VALUES (5, 110000, 11, 0, '2019-01-01 00:00:00');
INSERT INTO youthchina.STU_PREFER_CITY (PRE_CITY_ID, PRE_REGION_NUM, STU_ID, IS_DELETE, IS_DELETE_TIME)
VALUES (6, 110000, 12, 0, '2019-01-01 00:00:00');
INSERT INTO youthchina.STU_PREFER_INDUSTRY (PRE_IND_ID, PRE_IND_CODE, STU_ID, IS_DELETE, IS_DELETE_TIME)
VALUES (1, 'R85', 10, 0, '2019-01-01 00:00:00');
INSERT INTO youthchina.STU_PREFER_INDUSTRY (PRE_IND_ID, PRE_IND_CODE, STU_ID, IS_DELETE, IS_DELETE_TIME)
VALUES (2, 'R88', 11, 0, '2019-01-01 00:00:00');
INSERT INTO youthchina.STU_PREFER_INDUSTRY (PRE_IND_ID, PRE_IND_CODE, STU_ID, IS_DELETE, IS_DELETE_TIME)
VALUES (3, 'P82', 12, 0, '2019-01-01 00:00:00');
INSERT INTO youthchina.STU_PREFER_INDUSTRY (PRE_IND_ID, PRE_IND_CODE, STU_ID, IS_DELETE, IS_DELETE_TIME)
VALUES (4, 'Q83', 10, 0, '2019-01-01 00:00:00');
INSERT INTO youthchina.STU_PREFER_INDUSTRY (PRE_IND_ID, PRE_IND_CODE, STU_ID, IS_DELETE, IS_DELETE_TIME)
VALUES (5, 'N74', 11, 0, '2019-01-01 00:00:00');
INSERT INTO youthchina.STU_PREFER_INDUSTRY (PRE_IND_ID, PRE_IND_CODE, STU_ID, IS_DELETE, IS_DELETE_TIME)
VALUES (6, 'N76', 12, 0, '2019-01-01 00:00:00');
INSERT INTO youthchina.STU_PREFER_JOB_TYPE (PRE_TYPE_ID, JOB_TYPE, PRE_PROF_ID, STU_ID, IS_DELETE, IS_DELETE_TIME)
VALUES (1, 1, 1, 10, 0, '2019-01-01 00:00:00');
INSERT INTO youthchina.STU_PREFER_JOB_TYPE (PRE_TYPE_ID, JOB_TYPE, PRE_PROF_ID, STU_ID, IS_DELETE, IS_DELETE_TIME)
VALUES (2, 2, 2, 10, 0, '2019-01-01 00:00:00');
INSERT INTO youthchina.STU_PREFER_JOB_TYPE (PRE_TYPE_ID, JOB_TYPE, PRE_PROF_ID, STU_ID, IS_DELETE, IS_DELETE_TIME)
VALUES (3, 3, 3, 10, 0, '2019-01-01 00:00:00');
INSERT INTO youthchina.STU_PREFER_JOB_TYPE (PRE_TYPE_ID, JOB_TYPE, PRE_PROF_ID, STU_ID, IS_DELETE, IS_DELETE_TIME)
VALUES (4, 1, 4, 11, 0, '2019-01-01 00:00:00');
INSERT INTO youthchina.STU_PREFER_JOB_TYPE (PRE_TYPE_ID, JOB_TYPE, PRE_PROF_ID, STU_ID, IS_DELETE, IS_DELETE_TIME)
VALUES (5, 2, 5, 11, 0, '2019-01-01 00:00:00');
INSERT INTO youthchina.STU_PREFER_JOB_TYPE (PRE_TYPE_ID, JOB_TYPE, PRE_PROF_ID, STU_ID, IS_DELETE, IS_DELETE_TIME)
VALUES (6, 3, 6, 11, 0, '2019-01-01 00:00:00');
INSERT INTO youthchina.STU_PREFER_JOB_TYPE (PRE_TYPE_ID, JOB_TYPE, PRE_PROF_ID, STU_ID, IS_DELETE, IS_DELETE_TIME)
VALUES (7, 1, 7, 12, 0, '2019-01-01 00:00:00');
INSERT INTO youthchina.STU_PREFER_JOB_TYPE (PRE_TYPE_ID, JOB_TYPE, PRE_PROF_ID, STU_ID, IS_DELETE, IS_DELETE_TIME)
VALUES (8, 2, 8, 12, 0, '2019-01-01 00:00:00');
INSERT INTO youthchina.STU_PREFER_PROF (PRE_PROF_ID, PRE_PROF_CODE, PRE_AVAIL_TIME, STU_ID, IS_DELETE, IS_DELETE_TIME)
VALUES (1, 'I6510201001', '2019-07-01', 10, 0, '2019-01-01 00:00:00');
INSERT INTO youthchina.STU_PREFER_PROF (PRE_PROF_ID, PRE_PROF_CODE, PRE_AVAIL_TIME, STU_ID, IS_DELETE, IS_DELETE_TIME)
VALUES (2, 'I6510201002', '2019-07-01', 10, 0, '2019-01-01 00:00:00');
INSERT INTO youthchina.STU_PREFER_PROF (PRE_PROF_ID, PRE_PROF_CODE, PRE_AVAIL_TIME, STU_ID, IS_DELETE, IS_DELETE_TIME)
VALUES (3, 'I6510201003', '2019-07-01', 10, 0, '2019-01-01 00:00:00');
INSERT INTO youthchina.STU_PREFER_PROF (PRE_PROF_ID, PRE_PROF_CODE, PRE_AVAIL_TIME, STU_ID, IS_DELETE, IS_DELETE_TIME)
VALUES (4, 'I6510101001', '2019-07-01', 11, 0, '2019-01-01 00:00:00');
INSERT INTO youthchina.STU_PREFER_PROF (PRE_PROF_ID, PRE_PROF_CODE, PRE_AVAIL_TIME, STU_ID, IS_DELETE, IS_DELETE_TIME)
VALUES (5, 'I6510101002', '2019-07-01', 11, 0, '2019-01-01 00:00:00');
INSERT INTO youthchina.STU_PREFER_PROF (PRE_PROF_ID, PRE_PROF_CODE, PRE_AVAIL_TIME, STU_ID, IS_DELETE, IS_DELETE_TIME)
VALUES (6, 'I6510101003', '2019-07-01', 11, 0, '2019-01-01 00:00:00');
INSERT INTO youthchina.STU_PREFER_PROF (PRE_PROF_ID, PRE_PROF_CODE, PRE_AVAIL_TIME, STU_ID, IS_DELETE, IS_DELETE_TIME)
VALUES (7, 'I6510102001', '2019-07-01', 12, 0, '2019-01-01 00:00:00');
INSERT INTO youthchina.STU_PREFER_PROF (PRE_PROF_ID, PRE_PROF_CODE, PRE_AVAIL_TIME, STU_ID, IS_DELETE, IS_DELETE_TIME)
VALUES (8, 'I6510102002', '2019-07-01', 12, 0, '2019-01-01 00:00:00');
INSERT INTO youthchina.STU_PROJECT (PROJ_ID, PROJ_INSTITUTE, INSTI_COUNTRY, PROJ_NAME, PROJ_ROLE, PROJ_START_TIME,
                                    PROJ_END_TIME, PROJ_DELIVER, DELIVER_PUBLISH, DELIVER_PUB_INSTI, STU_ID, IS_DELETE,
                                    IS_DELETE_TIME)
VALUES (1, 'PMI', 'USA', 'AAAAA', '助理研究员', '2015-09-01', '2015-12-31', '无', 0, 'APA', 10, 0, '2019-01-01 00:00:00');
INSERT INTO youthchina.STU_PROJECT (PROJ_ID, PROJ_INSTITUTE, INSTI_COUNTRY, PROJ_NAME, PROJ_ROLE, PROJ_START_TIME,
                                    PROJ_END_TIME, PROJ_DELIVER, DELIVER_PUBLISH, DELIVER_PUB_INSTI, STU_ID, IS_DELETE,
                                    IS_DELETE_TIME)
VALUES (2, 'PMI', 'USA', 'BBBBB', '助理研究员', '2017-09-01', '2017-12-31', '论文', 1, 'APA', 10, 0, '2019-01-01 00:00:00');
INSERT INTO youthchina.STU_PROJECT (PROJ_ID, PROJ_INSTITUTE, INSTI_COUNTRY, PROJ_NAME, PROJ_ROLE, PROJ_START_TIME,
                                    PROJ_END_TIME, PROJ_DELIVER, DELIVER_PUBLISH, DELIVER_PUB_INSTI, STU_ID, IS_DELETE,
                                    IS_DELETE_TIME)
VALUES (3, 'PMI', 'USA', 'AAAAA', '助理研究员', '2015-09-01', '2015-12-31', '无', 0, 'APA', 11, 0, '2019-01-01 00:00:00');
INSERT INTO youthchina.STU_PROJECT (PROJ_ID, PROJ_INSTITUTE, INSTI_COUNTRY, PROJ_NAME, PROJ_ROLE, PROJ_START_TIME,
                                    PROJ_END_TIME, PROJ_DELIVER, DELIVER_PUBLISH, DELIVER_PUB_INSTI, STU_ID, IS_DELETE,
                                    IS_DELETE_TIME)
VALUES (4, 'PMI', 'USA', 'BBBBB', '助理研究员', '2017-09-01', '2017-12-31', '论文', 1, 'APA', 11, 0, '2019-01-01 00:00:00');
INSERT INTO youthchina.STU_PROJECT (PROJ_ID, PROJ_INSTITUTE, INSTI_COUNTRY, PROJ_NAME, PROJ_ROLE, PROJ_START_TIME,
                                    PROJ_END_TIME, PROJ_DELIVER, DELIVER_PUBLISH, DELIVER_PUB_INSTI, STU_ID, IS_DELETE,
                                    IS_DELETE_TIME)
VALUES (5, 'PMI', 'USA', 'AAAAA', '助理研究员', '2015-09-01', '2015-12-31', '无', 0, 'APA', 12, 0, '2019-01-01 00:00:00');
INSERT INTO youthchina.STU_PROJECT (PROJ_ID, PROJ_INSTITUTE, INSTI_COUNTRY, PROJ_NAME, PROJ_ROLE, PROJ_START_TIME,
                                    PROJ_END_TIME, PROJ_DELIVER, DELIVER_PUBLISH, DELIVER_PUB_INSTI, STU_ID, IS_DELETE,
                                    IS_DELETE_TIME)
VALUES (6, 'PMI', 'USA', 'BBBBB', '助理研究员', '2017-09-01', '2017-12-31', '论文', 1, 'APA', 12, 0, '2019-01-01 00:00:00');
INSERT INTO youthchina.STU_SUB_INFO (SUB_ID, SUB_COURSE, SUB_HONOR, SUB_AWARD, SUB_SKILL, SUB_FOREIGN, SUB_INTEREST,
                                     SUB_INTRODUCTION, STU_ID, IS_DELETE, IS_DELETE_TIME)
VALUES (1, '西方哲学史，东方哲学史', '证书', '一等奖学金', '熟练使用office', '英语，法语', '音乐，运动', 'I am a good man', 10, 0,
        '2019-01-01 00:00:00');
INSERT INTO youthchina.STU_SUB_INFO (SUB_ID, SUB_COURSE, SUB_HONOR, SUB_AWARD, SUB_SKILL, SUB_FOREIGN, SUB_INTEREST,
                                     SUB_INTRODUCTION, STU_ID, IS_DELETE, IS_DELETE_TIME)
VALUES (2, '西方哲学史，东方哲学史', '证书', '一等奖学金', '熟练使用office', '英语，法语', '音乐，运动', 'I am a good man', 11, 0,
        '2019-01-01 00:00:00');
INSERT INTO youthchina.STU_SUB_INFO (SUB_ID, SUB_COURSE, SUB_HONOR, SUB_AWARD, SUB_SKILL, SUB_FOREIGN, SUB_INTEREST,
                                     SUB_INTRODUCTION, STU_ID, IS_DELETE, IS_DELETE_TIME)
VALUES (3, '西方哲学史，东方哲学史', '证书', '一等奖学金', '熟练使用office', '英语，法语', '音乐，运动', 'I am a good man', 12, 0,
        '2019-01-01 00:00:00');
INSERT INTO youthchina.STU_WORK (WORK_ID, WORK_COMPANY, WORK_LOCATION, WORK_POSITION, WORK_SECTOR, WORK_START_TIME,
                                 WORK_END_TIME, WORK_DUTY, WORK_NATURE, STU_ID, IS_DELETE, IS_DELETE_TIME)
VALUES (1, '腾讯科技', 110000, '前端开发', 'DD', '2016-03-01', '2016-06-30', '负责网页前端开发', 3, 10, 0, '2019-01-01 00:00:00');
INSERT INTO youthchina.STU_WORK (WORK_ID, WORK_COMPANY, WORK_LOCATION, WORK_POSITION, WORK_SECTOR, WORK_START_TIME,
                                 WORK_END_TIME, WORK_DUTY, WORK_NATURE, STU_ID, IS_DELETE, IS_DELETE_TIME)
VALUES (2, '百度科技', 110000, 'web开发', 'DD', '2017-03-01', '2016-06-30', '负责网页前端开发', 3, 10, 0, '2019-01-01 00:00:00');
INSERT INTO youthchina.STU_WORK (WORK_ID, WORK_COMPANY, WORK_LOCATION, WORK_POSITION, WORK_SECTOR, WORK_START_TIME,
                                 WORK_END_TIME, WORK_DUTY, WORK_NATURE, STU_ID, IS_DELETE, IS_DELETE_TIME)
VALUES (3, '腾讯科技', 110000, '前端开发', 'DD', '2016-03-01', '2016-06-30', '负责网页前端开发', 3, 11, 0, '2019-01-01 00:00:00');
INSERT INTO youthchina.STU_WORK (WORK_ID, WORK_COMPANY, WORK_LOCATION, WORK_POSITION, WORK_SECTOR, WORK_START_TIME,
                                 WORK_END_TIME, WORK_DUTY, WORK_NATURE, STU_ID, IS_DELETE, IS_DELETE_TIME)
VALUES (4, '百度科技', 110000, 'web开发', 'DD', '2017-03-01', '2016-06-30', '负责网页前端开发', 3, 11, 0, '2019-01-01 00:00:00');
INSERT INTO youthchina.STU_WORK (WORK_ID, WORK_COMPANY, WORK_LOCATION, WORK_POSITION, WORK_SECTOR, WORK_START_TIME,
                                 WORK_END_TIME, WORK_DUTY, WORK_NATURE, STU_ID, IS_DELETE, IS_DELETE_TIME)
VALUES (5, '腾讯科技', 110000, '前端开发', 'DD', '2016-03-01', '2016-06-30', '负责网页前端开发', 3, 12, 0, '2019-01-01 00:00:00');
INSERT INTO youthchina.STU_WORK (WORK_ID, WORK_COMPANY, WORK_LOCATION, WORK_POSITION, WORK_SECTOR, WORK_START_TIME,
                                 WORK_END_TIME, WORK_DUTY, WORK_NATURE, STU_ID, IS_DELETE, IS_DELETE_TIME)
VALUES (6, '百度科技', 110000, 'web开发', 'DD', '2017-03-01', '2016-06-30', '负责网页前端开发', 3, 12, 0, '2019-01-01 00:00:00');
INSERT INTO youthchina.SYS_ADVAN_LABEL_CLASS (LABEL_ID, LABEL_LEVEL, LABEL_CODE, LABEL_PARENT_CODE, LABEL_CHN,
                                              LABEL_ENG, START_TIME, IS_DELETE, IS_DELETE_TIME)
VALUES (1, 1, 'I6510', '111', '网站开发', 'web development', '2018-10-11 00:00:00', '0', null);
INSERT INTO youthchina.SYS_CHN_REGION (REGION_ID, REGION_NUM, REGION_CHN, REGION_FULLCHN, REGION_ENG, REGION_LEVEL,
                                       REGION_PARENT_NUM, START_TIME, IS_DELETE, IS_DELETE_TIME)
VALUES (110000, '110000', '北京市', '北京市', '---', 1, 0, '2019-01-01 00:00:00', 0, '2019-01-01 00:00:00');
INSERT INTO youthchina.SYS_CHN_REGION (REGION_ID, REGION_NUM, REGION_CHN, REGION_FULLCHN, REGION_ENG, REGION_LEVEL,
                                       REGION_PARENT_NUM, START_TIME, IS_DELETE, IS_DELETE_TIME)
VALUES (120000, '120000', '天津市', '天津市', '---', 1, 0, '2019-01-01 00:00:00', 0, '2019-01-01 00:00:00');
INSERT INTO youthchina.SYS_CHN_REGION (REGION_ID, REGION_NUM, REGION_CHN, REGION_FULLCHN, REGION_ENG, REGION_LEVEL,
                                       REGION_PARENT_NUM, START_TIME, IS_DELETE, IS_DELETE_TIME)
VALUES (130000, '130000', '河北省', '河北省', '---', 1, 0, '2019-01-01 00:00:00', 0, '2019-01-01 00:00:00');
INSERT INTO youthchina.SYS_CHN_REGION (REGION_ID, REGION_NUM, REGION_CHN, REGION_FULLCHN, REGION_ENG, REGION_LEVEL,
                                       REGION_PARENT_NUM, START_TIME, IS_DELETE, IS_DELETE_TIME)
VALUES (140000, '140000', '山西省', '山西省', '---', 1, 0, '2019-01-01 00:00:00', 0, '2019-01-01 00:00:00');
INSERT INTO youthchina.SYS_CHN_REGION (REGION_ID, REGION_NUM, REGION_CHN, REGION_FULLCHN, REGION_ENG, REGION_LEVEL,
                                       REGION_PARENT_NUM, START_TIME, IS_DELETE, IS_DELETE_TIME)
VALUES (150000, '150000', '内蒙古自治区', '内蒙古自治区', '---', 1, 0, '2019-01-01 00:00:00', 0, '2019-01-01 00:00:00');
INSERT INTO youthchina.SYS_CHN_REGION (REGION_ID, REGION_NUM, REGION_CHN, REGION_FULLCHN, REGION_ENG, REGION_LEVEL,
                                       REGION_PARENT_NUM, START_TIME, IS_DELETE, IS_DELETE_TIME)
VALUES (210000, '210000', '辽宁省', '辽宁省', '---', 1, 0, '2019-01-01 00:00:00', 0, '2019-01-01 00:00:00');
INSERT INTO youthchina.SYS_CHN_REGION (REGION_ID, REGION_NUM, REGION_CHN, REGION_FULLCHN, REGION_ENG, REGION_LEVEL,
                                       REGION_PARENT_NUM, START_TIME, IS_DELETE, IS_DELETE_TIME)
VALUES (220000, '220000', '吉林省', '吉林省', '---', 1, 0, '2019-01-01 00:00:00', 0, '2019-01-01 00:00:00');
INSERT INTO youthchina.SYS_CHN_REGION (REGION_ID, REGION_NUM, REGION_CHN, REGION_FULLCHN, REGION_ENG, REGION_LEVEL,
                                       REGION_PARENT_NUM, START_TIME, IS_DELETE, IS_DELETE_TIME)
VALUES (230000, '230000', '黑龙江省', '黑龙江省', '---', 1, 0, '2019-01-01 00:00:00', 0, '2019-01-01 00:00:00');
INSERT INTO youthchina.SYS_CHN_REGION (REGION_ID, REGION_NUM, REGION_CHN, REGION_FULLCHN, REGION_ENG, REGION_LEVEL,
                                       REGION_PARENT_NUM, START_TIME, IS_DELETE, IS_DELETE_TIME)
VALUES (310000, '310000', '上海市', '上海市', '---', 1, 0, '2019-01-01 00:00:00', 0, '2019-01-01 00:00:00');
INSERT INTO youthchina.SYS_CHN_REGION (REGION_ID, REGION_NUM, REGION_CHN, REGION_FULLCHN, REGION_ENG, REGION_LEVEL,
                                       REGION_PARENT_NUM, START_TIME, IS_DELETE, IS_DELETE_TIME)
VALUES (320000, '320000', '江苏省', '江苏省', '---', 1, 0, '2019-01-01 00:00:00', 0, '2019-01-01 00:00:00');
INSERT INTO youthchina.SYS_CHN_REGION (REGION_ID, REGION_NUM, REGION_CHN, REGION_FULLCHN, REGION_ENG, REGION_LEVEL,
                                       REGION_PARENT_NUM, START_TIME, IS_DELETE, IS_DELETE_TIME)
VALUES (330000, '330000', '浙江省', '浙江省', '---', 1, 0, '2019-01-01 00:00:00', 0, '2019-01-01 00:00:00');
INSERT INTO youthchina.SYS_CHN_REGION (REGION_ID, REGION_NUM, REGION_CHN, REGION_FULLCHN, REGION_ENG, REGION_LEVEL,
                                       REGION_PARENT_NUM, START_TIME, IS_DELETE, IS_DELETE_TIME)
VALUES (340000, '340000', '安徽省', '安徽省', '---', 1, 0, '2019-01-01 00:00:00', 0, '2019-01-01 00:00:00');
INSERT INTO youthchina.SYS_CHN_REGION (REGION_ID, REGION_NUM, REGION_CHN, REGION_FULLCHN, REGION_ENG, REGION_LEVEL,
                                       REGION_PARENT_NUM, START_TIME, IS_DELETE, IS_DELETE_TIME)
VALUES (350000, '350000', '福建省', '福建省', '---', 1, 0, '2019-01-01 00:00:00', 0, '2019-01-01 00:00:00');
INSERT INTO youthchina.SYS_CHN_REGION (REGION_ID, REGION_NUM, REGION_CHN, REGION_FULLCHN, REGION_ENG, REGION_LEVEL,
                                       REGION_PARENT_NUM, START_TIME, IS_DELETE, IS_DELETE_TIME)
VALUES (360000, '360000', '江西省', '江西省', '---', 1, 0, '2019-01-01 00:00:00', 0, '2019-01-01 00:00:00');
INSERT INTO youthchina.SYS_CHN_REGION (REGION_ID, REGION_NUM, REGION_CHN, REGION_FULLCHN, REGION_ENG, REGION_LEVEL,
                                       REGION_PARENT_NUM, START_TIME, IS_DELETE, IS_DELETE_TIME)
VALUES (370000, '370000', '山东省', '山东省', '---', 1, 0, '2019-01-01 00:00:00', 0, '2019-01-01 00:00:00');
INSERT INTO youthchina.SYS_CHN_REGION (REGION_ID, REGION_NUM, REGION_CHN, REGION_FULLCHN, REGION_ENG, REGION_LEVEL,
                                       REGION_PARENT_NUM, START_TIME, IS_DELETE, IS_DELETE_TIME)
VALUES (410000, '410000', '河南省', '河南省', '---', 1, 0, '2019-01-01 00:00:00', 0, '2019-01-01 00:00:00');
INSERT INTO youthchina.SYS_CHN_REGION (REGION_ID, REGION_NUM, REGION_CHN, REGION_FULLCHN, REGION_ENG, REGION_LEVEL,
                                       REGION_PARENT_NUM, START_TIME, IS_DELETE, IS_DELETE_TIME)
VALUES (420000, '420000', '湖北省', '湖北省', '---', 1, 0, '2019-01-01 00:00:00', 0, '2019-01-01 00:00:00');
INSERT INTO youthchina.SYS_CHN_REGION (REGION_ID, REGION_NUM, REGION_CHN, REGION_FULLCHN, REGION_ENG, REGION_LEVEL,
                                       REGION_PARENT_NUM, START_TIME, IS_DELETE, IS_DELETE_TIME)
VALUES (430000, '430000', '湖南省', '湖南省', '---', 1, 0, '2019-01-01 00:00:00', 0, '2019-01-01 00:00:00');
INSERT INTO youthchina.SYS_CHN_REGION (REGION_ID, REGION_NUM, REGION_CHN, REGION_FULLCHN, REGION_ENG, REGION_LEVEL,
                                       REGION_PARENT_NUM, START_TIME, IS_DELETE, IS_DELETE_TIME)
VALUES (440000, '440000', '广东省', '广东省', '---', 1, 0, '2019-01-01 00:00:00', 0, '2019-01-01 00:00:00');
INSERT INTO youthchina.SYS_CHN_REGION (REGION_ID, REGION_NUM, REGION_CHN, REGION_FULLCHN, REGION_ENG, REGION_LEVEL,
                                       REGION_PARENT_NUM, START_TIME, IS_DELETE, IS_DELETE_TIME)
VALUES (440100, '440000', '广州市', '广东省广州市', '---', 2, 4400000, '2019-01-01 00:00:00', 0, '2019-01-01 00:00:00');
INSERT INTO youthchina.SYS_CHN_REGION (REGION_ID, REGION_NUM, REGION_CHN, REGION_FULLCHN, REGION_ENG, REGION_LEVEL,
                                       REGION_PARENT_NUM, START_TIME, IS_DELETE, IS_DELETE_TIME)
VALUES (450000, '450000', '广西壮族自治区', '广西壮族自治区', '---', 1, 0, '2019-01-01 00:00:00', 0, '2019-01-01 00:00:00');
INSERT INTO youthchina.SYS_CHN_REGION (REGION_ID, REGION_NUM, REGION_CHN, REGION_FULLCHN, REGION_ENG, REGION_LEVEL,
                                       REGION_PARENT_NUM, START_TIME, IS_DELETE, IS_DELETE_TIME)
VALUES (460000, '460000', '海南省', '海南省', '---', 1, 0, '2019-01-01 00:00:00', 0, '2019-01-01 00:00:00');
INSERT INTO youthchina.SYS_CHN_REGION (REGION_ID, REGION_NUM, REGION_CHN, REGION_FULLCHN, REGION_ENG, REGION_LEVEL,
                                       REGION_PARENT_NUM, START_TIME, IS_DELETE, IS_DELETE_TIME)
VALUES (500000, '500000', '重庆市', '重庆市', '---', 1, 0, '2019-01-01 00:00:00', 0, '2019-01-01 00:00:00');
INSERT INTO youthchina.SYS_CHN_REGION (REGION_ID, REGION_NUM, REGION_CHN, REGION_FULLCHN, REGION_ENG, REGION_LEVEL,
                                       REGION_PARENT_NUM, START_TIME, IS_DELETE, IS_DELETE_TIME)
VALUES (510000, '510000', '四川省', '四川省', '---', 1, 0, '2019-01-01 00:00:00', 0, '2019-01-01 00:00:00');
INSERT INTO youthchina.SYS_CHN_REGION (REGION_ID, REGION_NUM, REGION_CHN, REGION_FULLCHN, REGION_ENG, REGION_LEVEL,
                                       REGION_PARENT_NUM, START_TIME, IS_DELETE, IS_DELETE_TIME)
VALUES (520000, '520000', '贵州省', '贵州省', '---', 1, 0, '2019-01-01 00:00:00', 0, '2019-01-01 00:00:00');
INSERT INTO youthchina.SYS_CHN_REGION (REGION_ID, REGION_NUM, REGION_CHN, REGION_FULLCHN, REGION_ENG, REGION_LEVEL,
                                       REGION_PARENT_NUM, START_TIME, IS_DELETE, IS_DELETE_TIME)
VALUES (530000, '530000', '云南省', '云南省', '---', 1, 0, '2019-01-01 00:00:00', 0, '2019-01-01 00:00:00');
INSERT INTO youthchina.SYS_CHN_REGION (REGION_ID, REGION_NUM, REGION_CHN, REGION_FULLCHN, REGION_ENG, REGION_LEVEL,
                                       REGION_PARENT_NUM, START_TIME, IS_DELETE, IS_DELETE_TIME)
VALUES (540000, '540000', '西藏自治区', '西藏自治区', '---', 1, 0, '2019-01-01 00:00:00', 0, '2019-01-01 00:00:00');
INSERT INTO youthchina.SYS_CHN_REGION (REGION_ID, REGION_NUM, REGION_CHN, REGION_FULLCHN, REGION_ENG, REGION_LEVEL,
                                       REGION_PARENT_NUM, START_TIME, IS_DELETE, IS_DELETE_TIME)
VALUES (610000, '610000', '陕西省', '陕西省', '---', 1, 0, '2019-01-01 00:00:00', 0, '2019-01-01 00:00:00');
INSERT INTO youthchina.SYS_CHN_REGION (REGION_ID, REGION_NUM, REGION_CHN, REGION_FULLCHN, REGION_ENG, REGION_LEVEL,
                                       REGION_PARENT_NUM, START_TIME, IS_DELETE, IS_DELETE_TIME)
VALUES (620000, '620000', '甘肃省', '甘肃省', '---', 1, 0, '2019-01-01 00:00:00', 0, '2019-01-01 00:00:00');
INSERT INTO youthchina.SYS_CHN_REGION (REGION_ID, REGION_NUM, REGION_CHN, REGION_FULLCHN, REGION_ENG, REGION_LEVEL,
                                       REGION_PARENT_NUM, START_TIME, IS_DELETE, IS_DELETE_TIME)
VALUES (630000, '630000', '青海省', '青海省', '---', 1, 0, '2019-01-01 00:00:00', 0, '2019-01-01 00:00:00');
INSERT INTO youthchina.SYS_CHN_REGION (REGION_ID, REGION_NUM, REGION_CHN, REGION_FULLCHN, REGION_ENG, REGION_LEVEL,
                                       REGION_PARENT_NUM, START_TIME, IS_DELETE, IS_DELETE_TIME)
VALUES (640000, '640000', '宁夏回族自治区', '宁夏回族自治区', '---', 1, 0, '2019-01-01 00:00:00', 0, '2019-01-01 00:00:00');
INSERT INTO youthchina.SYS_CHN_REGION (REGION_ID, REGION_NUM, REGION_CHN, REGION_FULLCHN, REGION_ENG, REGION_LEVEL,
                                       REGION_PARENT_NUM, START_TIME, IS_DELETE, IS_DELETE_TIME)
VALUES (650000, '650000', '新疆维吾尔自治区', '新疆维吾尔自治区', '---', 1, 0, '2019-01-01 00:00:00', 0, '2019-01-01 00:00:00');
INSERT INTO youthchina.SYS_CHN_REGION (REGION_ID, REGION_NUM, REGION_CHN, REGION_FULLCHN, REGION_ENG, REGION_LEVEL,
                                       REGION_PARENT_NUM, START_TIME, IS_DELETE, IS_DELETE_TIME)
VALUES (710000, '710000', '台湾省', '台湾省', '---', 1, 0, '2019-01-01 00:00:00', 0, '2019-01-01 00:00:00');
INSERT INTO youthchina.SYS_CHN_REGION (REGION_ID, REGION_NUM, REGION_CHN, REGION_FULLCHN, REGION_ENG, REGION_LEVEL,
                                       REGION_PARENT_NUM, START_TIME, IS_DELETE, IS_DELETE_TIME)
VALUES (810000, '810000', '香港特别行政区', '香港特别行政区', '---', 1, 0, '2019-01-01 00:00:00', 0, '2019-01-01 00:00:00');
INSERT INTO youthchina.SYS_CHN_REGION (REGION_ID, REGION_NUM, REGION_CHN, REGION_FULLCHN, REGION_ENG, REGION_LEVEL,
                                       REGION_PARENT_NUM, START_TIME, IS_DELETE, IS_DELETE_TIME)
VALUES (820000, '820000', '澳门特别行政区', '澳门特别行政区', '---', 1, 0, '2019-01-01 00:00:00', 0, '2019-01-01 00:00:00');
INSERT INTO youthchina.SYS_COUNTRY (COUNTRY_ABBRE, COUNTRY_CHN, COUNTRY_ENG, START_TIME, IS_DELETE, IS_DELETE_TIME)
VALUES ('CHN', '中国', 'CHINA', '2019-01-01 00:00:00', 0, '2019-01-01 00:00:00');
INSERT INTO youthchina.SYS_COUNTRY (COUNTRY_ABBRE, COUNTRY_CHN, COUNTRY_ENG, START_TIME, IS_DELETE, IS_DELETE_TIME)
VALUES ('OTH', '其他', 'OTHERS', '2019-01-01 00:00:00', 0, '2019-01-01 00:00:00');
INSERT INTO youthchina.SYS_COUNTRY (COUNTRY_ABBRE, COUNTRY_CHN, COUNTRY_ENG, START_TIME, IS_DELETE, IS_DELETE_TIME)
VALUES ('USA', '美国', 'UNITED STATES', '2019-01-01 00:00:00', 0, '2019-01-01 00:00:00');
INSERT INTO youthchina.SYS_DEGREE (DEGREE_NUM, DEGREE_CHN, DEGREE_ENG, START_DATE)
VALUES (1, '初中', 'Junior', '2019-01-01 00:00:00');
INSERT INTO youthchina.SYS_DEGREE (DEGREE_NUM, DEGREE_CHN, DEGREE_ENG, START_DATE)
VALUES (2, '高中', 'Senior', '2019-01-01 00:00:00');
INSERT INTO youthchina.SYS_DEGREE (DEGREE_NUM, DEGREE_CHN, DEGREE_ENG, START_DATE)
VALUES (3, '本科', 'Undergraduate', '2019-01-01 00:00:00');
INSERT INTO youthchina.SYS_DEGREE (DEGREE_NUM, DEGREE_CHN, DEGREE_ENG, START_DATE)
VALUES (4, '硕士', 'Master', '2019-01-01 00:00:00');
INSERT INTO youthchina.SYS_DEGREE (DEGREE_NUM, DEGREE_CHN, DEGREE_ENG, START_DATE)
VALUES (5, '博士', 'Doctor', '2019-01-01 00:00:00');
INSERT INTO youthchina.SYS_DEGREE (DEGREE_NUM, DEGREE_CHN, DEGREE_ENG, START_DATE)
VALUES (6, '博士后', 'Postdoctor', '2019-01-01 00:00:00');
INSERT INTO youthchina.SYS_DIPLOMA (DIPLOMA_NUM, DIPLOMA_CHN, DIPLOMA_ENG, DIPLOMA_ENG_ABBRE, START_DATE)
VALUES (1001, '文学士', 'Bachelor of Arts', 'B.A.', '2019-01-01 00:00:00');
INSERT INTO youthchina.SYS_DIPLOMA (DIPLOMA_NUM, DIPLOMA_CHN, DIPLOMA_ENG, DIPLOMA_ENG_ABBRE, START_DATE)
VALUES (1002, '建筑学士', 'Bachelor of Architecture', 'B.Arch.', '2019-01-01 00:00:00');
INSERT INTO youthchina.SYS_DIPLOMA (DIPLOMA_NUM, DIPLOMA_CHN, DIPLOMA_ENG, DIPLOMA_ENG_ABBRE, START_DATE)
VALUES (1003, '教育学文学士', 'Bachelor of Arts in Education', 'B.A.Ed.', '2019-01-01 00:00:00');
INSERT INTO youthchina.SYS_DIPLOMA (DIPLOMA_NUM, DIPLOMA_CHN, DIPLOMA_ENG, DIPLOMA_ENG_ABBRE, START_DATE)
VALUES (1004, '工商管理学士', 'Bachelor of Business Administration', 'B.B.A.', '2019-01-01 00:00:00');
INSERT INTO youthchina.SYS_DIPLOMA (DIPLOMA_NUM, DIPLOMA_CHN, DIPLOMA_ENG, DIPLOMA_ENG_ABBRE, START_DATE)
VALUES (1005, '社会工作学文学士', 'Bachelor of Arts in Social Work', 'B.A.S.W.', '2019-01-01 00:00:00');
INSERT INTO youthchina.SYS_DIPLOMA (DIPLOMA_NUM, DIPLOMA_CHN, DIPLOMA_ENG, DIPLOMA_ENG_ABBRE, START_DATE)
VALUES (1006, '教育学士', 'Bachelor of Education', 'B.Ed.', '2019-01-01 00:00:00');
INSERT INTO youthchina.SYS_DIPLOMA (DIPLOMA_NUM, DIPLOMA_CHN, DIPLOMA_ENG, DIPLOMA_ENG_ABBRE, START_DATE)
VALUES (1007, '艺术学士', 'Bachelor of Fine Arts', 'B.F.A.', '2019-01-01 00:00:00');
INSERT INTO youthchina.SYS_DIPLOMA (DIPLOMA_NUM, DIPLOMA_CHN, DIPLOMA_ENG, DIPLOMA_ENG_ABBRE, START_DATE)
VALUES (1008, '通识学士', 'Bachelor of General Studies', 'B.G.S.', '2019-01-01 00:00:00');
INSERT INTO youthchina.SYS_DIPLOMA (DIPLOMA_NUM, DIPLOMA_CHN, DIPLOMA_ENG, DIPLOMA_ENG_ABBRE, START_DATE)
VALUES (1009, '文理学学士', 'Bachelor of Liberal Studies', 'B.L.S.', '2019-01-01 00:00:00');
INSERT INTO youthchina.SYS_DIPLOMA (DIPLOMA_NUM, DIPLOMA_CHN, DIPLOMA_ENG, DIPLOMA_ENG_ABBRE, START_DATE)
VALUES (1010, '工学士', 'Bachelor of Engineering', 'B.Eng.', '2019-01-01 00:00:00');
INSERT INTO youthchina.SYS_DIPLOMA (DIPLOMA_NUM, DIPLOMA_CHN, DIPLOMA_ENG, DIPLOMA_ENG_ABBRE, START_DATE)
VALUES (1011, '音乐学士', 'Bachelor of Music', 'B.Mus.', '2019-01-01 00:00:00');
INSERT INTO youthchina.SYS_DIPLOMA (DIPLOMA_NUM, DIPLOMA_CHN, DIPLOMA_ENG, DIPLOMA_ENG_ABBRE, START_DATE)
VALUES (1012, '音乐教育学士', 'Bachelor of Music Education', 'B.M.Ed.', '2019-01-01 00:00:00');
INSERT INTO youthchina.SYS_DIPLOMA (DIPLOMA_NUM, DIPLOMA_CHN, DIPLOMA_ENG, DIPLOMA_ENG_ABBRE, START_DATE)
VALUES (1013, '护理学士', 'Bachelor of Nursing', 'B.N.', '2019-01-01 00:00:00');
INSERT INTO youthchina.SYS_DIPLOMA (DIPLOMA_NUM, DIPLOMA_CHN, DIPLOMA_ENG, DIPLOMA_ENG_ABBRE, START_DATE)
VALUES (1014, '专业进修学士', 'Bachelor of Professional Studies', 'B.P.S', '2019-01-01 00:00:00');
INSERT INTO youthchina.SYS_DIPLOMA (DIPLOMA_NUM, DIPLOMA_CHN, DIPLOMA_ENG, DIPLOMA_ENG_ABBRE, START_DATE)
VALUES (1015, '工商管理学理学士', 'Bachelor of Science in Business Administration', 'B.S.B.A', '2019-01-01 00:00:00');
INSERT INTO youthchina.SYS_DIPLOMA (DIPLOMA_NUM, DIPLOMA_CHN, DIPLOMA_ENG, DIPLOMA_ENG_ABBRE, START_DATE)
VALUES (1016, '理学士', 'Bachelor of Science', 'B.S.', '2019-01-01 00:00:00');
INSERT INTO youthchina.SYS_DIPLOMA (DIPLOMA_NUM, DIPLOMA_CHN, DIPLOMA_ENG, DIPLOMA_ENG_ABBRE, START_DATE)
VALUES (1017, '商学理学士', 'Bachelor of Science in Business', 'B.S.Bus.', '2019-01-01 00:00:00');
INSERT INTO youthchina.SYS_DIPLOMA (DIPLOMA_NUM, DIPLOMA_CHN, DIPLOMA_ENG, DIPLOMA_ENG_ABBRE, START_DATE)
VALUES (1018, '教育学理学士', 'Bachelor of Science in Education', 'B.S.Ed.', '2019-01-01 00:00:00');
INSERT INTO youthchina.SYS_DIPLOMA (DIPLOMA_NUM, DIPLOMA_CHN, DIPLOMA_ENG, DIPLOMA_ENG_ABBRE, START_DATE)
VALUES (1019, '工程学理学士', 'Bachelor of Science in Engineering', 'B.S.Eng', '2019-01-01 00:00:00');
INSERT INTO youthchina.SYS_DIPLOMA (DIPLOMA_NUM, DIPLOMA_CHN, DIPLOMA_ENG, DIPLOMA_ENG_ABBRE, START_DATE)
VALUES (1020, '医学理学士', 'Bachelor of Science in Medicine', 'B.S.Med.', '2019-01-01 00:00:00');
INSERT INTO youthchina.SYS_DIPLOMA (DIPLOMA_NUM, DIPLOMA_CHN, DIPLOMA_ENG, DIPLOMA_ENG_ABBRE, START_DATE)
VALUES (1021, '医技学理学士', 'Bachelor of Science in Medical Technology', 'B.S.M.T.', '2019-01-01 00:00:00');
INSERT INTO youthchina.SYS_DIPLOMA (DIPLOMA_NUM, DIPLOMA_CHN, DIPLOMA_ENG, DIPLOMA_ENG_ABBRE, START_DATE)
VALUES (1022, '护理学理学士', 'Bachelor of Science in Nursing', 'B.S.Nurs.', '2019-01-01 00:00:00');
INSERT INTO youthchina.SYS_DIPLOMA (DIPLOMA_NUM, DIPLOMA_CHN, DIPLOMA_ENG, DIPLOMA_ENG_ABBRE, START_DATE)
VALUES (1023, '社会工作学理学士', 'Bachelor of Science in Social Work', 'B.S.S.W.', '2019-01-01 00:00:00');
INSERT INTO youthchina.SYS_DIPLOMA (DIPLOMA_NUM, DIPLOMA_CHN, DIPLOMA_ENG, DIPLOMA_ENG_ABBRE, START_DATE)
VALUES (1024, '科技学理学士', 'Bachelor of Science in Technology', 'B.S.T.', '2019-01-01 00:00:00');
INSERT INTO youthchina.SYS_DIPLOMA (DIPLOMA_NUM, DIPLOMA_CHN, DIPLOMA_ENG, DIPLOMA_ENG_ABBRE, START_DATE)
VALUES (1025, '社会工作学士', 'Bachelor in Social Work', 'B.S.W.', '2019-01-01 00:00:00');
INSERT INTO youthchina.SYS_DIPLOMA (DIPLOMA_NUM, DIPLOMA_CHN, DIPLOMA_ENG, DIPLOMA_ENG_ABBRE, START_DATE)
VALUES (1026, '科技学士', 'Bachelor of Technology', 'B.T.', '2019-01-01 00:00:00');
INSERT INTO youthchina.SYS_DIPLOMA (DIPLOMA_NUM, DIPLOMA_CHN, DIPLOMA_ENG, DIPLOMA_ENG_ABBRE, START_DATE)
VALUES (1027, '法学士', 'Bachelor of Law', 'LL.B.', '2019-01-01 00:00:00');
INSERT INTO youthchina.SYS_MAJOR (MAJOR_NUM, MAJOR_LEVEL, MAJOR_CODE, MAJOR_ABBRE, MAJOR_CHN, MAJOR_ENG, START_DATE,
                                  IS_DELETE, IS_DELETE_TIME)
VALUES (3, '3', '10101', '哲学', '哲学', 'philosophy', '2019-01-01 00:00:00', 0, '2019-01-01 00:00:00');
INSERT INTO youthchina.SYS_MEDIA_DOCUMENT (DOCU_ID, DOCU_LOCAL_ID, DOCU_LOCAL_NAME, DOCU_LOCAL_FORMAT, DOCU_LOCAL_SIZE,
                                           DOCU_SERVER_ALI_ID, DOCU_SERVER_AWS_ID, CREATE_TIME, UPLOAD_USER_ID,
                                           IS_DELETE, IS_DELETE_TIME)
VALUES (1, '2856306669745344512', 'video', 'mp4', '0.434434532', '2856327168068161536', '0', '2019-01-01 00:00:00', 1,
        1, '2019-01-01 00:00:00');
INSERT INTO youthchina.SYS_MEDIA_DOCUMENT (DOCU_ID, DOCU_LOCAL_ID, DOCU_LOCAL_NAME, DOCU_LOCAL_FORMAT, DOCU_LOCAL_SIZE,
                                           DOCU_SERVER_ALI_ID, DOCU_SERVER_AWS_ID, CREATE_TIME, UPLOAD_USER_ID,
                                           IS_DELETE, IS_DELETE_TIME)
VALUES (9, '2858461057087705088', 'video', 'mp4', '0.233793259', '2858461058387939328', '0', '2019-03-05 00:00:00', 2,
        0, '2019-01-01 00:00:00');
INSERT INTO youthchina.SYS_MEDIA_DOCUMENT (DOCU_ID, DOCU_LOCAL_ID, DOCU_LOCAL_NAME, DOCU_LOCAL_FORMAT, DOCU_LOCAL_SIZE,
                                           DOCU_SERVER_ALI_ID, DOCU_SERVER_AWS_ID, CREATE_TIME, UPLOAD_USER_ID,
                                           IS_DELETE, IS_DELETE_TIME)
VALUES (10, '2858465896022675456', 'video2', 'mp4', '0.618719101', '2858465896546963456', '0', '2019-03-05 00:00:00', 2,
        0, '2019-01-01 00:00:00');
INSERT INTO youthchina.SYS_MEDIA_DOCUMENT (DOCU_ID, DOCU_LOCAL_ID, DOCU_LOCAL_NAME, DOCU_LOCAL_FORMAT, DOCU_LOCAL_SIZE,
                                           DOCU_SERVER_ALI_ID, DOCU_SERVER_AWS_ID, CREATE_TIME, UPLOAD_USER_ID,
                                           IS_DELETE, IS_DELETE_TIME)
VALUES (11, '2858466008518103040', 'video3', 'mp4', '2.457798958', '2858466009172414464', '0', '2019-03-05 00:00:00', 2,
        0, '2019-01-01 00:00:00');
INSERT INTO youthchina.SYS_MEDIA_DOCUMENT (DOCU_ID, DOCU_LOCAL_ID, DOCU_LOCAL_NAME, DOCU_LOCAL_FORMAT, DOCU_LOCAL_SIZE,
                                           DOCU_SERVER_ALI_ID, DOCU_SERVER_AWS_ID, CREATE_TIME, UPLOAD_USER_ID,
                                           IS_DELETE, IS_DELETE_TIME)
VALUES (12, '2858466381886656512', 'video3', 'mp4', '2.457798958', '2858466382549356544', '0', '2019-01-01 00:00:00', 2,
        0, '2019-01-01 00:00:00');
INSERT INTO youthchina.SYS_PERMISSION (PERMI_ID, PERMI_FUNCTION, PERMI_DESCRPTIPON, PERMI_TYPE, IS_DELETE,
                                       IS_DELETE_TIME)
VALUES (1, '开启修改密码按钮', '修改密码', 1, 0, '2019-01-01 00:00:00');
INSERT INTO youthchina.SYS_PERMISSION (PERMI_ID, PERMI_FUNCTION, PERMI_DESCRPTIPON, PERMI_TYPE, IS_DELETE,
                                       IS_DELETE_TIME)
VALUES (2, '开启注销用户按钮', '注销用户', 1, 0, '2019-01-01 00:00:00');
INSERT INTO youthchina.SYS_PERMISSION (PERMI_ID, PERMI_FUNCTION, PERMI_DESCRPTIPON, PERMI_TYPE, IS_DELETE,
                                       IS_DELETE_TIME)
VALUES (3, '开启通知按钮', '开启通知', 1, 0, '2019-01-01 00:00:00');
INSERT INTO youthchina.SYS_PERMISSION (PERMI_ID, PERMI_FUNCTION, PERMI_DESCRPTIPON, PERMI_TYPE, IS_DELETE,
                                       IS_DELETE_TIME)
VALUES (4, '开启上传简历按钮', '上传简历', 1, 0, '2019-01-01 00:00:00');
INSERT INTO youthchina.SYS_PERMISSION (PERMI_ID, PERMI_FUNCTION, PERMI_DESCRPTIPON, PERMI_TYPE, IS_DELETE,
                                       IS_DELETE_TIME)
VALUES (5, '开启删除简历模板按钮', '删除简历模板', 1, 0, '2019-01-01 00:00:00');
INSERT INTO youthchina.SYS_PERMISSION (PERMI_ID, PERMI_FUNCTION, PERMI_DESCRPTIPON, PERMI_TYPE, IS_DELETE,
                                       IS_DELETE_TIME)
VALUES (6, '开启注销按钮', '注销', 1, 0, '2019-01-01 00:00:00');
INSERT INTO youthchina.SYS_PERMISSION (PERMI_ID, PERMI_FUNCTION, PERMI_DESCRPTIPON, PERMI_TYPE, IS_DELETE,
                                       IS_DELETE_TIME)
VALUES (200, '开启修改密码按钮', '修改密码', 2, 0, '2019-01-01 00:00:00');
INSERT INTO youthchina.SYS_PERMISSION (PERMI_ID, PERMI_FUNCTION, PERMI_DESCRPTIPON, PERMI_TYPE, IS_DELETE,
                                       IS_DELETE_TIME)
VALUES (201, '开启注销用户按钮', '注销用户', 2, 0, '2019-01-01 00:00:00');
INSERT INTO youthchina.SYS_PERMISSION (PERMI_ID, PERMI_FUNCTION, PERMI_DESCRPTIPON, PERMI_TYPE, IS_DELETE,
                                       IS_DELETE_TIME)
VALUES (202, '开启通知按钮', '开启通知', 2, 0, '2019-01-01 00:00:00');
INSERT INTO youthchina.SYS_PERMISSION (PERMI_ID, PERMI_FUNCTION, PERMI_DESCRPTIPON, PERMI_TYPE, IS_DELETE,
                                       IS_DELETE_TIME)
VALUES (203, '开启在职验证按钮', '在职验证', 2, 0, '2019-01-01 00:00:00');
INSERT INTO youthchina.SYS_PERMISSION (PERMI_ID, PERMI_FUNCTION, PERMI_DESCRPTIPON, PERMI_TYPE, IS_DELETE,
                                       IS_DELETE_TIME)
VALUES (204, '开启关联企业按钮', '关联企业', 2, 0, '2019-01-01 00:00:00');
INSERT INTO youthchina.SYS_PERMISSION (PERMI_ID, PERMI_FUNCTION, PERMI_DESCRPTIPON, PERMI_TYPE, IS_DELETE,
                                       IS_DELETE_TIME)
VALUES (205, '开启注销按钮', '注销', 2, 0, '2019-01-01 00:00:00');
INSERT INTO youthchina.SYS_PERMISSION (PERMI_ID, PERMI_FUNCTION, PERMI_DESCRPTIPON, PERMI_TYPE, IS_DELETE,
                                       IS_DELETE_TIME)
VALUES (400, '开启修改密码按钮', '修改密码', 4, 0, '2019-01-01 00:00:00');
INSERT INTO youthchina.SYS_PERMISSION (PERMI_ID, PERMI_FUNCTION, PERMI_DESCRPTIPON, PERMI_TYPE, IS_DELETE,
                                       IS_DELETE_TIME)
VALUES (401, '开启发布新话题按钮', '发布新话题', 4, 0, '2019-01-01 00:00:00');
INSERT INTO youthchina.SYS_PERMISSION (PERMI_ID, PERMI_FUNCTION, PERMI_DESCRPTIPON, PERMI_TYPE, IS_DELETE,
                                       IS_DELETE_TIME)
VALUES (402, '开启发布文章按钮', '发布文章', 4, 0, '2019-01-01 00:00:00');
INSERT INTO youthchina.SYS_PERMISSION (PERMI_ID, PERMI_FUNCTION, PERMI_DESCRPTIPON, PERMI_TYPE, IS_DELETE,
                                       IS_DELETE_TIME)
VALUES (403, '开启发表评论按钮', '发表评论', 4, 0, '2019-01-01 00:00:00');
INSERT INTO youthchina.SYS_PERMISSION (PERMI_ID, PERMI_FUNCTION, PERMI_DESCRPTIPON, PERMI_TYPE, IS_DELETE,
                                       IS_DELETE_TIME)
VALUES (404, '开启话题评价按钮', '文章评价', 4, 0, '2019-01-01 00:00:00');
INSERT INTO youthchina.SYS_PERMISSION (PERMI_ID, PERMI_FUNCTION, PERMI_DESCRPTIPON, PERMI_TYPE, IS_DELETE,
                                       IS_DELETE_TIME)
VALUES (405, '开启话题评价按钮', '话题评价', 4, 0, '2019-01-01 00:00:00');
INSERT INTO youthchina.SYS_PERMISSION (PERMI_ID, PERMI_FUNCTION, PERMI_DESCRPTIPON, PERMI_TYPE, IS_DELETE,
                                       IS_DELETE_TIME)
VALUES (406, '开启修改密码按钮', '修改密码', 4, 0, '2019-01-01 00:00:00');
INSERT INTO youthchina.SYS_PERMISSION (PERMI_ID, PERMI_FUNCTION, PERMI_DESCRPTIPON, PERMI_TYPE, IS_DELETE,
                                       IS_DELETE_TIME)
VALUES (901, '开启管理应聘者按钮', '管理应聘者', 4, 0, '2019-01-01 00:00:00');
INSERT INTO youthchina.SYS_PERMISSION (PERMI_ID, PERMI_FUNCTION, PERMI_DESCRPTIPON, PERMI_TYPE, IS_DELETE,
                                       IS_DELETE_TIME)
VALUES (902, '开启管理招聘者按钮', '管理招聘者', 4, 0, '2019-01-01 00:00:00');
INSERT INTO youthchina.SYS_PERMISSION (PERMI_ID, PERMI_FUNCTION, PERMI_DESCRPTIPON, PERMI_TYPE, IS_DELETE,
                                       IS_DELETE_TIME)
VALUES (903, '开启管理企业账号按钮', '管理企业账号', 4, 0, '2019-01-01 00:00:00');
INSERT INTO youthchina.SYS_PERMISSION (PERMI_ID, PERMI_FUNCTION, PERMI_DESCRPTIPON, PERMI_TYPE, IS_DELETE,
                                       IS_DELETE_TIME)
VALUES (904, '开启管理文章按钮', '管理文章', 4, 0, '2019-01-01 00:00:00');
INSERT INTO youthchina.SYS_PERMISSION (PERMI_ID, PERMI_FUNCTION, PERMI_DESCRPTIPON, PERMI_TYPE, IS_DELETE,
                                       IS_DELETE_TIME)
VALUES (905, '开启管理话题按钮', '管理话题', 4, 0, '2019-01-01 00:00:00');
INSERT INTO youthchina.SYS_ROLE (ROLE_ID, ROLE_DESCRPTIPON, IS_DELETE, IS_DELETE_TIME)
VALUES (1, 'ROOT', 0, '2019-01-01 00:00:00');
INSERT INTO youthchina.SYS_ROLE (ROLE_ID, ROLE_DESCRPTIPON, IS_DELETE, IS_DELETE_TIME)
VALUES (2, 'ADMIN', 0, '2019-01-01 00:00:00');
INSERT INTO youthchina.SYS_ROLE (ROLE_ID, ROLE_DESCRPTIPON, IS_DELETE, IS_DELETE_TIME)
VALUES (3, 'APPLICANT', 0, '2019-01-01 00:00:00');
INSERT INTO youthchina.SYS_ROLE (ROLE_ID, ROLE_DESCRPTIPON, IS_DELETE, IS_DELETE_TIME)
VALUES (4, 'HR', 0, '2019-01-01 00:00:00');
INSERT INTO youthchina.SYS_ROLE (ROLE_ID, ROLE_DESCRPTIPON, IS_DELETE, IS_DELETE_TIME)
VALUES (5, 'EMPLOYER', 0, '2019-01-01 00:00:00');
INSERT INTO youthchina.SYS_ROLE_PERMISSION (ROLE_ID, PERMI_ID, STRAT_TIME, IS_DELETE, IS_DELETE_TIME)
VALUES (1, 1, '2019-01-01 00:00:00', 0, '2019-01-01 00:00:00');
INSERT INTO youthchina.SYS_ROLE_PERMISSION (ROLE_ID, PERMI_ID, STRAT_TIME, IS_DELETE, IS_DELETE_TIME)
VALUES (1, 2, '2019-01-01 00:00:00', 0, '2019-01-01 00:00:00');
INSERT INTO youthchina.SYS_ROLE_PERMISSION (ROLE_ID, PERMI_ID, STRAT_TIME, IS_DELETE, IS_DELETE_TIME)
VALUES (1, 3, '2019-01-01 00:00:00', 0, '2019-01-01 00:00:00');
INSERT INTO youthchina.SYS_ROLE_PERMISSION (ROLE_ID, PERMI_ID, STRAT_TIME, IS_DELETE, IS_DELETE_TIME)
VALUES (1, 4, '2019-01-01 00:00:00', 0, '2019-01-01 00:00:00');
INSERT INTO youthchina.SYS_ROLE_PERMISSION (ROLE_ID, PERMI_ID, STRAT_TIME, IS_DELETE, IS_DELETE_TIME)
VALUES (1, 5, '2019-01-01 00:00:00', 0, '2019-01-01 00:00:00');
INSERT INTO youthchina.SYS_ROLE_PERMISSION (ROLE_ID, PERMI_ID, STRAT_TIME, IS_DELETE, IS_DELETE_TIME)
VALUES (1, 6, '2019-01-01 00:00:00', 0, '2019-01-01 00:00:00');
INSERT INTO youthchina.SYS_ROLE_PERMISSION (ROLE_ID, PERMI_ID, STRAT_TIME, IS_DELETE, IS_DELETE_TIME)
VALUES (1, 901, '2019-01-01 00:00:00', 0, '2019-01-01 00:00:00');
INSERT INTO youthchina.SYS_ROLE_PERMISSION (ROLE_ID, PERMI_ID, STRAT_TIME, IS_DELETE, IS_DELETE_TIME)
VALUES (1, 902, '2019-01-01 00:00:00', 0, '2019-01-01 00:00:00');
INSERT INTO youthchina.SYS_ROLE_PERMISSION (ROLE_ID, PERMI_ID, STRAT_TIME, IS_DELETE, IS_DELETE_TIME)
VALUES (1, 903, '2019-01-01 00:00:00', 0, '2019-01-01 00:00:00');
INSERT INTO youthchina.SYS_ROLE_PERMISSION (ROLE_ID, PERMI_ID, STRAT_TIME, IS_DELETE, IS_DELETE_TIME)
VALUES (1, 904, '2019-01-01 00:00:00', 0, '2019-01-01 00:00:00');
INSERT INTO youthchina.SYS_ROLE_PERMISSION (ROLE_ID, PERMI_ID, STRAT_TIME, IS_DELETE, IS_DELETE_TIME)
VALUES (1, 905, '2019-01-01 00:00:00', 0, '2019-01-01 00:00:00');
INSERT INTO youthchina.SYS_TOP_COMPANY_WORLD (COMPANY_ID, COMPANY_CHN, COMPANY_ENG, COMPANY_COUNTRY, COMPANY_RANK,
                                              RANK_YEAR, RANK_LAST_YEAR)
VALUES (1, '谷歌', 'Google', '1', 1, 1, 1);
INSERT INTO youthchina.SYS_TOP_COMPANY_WORLD (COMPANY_ID, COMPANY_CHN, COMPANY_ENG, COMPANY_COUNTRY, COMPANY_RANK,
                                              RANK_YEAR, RANK_LAST_YEAR)
VALUES (2, '脸书', 'Facebook', '1', 2, 1, 1);
INSERT INTO youthchina.SYS_TOP_COMPANY_WORLD (COMPANY_ID, COMPANY_CHN, COMPANY_ENG, COMPANY_COUNTRY, COMPANY_RANK,
                                              RANK_YEAR, RANK_LAST_YEAR)
VALUES (3, '腾讯', 'Tencent', '1', 3, 1, 1);
INSERT INTO youthchina.SYS_TOP_COMPANY_WORLD (COMPANY_ID, COMPANY_CHN, COMPANY_ENG, COMPANY_COUNTRY, COMPANY_RANK,
                                              RANK_YEAR, RANK_LAST_YEAR)
VALUES (4, '华为', 'Huawei', '1', 4, 1, 1);
INSERT INTO youthchina.SYS_UNIVERSITY_CHN (UNIVERS_ID, UNIVERS_CHN, UNIVERS_ENG, UNIVERS_CODE, UNIVERS_LOCATION,
                                           UNIVERS_DEPT, UNIVERS_LEVEL, START_TIME, IS_DELETE, IS_DELETE_TIME)
VALUES (10001, '北京大学', 'Peking University', 4111010001, 110000, '教育部', '本科', '2019-01-01 00:00:00', 0,
        '2019-01-01 00:00:00');
INSERT INTO youthchina.SYS_UNIVERSITY_CHN (UNIVERS_ID, UNIVERS_CHN, UNIVERS_ENG, UNIVERS_CODE, UNIVERS_LOCATION,
                                           UNIVERS_DEPT, UNIVERS_LEVEL, START_TIME, IS_DELETE, IS_DELETE_TIME)
VALUES (10002, '中国人民大学', 'Renmin University of China', 4111010002, 110000, '教育部', '本科', '2019-01-01 00:00:00', 0,
        '2019-01-01 00:00:00');
INSERT INTO youthchina.SYS_UNIVERSITY_CHN (UNIVERS_ID, UNIVERS_CHN, UNIVERS_ENG, UNIVERS_CODE, UNIVERS_LOCATION,
                                           UNIVERS_DEPT, UNIVERS_LEVEL, START_TIME, IS_DELETE, IS_DELETE_TIME)
VALUES (10003, '清华大学', 'Tsinghua University', 4111010003, 110000, '教育部', '本科', '2019-01-01 00:00:00', 0,
        '2019-01-01 00:00:00');
INSERT INTO youthchina.SYS_UNIVERSITY_CHN (UNIVERS_ID, UNIVERS_CHN, UNIVERS_ENG, UNIVERS_CODE, UNIVERS_LOCATION,
                                           UNIVERS_DEPT, UNIVERS_LEVEL, START_TIME, IS_DELETE, IS_DELETE_TIME)
VALUES (10004, '北京交通大学', 'Beijing Jiaotong University', 4111010004, 110000, '教育部', '本科', '2019-01-01 00:00:00', 0,
        '2019-01-01 00:00:00');
INSERT INTO youthchina.SYS_UNIVERSITY_CHN (UNIVERS_ID, UNIVERS_CHN, UNIVERS_ENG, UNIVERS_CODE, UNIVERS_LOCATION,
                                           UNIVERS_DEPT, UNIVERS_LEVEL, START_TIME, IS_DELETE, IS_DELETE_TIME)
VALUES (10005, '北京工业大学', 'Beijing University of Technology', 4111010005, 110000, '北京市', '本科', '2019-01-01 00:00:00', 0,
        '2019-01-01 00:00:00');
INSERT INTO youthchina.SYS_UNIVERSITY_RANK_USNEWS (UNIVERS_ID, UNIVERS_CHN, UNIVERS_ENG, UNIVERS_COUNTRY, UNIVERS_RANK,
                                                   RANK_POINT, RANK_YEAR, RANK_LAST_YEAR)
VALUES (1, '清华大学', 'qinghuadaxue', '1', 1, 1, 1, 1);
INSERT INTO youthchina.SYS_UNIVERSITY_RANK_USNEWS (UNIVERS_ID, UNIVERS_CHN, UNIVERS_ENG, UNIVERS_COUNTRY, UNIVERS_RANK,
                                                   RANK_POINT, RANK_YEAR, RANK_LAST_YEAR)
VALUES (2, '北京大学', 'beijingdaxue', '1', 2, 1, 1, 1);
INSERT INTO youthchina.SYS_UNIVERSITY_RANK_USNEWS (UNIVERS_ID, UNIVERS_CHN, UNIVERS_ENG, UNIVERS_COUNTRY, UNIVERS_RANK,
                                                   RANK_POINT, RANK_YEAR, RANK_LAST_YEAR)
VALUES (3, '阿里里', 'alili', '1', 3, 1, 1, 1);
INSERT INTO youthchina.SYS_UNIVERSITY_RANK_USNEWS (UNIVERS_ID, UNIVERS_CHN, UNIVERS_ENG, UNIVERS_COUNTRY, UNIVERS_RANK,
                                                   RANK_POINT, RANK_YEAR, RANK_LAST_YEAR)
VALUES (4, '弟弟', 'didi', '1', 4, 1, 1, 1);
INSERT INTO youthchina.SYS_UNIVERSITY_RANK_USNEWS (UNIVERS_ID, UNIVERS_CHN, UNIVERS_ENG, UNIVERS_COUNTRY, UNIVERS_RANK,
                                                   RANK_POINT, RANK_YEAR, RANK_LAST_YEAR)
VALUES (5, '哥哥', 'gege', '1', 5, 1, 1, 1);
INSERT INTO youthchina.SYS_UNIVERSITY_RANK_USNEWS (UNIVERS_ID, UNIVERS_CHN, UNIVERS_ENG, UNIVERS_COUNTRY, UNIVERS_RANK,
                                                   RANK_POINT, RANK_YEAR, RANK_LAST_YEAR)
VALUES (6, '激光管', 'jiguagnguan', '1', 6, 1, 1, 1);
INSERT INTO youthchina.SYS_UNIVERSITY_USA (UNIVERS_ID, UNIVERS_CHN, UNIVERS_ENG, UNIVERS_STATE, UNIVERS_STATE_ID,
                                           UNIVERS_CITY, UNIVERS_ZIPCODE, START_TIME, IS_DELETE, IS_DELETE_TIME)
VALUES (20232, '乔治华盛顿大学', 'George Washington University', 'DC', 10, 'Washington D.C', 0, '2019-01-01 00:00:00', 0,
        '2019-01-01 00:00:00');
INSERT INTO youthchina.SYS_USA_ZIPCODE (REGION_ID, ZIP_CODE, REGION_CHN, REGION_ENG, REGION_CITY, STATE_ID, START_TIME,
                                        IS_DELETE, IS_DELETE_TIME)
VALUES (994701, '94701', '伯克利', 'Berkeley', 'Alameda', 6, '2019-01-01 00:00:00', 0, '2019-01-01 00:00:00');
INSERT INTO youthchina.SYS_USA_ZIPCODE (REGION_ID, ZIP_CODE, REGION_CHN, REGION_ENG, REGION_CITY, STATE_ID, START_TIME,
                                        IS_DELETE, IS_DELETE_TIME)
VALUES (994702, '94702', '伯克利', 'Berkeley', 'Alameda', 6, '2019-01-01 00:00:00', 0, '2019-01-01 00:00:00');
INSERT INTO youthchina.SYS_USA_ZIPCODE (REGION_ID, ZIP_CODE, REGION_CHN, REGION_ENG, REGION_CITY, STATE_ID, START_TIME,
                                        IS_DELETE, IS_DELETE_TIME)
VALUES (994703, '94703', '伯克利', 'Berkeley', 'Alameda', 6, '2019-01-01 00:00:00', 0, '2019-01-01 00:00:00');
INSERT INTO youthchina.SYS_USA_ZIPCODE (REGION_ID, ZIP_CODE, REGION_CHN, REGION_ENG, REGION_CITY, STATE_ID, START_TIME,
                                        IS_DELETE, IS_DELETE_TIME)
VALUES (994704, '94704', '伯克利', 'Berkeley', 'Alameda', 6, '2019-01-01 00:00:00', 0, '2019-01-01 00:00:00');
INSERT INTO youthchina.SYS_USA_ZIPCODE (REGION_ID, ZIP_CODE, REGION_CHN, REGION_ENG, REGION_CITY, STATE_ID, START_TIME,
                                        IS_DELETE, IS_DELETE_TIME)
VALUES (994705, '94705', '伯克利', 'Berkeley', 'Alameda', 6, '2019-01-01 00:00:00', 0, '2019-01-01 00:00:00');
INSERT INTO youthchina.SYS_USA_ZIPCODE (REGION_ID, ZIP_CODE, REGION_CHN, REGION_ENG, REGION_CITY, STATE_ID, START_TIME,
                                        IS_DELETE, IS_DELETE_TIME)
VALUES (994707, '94707', '伯克利', 'Berkeley', 'Alameda', 6, '2019-01-01 00:00:00', 0, '2019-01-01 00:00:00');
INSERT INTO youthchina.SYS_USA_ZIPCODE (REGION_ID, ZIP_CODE, REGION_CHN, REGION_ENG, REGION_CITY, STATE_ID, START_TIME,
                                        IS_DELETE, IS_DELETE_TIME)
VALUES (994708, '94708', '伯克利', 'Berkeley', 'Alameda', 6, '2019-01-01 00:00:00', 0, '2019-01-01 00:00:00');
INSERT INTO youthchina.SYS_USA_ZIPCODE (REGION_ID, ZIP_CODE, REGION_CHN, REGION_ENG, REGION_CITY, STATE_ID, START_TIME,
                                        IS_DELETE, IS_DELETE_TIME)
VALUES (994709, '94709', '伯克利', 'Berkeley', 'Alameda', 6, '2019-01-01 00:00:00', 0, '2019-01-01 00:00:00');
INSERT INTO youthchina.SYS_USA_ZIPCODE (REGION_ID, ZIP_CODE, REGION_CHN, REGION_ENG, REGION_CITY, STATE_ID, START_TIME,
                                        IS_DELETE, IS_DELETE_TIME)
VALUES (994710, '94710', '伯克利', 'Berkeley', 'Alameda', 6, '2019-01-01 00:00:00', 0, '2019-01-01 00:00:00');
INSERT INTO youthchina.SYS_USA_ZIPCODE (REGION_ID, ZIP_CODE, REGION_CHN, REGION_ENG, REGION_CITY, STATE_ID, START_TIME,
                                        IS_DELETE, IS_DELETE_TIME)
VALUES (994712, '94712', '伯克利', 'Berkeley', 'Alameda', 6, '2019-01-01 00:00:00', 0, '2019-01-01 00:00:00');
INSERT INTO youthchina.SYS_USA_ZIPCODE (REGION_ID, ZIP_CODE, REGION_CHN, REGION_ENG, REGION_CITY, STATE_ID, START_TIME,
                                        IS_DELETE, IS_DELETE_TIME)
VALUES (994720, '94720', '伯克利', 'Berkeley', 'Alameda', 6, '2019-01-01 00:00:00', 0, '2019-01-01 00:00:00');
INSERT INTO youthchina.SYS_USA_ZIPCODE (REGION_ID, ZIP_CODE, REGION_CHN, REGION_ENG, REGION_CITY, STATE_ID, START_TIME,
                                        IS_DELETE, IS_DELETE_TIME)
VALUES (995616, '95616', '戴维斯', 'Davis', 'Yolo', 6, '2019-01-01 00:00:00', 0, '2019-01-01 00:00:00');
INSERT INTO youthchina.SYS_USA_ZIPCODE (REGION_ID, ZIP_CODE, REGION_CHN, REGION_ENG, REGION_CITY, STATE_ID, START_TIME,
                                        IS_DELETE, IS_DELETE_TIME)
VALUES (995617, '95617', '戴维斯', 'Davis', 'Yolo', 6, '2019-01-01 00:00:00', 0, '2019-01-01 00:00:00');
INSERT INTO youthchina.SYS_USA_ZIPCODE (REGION_ID, ZIP_CODE, REGION_CHN, REGION_ENG, REGION_CITY, STATE_ID, START_TIME,
                                        IS_DELETE, IS_DELETE_TIME)
VALUES (995618, '95618', '戴维斯', 'Davis', 'Yolo', 6, '2019-01-01 00:00:00', 0, '2019-01-01 00:00:00');
INSERT INTO youthchina.SYS_USA_ZIPCODE (REGION_ID, ZIP_CODE, REGION_CHN, REGION_ENG, REGION_CITY, STATE_ID, START_TIME,
                                        IS_DELETE, IS_DELETE_TIME)
VALUES (998101, '98101', '西雅图', 'Seattle', 'King', 56, '2019-01-01 00:00:00', 0, '2019-01-01 00:00:00');
INSERT INTO youthchina.SYS_USA_ZIPCODE (REGION_ID, ZIP_CODE, REGION_CHN, REGION_ENG, REGION_CITY, STATE_ID, START_TIME,
                                        IS_DELETE, IS_DELETE_TIME)
VALUES (998102, '98102', '西雅图', 'Seattle', 'King', 56, '2019-01-01 00:00:00', 0, '2019-01-01 00:00:00');
INSERT INTO youthchina.SYS_USA_ZIPCODE (REGION_ID, ZIP_CODE, REGION_CHN, REGION_ENG, REGION_CITY, STATE_ID, START_TIME,
                                        IS_DELETE, IS_DELETE_TIME)
VALUES (998103, '98103', '西雅图', 'Seattle', 'King', 56, '2019-01-01 00:00:00', 0, '2019-01-01 00:00:00');
INSERT INTO youthchina.SYS_USA_ZIPCODE (REGION_ID, ZIP_CODE, REGION_CHN, REGION_ENG, REGION_CITY, STATE_ID, START_TIME,
                                        IS_DELETE, IS_DELETE_TIME)
VALUES (998104, '98104', '西雅图', 'Seattle', 'King', 56, '2019-01-01 00:00:00', 0, '2019-01-01 00:00:00');
INSERT INTO youthchina.SYS_USA_ZIPCODE (REGION_ID, ZIP_CODE, REGION_CHN, REGION_ENG, REGION_CITY, STATE_ID, START_TIME,
                                        IS_DELETE, IS_DELETE_TIME)
VALUES (998105, '98105', '西雅图', 'Seattle', 'King', 56, '2019-01-01 00:00:00', 0, '2019-01-01 00:00:00');
INSERT INTO youthchina.SYS_USA_ZIPCODE (REGION_ID, ZIP_CODE, REGION_CHN, REGION_ENG, REGION_CITY, STATE_ID, START_TIME,
                                        IS_DELETE, IS_DELETE_TIME)
VALUES (998106, '98106', '西雅图', 'Seattle', 'King', 56, '2019-01-01 00:00:00', 0, '2019-01-01 00:00:00');
INSERT INTO youthchina.SYS_USA_ZIPCODE (REGION_ID, ZIP_CODE, REGION_CHN, REGION_ENG, REGION_CITY, STATE_ID, START_TIME,
                                        IS_DELETE, IS_DELETE_TIME)
VALUES (998107, '98107', '西雅图', 'Seattle', 'King', 56, '2019-01-01 00:00:00', 0, '2019-01-01 00:00:00');
INSERT INTO youthchina.SYS_USA_ZIPCODE (REGION_ID, ZIP_CODE, REGION_CHN, REGION_ENG, REGION_CITY, STATE_ID, START_TIME,
                                        IS_DELETE, IS_DELETE_TIME)
VALUES (998108, '98108', '西雅图', 'Seattle', 'King', 56, '2019-01-01 00:00:00', 0, '2019-01-01 00:00:00');
INSERT INTO youthchina.SYS_USER (USER_ID, USER_PASS, USER_REGIST_TIME, USER_FIRST_NAME, USER_LAST_NAME, USER_GENDER, USER_NATION, USER_MAIL, USER_PHONE, USER_PHOTO, USER_LOCATION, USER_NICKNAME, USER_ON_JOB, IS_DELETE, IS_DELETE_TIME, MAIL_VERIFY, PHONE_VERIFY, USER_DATE_OF_BIRTH) VALUES (1, '$2a$10$E8En9IcX0Rau2BhhXub7suHwTyDylb3KvqQlsSqdJ8k2LLyDu1UbG', '2019-01-01 00:00:00', 'Admin', 'Admin', 'Male', 'CHN', '123456@123.com', '1234657890123', '---', 110000, '---', 0, 0, '2019-01-01 00:00:00', 1, 0, '1970-01-01');
INSERT INTO youthchina.SYS_USER (USER_ID, USER_PASS, USER_REGIST_TIME, USER_FIRST_NAME, USER_LAST_NAME, USER_GENDER, USER_NATION, USER_MAIL, USER_PHONE, USER_PHOTO, USER_LOCATION, USER_NICKNAME, USER_ON_JOB, IS_DELETE, IS_DELETE_TIME, MAIL_VERIFY, PHONE_VERIFY, USER_DATE_OF_BIRTH) VALUES (2, '$2a$10$E8En9IcX0Rau2BhhXub7suHwTyDylb3KvqQlsSqdJ8k2LLyDu1UbG', '2019-01-01 00:00:00', 'DDD', 'DDDEEEFFF', 'Female', 'USA', '123456@456.com', '9876543210123', '---', 110000, '---', 1, 0, '2019-01-01 00:00:00', 1, 0, '1970-01-01');
INSERT INTO youthchina.SYS_USER (USER_ID, USER_PASS, USER_REGIST_TIME, USER_FIRST_NAME, USER_LAST_NAME, USER_GENDER, USER_NATION, USER_MAIL, USER_PHONE, USER_PHOTO, USER_LOCATION, USER_NICKNAME, USER_ON_JOB, IS_DELETE, IS_DELETE_TIME, MAIL_VERIFY, PHONE_VERIFY, USER_DATE_OF_BIRTH) VALUES (3, '$2a$10$E8En9IcX0Rau2BhhXub7suHwTyDylb3KvqQlsSqdJ8k2LLyDu1UbG', '2019-01-01 00:00:00', 'GGG', 'GGGHHHIII', 'Male', 'CHN', '123456@789.com', '1112223334445', '---', 110000, '---', 1, 0, '2019-01-01 00:00:00', 1, 0, '1970-01-01');
INSERT INTO youthchina.SYS_USER (USER_ID, USER_PASS, USER_REGIST_TIME, USER_FIRST_NAME, USER_LAST_NAME, USER_GENDER, USER_NATION, USER_MAIL, USER_PHONE, USER_PHOTO, USER_LOCATION, USER_NICKNAME, USER_ON_JOB, IS_DELETE, IS_DELETE_TIME, MAIL_VERIFY, PHONE_VERIFY, USER_DATE_OF_BIRTH) VALUES (4, '$2a$10$E8En9IcX0Rau2BhhXub7suHwTyDylb3KvqQlsSqdJ8k2LLyDu1UbG', '2019-01-01 00:00:00', 'AAA', 'AAABBBCCC', 'Male', 'CHN', '123456@123.com', '1234657890123', '---', 110000, '---', 1, 0, '2019-01-01 00:00:00', 1, 0, '1970-01-01');
INSERT INTO youthchina.SYS_USER (USER_ID, USER_PASS, USER_REGIST_TIME, USER_FIRST_NAME, USER_LAST_NAME, USER_GENDER, USER_NATION, USER_MAIL, USER_PHONE, USER_PHOTO, USER_LOCATION, USER_NICKNAME, USER_ON_JOB, IS_DELETE, IS_DELETE_TIME, MAIL_VERIFY, PHONE_VERIFY, USER_DATE_OF_BIRTH) VALUES (5, '$2a$10$E8En9IcX0Rau2BhhXub7suHwTyDylb3KvqQlsSqdJ8k2LLyDu1UbG', '2019-01-01 00:00:00', 'DDD', 'DDDEEEFFF', 'Female', 'USA', '123456@456.com', '9876543210123', '---', 110000, '---', 1, 0, '2019-01-01 00:00:00', 1, 0, '1970-01-01');
INSERT INTO youthchina.SYS_USER (USER_ID, USER_PASS, USER_REGIST_TIME, USER_FIRST_NAME, USER_LAST_NAME, USER_GENDER, USER_NATION, USER_MAIL, USER_PHONE, USER_PHOTO, USER_LOCATION, USER_NICKNAME, USER_ON_JOB, IS_DELETE, IS_DELETE_TIME, MAIL_VERIFY, PHONE_VERIFY, USER_DATE_OF_BIRTH) VALUES (6, '$2a$10$E8En9IcX0Rau2BhhXub7suHwTyDylb3KvqQlsSqdJ8k2LLyDu1UbG', '2019-01-01 00:00:00', 'GGG', 'GGGHHHIII', 'Male', 'CHN', '123456@789.com', '1112223334445', '---', 110000, '---', 1, 0, '2019-01-01 00:00:00', 1, 0, '1970-01-01');
INSERT INTO youthchina.SYS_USER (USER_ID, USER_PASS, USER_REGIST_TIME, USER_FIRST_NAME, USER_LAST_NAME, USER_GENDER, USER_NATION, USER_MAIL, USER_PHONE, USER_PHOTO, USER_LOCATION, USER_NICKNAME, USER_ON_JOB, IS_DELETE, IS_DELETE_TIME, MAIL_VERIFY, PHONE_VERIFY, USER_DATE_OF_BIRTH) VALUES (7, '$2a$10$E8En9IcX0Rau2BhhXub7suHwTyDylb3KvqQlsSqdJ8k2LLyDu1UbG', '2019-01-01 00:00:00', 'AAA', 'AAABBBCCC', 'Male', 'CHN', '123456@123.com', '1234657890123', '---', 110000, '---', 1, 0, '2019-01-01 00:00:00', 1, 0, '1970-01-01');
INSERT INTO youthchina.SYS_USER (USER_ID, USER_PASS, USER_REGIST_TIME, USER_FIRST_NAME, USER_LAST_NAME, USER_GENDER, USER_NATION, USER_MAIL, USER_PHONE, USER_PHOTO, USER_LOCATION, USER_NICKNAME, USER_ON_JOB, IS_DELETE, IS_DELETE_TIME, MAIL_VERIFY, PHONE_VERIFY, USER_DATE_OF_BIRTH) VALUES (8, '$2a$10$E8En9IcX0Rau2BhhXub7suHwTyDylb3KvqQlsSqdJ8k2LLyDu1UbG', '2019-01-01 00:00:00', 'DDD', 'DDDEEEFFF', 'Female', 'USA', '123456@456.com', '9876543210123', '---', 110000, '---', 1, 0, '2019-01-01 00:00:00', 1, 0, '1970-01-01');
INSERT INTO youthchina.SYS_USER (USER_ID, USER_PASS, USER_REGIST_TIME, USER_FIRST_NAME, USER_LAST_NAME, USER_GENDER, USER_NATION, USER_MAIL, USER_PHONE, USER_PHOTO, USER_LOCATION, USER_NICKNAME, USER_ON_JOB, IS_DELETE, IS_DELETE_TIME, MAIL_VERIFY, PHONE_VERIFY, USER_DATE_OF_BIRTH) VALUES (9, '$2a$10$E8En9IcX0Rau2BhhXub7suHwTyDylb3KvqQlsSqdJ8k2LLyDu1UbG', '2019-01-01 00:00:00', 'GGG', 'GGGHHHIII', 'Male', 'CHN', '123456@789.com', '1112223334445', '---', 110000, '---', 0, 0, '2019-01-01 00:00:00', 1, 0, '1970-01-01');
INSERT INTO youthchina.SYS_USER (USER_ID, USER_PASS, USER_REGIST_TIME, USER_FIRST_NAME, USER_LAST_NAME, USER_GENDER, USER_NATION, USER_MAIL, USER_PHONE, USER_PHOTO, USER_LOCATION, USER_NICKNAME, USER_ON_JOB, IS_DELETE, IS_DELETE_TIME, MAIL_VERIFY, PHONE_VERIFY, USER_DATE_OF_BIRTH) VALUES (10, '$2a$10$E8En9IcX0Rau2BhhXub7suHwTyDylb3KvqQlsSqdJ8k2LLyDu1UbG', '2019-01-01 00:00:00', 'Wu', 'Danni', 'Female', 'CHN', 'anniewu123@gwu.edu', '2022944356', '---', 110000, '---', 0, 0, '2019-01-01 00:00:00', 1, 0, '1970-01-01');
INSERT INTO youthchina.SYS_USER (USER_ID, USER_PASS, USER_REGIST_TIME, USER_FIRST_NAME, USER_LAST_NAME, USER_GENDER, USER_NATION, USER_MAIL, USER_PHONE, USER_PHOTO, USER_LOCATION, USER_NICKNAME, USER_ON_JOB, IS_DELETE, IS_DELETE_TIME, MAIL_VERIFY, PHONE_VERIFY, USER_DATE_OF_BIRTH) VALUES (11, '$2a$10$E8En9IcX0Rau2BhhXub7suHwTyDylb3KvqQlsSqdJ8k2LLyDu1UbG', '2019-01-01 00:00:00', '吴', '嘉敏', 'Female', 'CHN', 'carmenwu@gwu.edu', '135-3261-1999', '---', 110000, '---', 0, 0, '2019-01-01 00:00:00', 1, 0, '1970-01-01');
INSERT INTO youthchina.SYS_USER (USER_ID, USER_PASS, USER_REGIST_TIME, USER_FIRST_NAME, USER_LAST_NAME, USER_GENDER, USER_NATION, USER_MAIL, USER_PHONE, USER_PHOTO, USER_LOCATION, USER_NICKNAME, USER_ON_JOB, IS_DELETE, IS_DELETE_TIME, MAIL_VERIFY, PHONE_VERIFY, USER_DATE_OF_BIRTH) VALUES (12, '$2a$10$E8En9IcX0Rau2BhhXub7suHwTyDylb3KvqQlsSqdJ8k2LLyDu1UbG', '2019-01-01 00:00:00', '夏', '锐思', 'Female', 'CHN', 'ruisixia99@gwu.edu', '2027060507', '---', 110000, '---', 0, 0, '2019-01-01 00:00:00', 1, 0, '1970-01-01');
INSERT INTO youthchina.SYS_USER_ROLE (USER_ID, ROLE_ID, STRAT_TIME, IS_DELETE, IS_DELETE_TIME)
VALUES (1, 1, '2019-01-01 00:00:00', 0, '2019-01-01 00:00:00');
INSERT INTO youthchina.SYS_USER_ROLE (USER_ID, ROLE_ID, STRAT_TIME, IS_DELETE, IS_DELETE_TIME)
VALUES (2, 2, '2019-01-01 00:00:00', 0, '2019-01-01 00:00:00');
INSERT INTO youthchina.SYS_USER_ROLE (USER_ID, ROLE_ID, STRAT_TIME, IS_DELETE, IS_DELETE_TIME)
VALUES (3, 2, '2019-01-01 00:00:00', 0, '2019-01-01 00:00:00');
INSERT INTO youthchina.SYS_USER_ROLE (USER_ID, ROLE_ID, STRAT_TIME, IS_DELETE, IS_DELETE_TIME)
VALUES (4, 2, '2019-01-01 00:00:00', 0, '2019-01-01 00:00:00');
INSERT INTO youthchina.SYS_USER_ROLE (USER_ID, ROLE_ID, STRAT_TIME, IS_DELETE, IS_DELETE_TIME)
VALUES (5, 2, '2019-01-01 00:00:00', 0, '2019-01-01 00:00:00');
INSERT INTO youthchina.SYS_USER_ROLE (USER_ID, ROLE_ID, STRAT_TIME, IS_DELETE, IS_DELETE_TIME)
VALUES (6, 2, '2019-01-01 00:00:00', 0, '2019-01-01 00:00:00');
INSERT INTO youthchina.SYS_USER_ROLE (USER_ID, ROLE_ID, STRAT_TIME, IS_DELETE, IS_DELETE_TIME)
VALUES (7, 3, '2019-01-01 00:00:00', 0, '2019-01-01 00:00:00');
INSERT INTO youthchina.SYS_USER_ROLE (USER_ID, ROLE_ID, STRAT_TIME, IS_DELETE, IS_DELETE_TIME)
VALUES (8, 3, '2019-01-01 00:00:00', 0, '2019-01-01 00:00:00');
INSERT INTO youthchina.SYS_USER_ROLE (USER_ID, ROLE_ID, STRAT_TIME, IS_DELETE, IS_DELETE_TIME)
VALUES (9, 2, '2019-04-11 16:51:07', 0, null);
INSERT INTO youthchina.SYS_USER_ROLE (USER_ID, ROLE_ID, STRAT_TIME, IS_DELETE, IS_DELETE_TIME)
VALUES (9, 4, '2019-04-11 16:51:07', 0, null);
INSERT INTO youthchina.SYS_USER_ROLE (USER_ID, ROLE_ID, STRAT_TIME, IS_DELETE, IS_DELETE_TIME)
VALUES (10, 1, '2019-01-01 00:00:00', 0, '2019-01-01 00:00:00');
INSERT INTO youthchina.SYS_USER_ROLE (USER_ID, ROLE_ID, STRAT_TIME, IS_DELETE, IS_DELETE_TIME)
VALUES (11, 1, '2019-01-01 00:00:00', 0, '2019-01-01 00:00:00');
INSERT INTO youthchina.SYS_USER_ROLE (USER_ID, ROLE_ID, STRAT_TIME, IS_DELETE, IS_DELETE_TIME)
VALUES (12, 1, '2019-01-01 00:00:00', 0, '2019-01-01 00:00:00');